method,lambda,seed,ev,mmd,ls,nls,dp,rtime
AA,,0,0.9775102779283797,1.1088626810263207,0.9933259176863182,0.9834260289210235,0.31515431667191596,0.04807720804819837
AA,,1,0.9775102779283816,1.1088626850275816,0.9896551724137931,0.9726362625139042,0.31515432107699426,0.04682649997994304
AA,,2,0.9775102779283781,1.1088626721846309,0.9933259176863182,0.9765294771968854,0.3151543137739264,0.033582417003344744
AA,,3,0.977510277928381,1.1088626795472794,0.9866518353726363,0.9558398220244717,0.31515431882319866,0.04904341697692871
AA,,4,0.9775102779283797,1.1088626680115756,1.0,0.9659621802002224,0.31515431350513434,0.04902858397690579
AA,,5,0.9775102779283811,1.1088626782438027,0.9967741935483871,0.9597330367074527,0.31515431705164426,0.04571195796597749
AA,,6,0.9775102779283813,1.1088626791120026,0.9935483870967742,0.9735261401557287,0.3151543188381718,0.049076042021624744
AA,,7,0.9775102779283805,1.1088626734847558,0.9967741935483871,0.9636262513904338,0.3151543175161843,0.04456629202468321
AA,,8,0.9775102779283812,1.1088626766541694,1.0,0.9556173526140157,0.31515431757998164,0.04184737498871982
AA,,9,0.9775102779283796,1.108862665876807,1.0,0.9558398220244717,0.31515431380284775,0.043369124992750585
AA,,10,0.9775102779283813,1.1088626822175525,0.9765294771968854,0.9664071190211345,0.31515431927038484,0.04843154101399705
AA,,11,0.9775102779283816,1.1088626770384586,0.9864293659621802,0.9622914349276975,0.31515431798608023,0.048690915980841964
AA,,12,0.97751027792838,1.1088626748838348,0.9967741935483871,0.960400444938821,0.3151543170705623,0.04594920895760879
AA,,13,0.9775102779283796,1.1088626693762844,0.9866518353726363,0.9797552836484982,0.3151543157195054,0.04416062502423301
AA,,14,0.97751027792838,1.108862677825304,0.9965517241379309,0.9622914349276975,0.31515431754125617,0.043795542034786195
AA,,15,0.9775102779283797,1.1088626805283766,0.9870967741935484,0.9769744160177976,0.3151543177133775,0.04754070896888152
AA,,16,0.9775102779283806,1.1088626791672724,0.9797552836484982,0.9829810901001114,0.31515431789644915,0.050970791024155915
AA,,17,0.9775102779283791,1.1088626840825664,0.9903225806451612,0.9666295884315905,0.3151543172924247,0.05276870902162045
AA,,18,0.9775102779283813,1.1088626762352463,0.9967741935483871,0.9664071190211345,0.31515431863318166,0.0470046250266023
AA,,19,0.9775102779283815,1.1088626841916465,0.9901001112347053,0.956729699666296,0.3151543206293597,0.04729329200927168
FairAA,0.0,0,0.9775102779283815,1.1088626740550296,0.9933259176863182,0.9802002224694105,0.3151543169294636,0.04116029100259766
FairAA,0.004999999999999999,0,0.9775070519419427,1.1067847547681384,0.9933259176863182,0.9802002224694105,0.3145467791688008,0.008672041993122548
FairAA,0.00750618940298613,0,0.9775053620621036,1.1047266618256704,0.9868743047830923,0.9802002224694105,0.31403202813056297,0.009810583957005292
FairAA,0.011268575870700261,0,0.9774460117875476,1.0973090926211468,0.9868743047830923,0.9802002224694105,0.31208673207842474,0.010341209010221064
FairAA,0.01691681295747911,0,0.9773660372636436,1.0854832346238357,0.9868743047830923,0.9737486095661847,0.3089158720699857,0.01713254099013284
FairAA,0.02539616043074563,0,0.9769079873214931,1.054803950171952,0.9834260289210235,0.9666295884315907,0.3007573362150457,0.017036167031619698
FairAA,0.038125678060359706,0,0.9751690053154524,1.0023283082928511,0.9799777530589544,0.9470522803114572,0.2862254409717055,0.02163612499134615
FairAA,0.0572357121276666,0,0.9688178205280228,0.9110976271369392,0.9631813125695217,0.9373748609566185,0.2605460335015749,0.023174915986601263
FairAA,0.0859244191690112,0,0.9459540336856301,0.7602010646617704,0.9164627363737485,0.9033370411568409,0.2150750601431876,0.0081007499829866
FairAA,0.12899299292483404,0,0.8288468481040384,0.4375462673938714,0.7855394883203559,0.8510567296996662,0.1083304562541419,0.011106708028819412
FairAA,0.19364916731037085,0,0.6953600667229476,0.27115800809320817,0.5507230255839822,0.8835372636262514,0.0320762734013608,0.02937087503960356
FairAA,0.29071346551243893,0,0.6721761739429444,0.2548388839937467,0.5229143492769743,0.889766407119021,0.022826861961346215,0.11358620802639052
FairAA,0.4364300668269688,0,0.6667169480489974,0.2614377172597494,0.4994438264738599,0.8996662958843158,0.013224103893101836,0.026547207962721586
FairAA,0.6551853485522244,0,0.65104807534403,0.3413568764048614,0.5114571746384872,0.9597330367074527,0.009139981271830973,0.047390874999109656
FairAA,0.9835890640588962,0,0.6622540629935685,0.3014469658284233,0.4828698553948832,0.9187986651835371,0.004683977598021936,0.07555095799034461
FairAA,1.4766011619063881,0,0.6572808307466729,0.30539493574016574,0.48909899888765296,0.9424916573971078,0.0021432193850684234,0.004688416025601327
FairAA,2.216729598787748,0,0.638076124090871,0.3118939384830955,0.4785317018909899,0.9558398220244715,0.0013878119983681478,0.005519458034541458
FairAA,3.3278384447412575,0,0.632842028770906,0.2954995425884013,0.47119021134593997,0.9526140155728587,0.0006815282011928964,0.0005642499891109765
FairAA,4.995877133753335,0,0.5628965085829531,0.22590408601147716,0.4995550611790879,0.9562847608453838,0.0004892301176988162,0.0005674589774571359
FairAA,7.500000000000001,0,0.9244858890268528,1.2519587721911567,0.9864293659621802,0.9898776418242491,0.34204318111622783,0.000577665981836617
FairAA,0.0,1,0.9775102779283817,1.108862681900302,0.9896551724137931,0.9726362625139042,0.3151543196144403,0.041770000010728836
FairAA,0.004999999999999999,1,0.9775070519225533,1.1067847393408012,0.9896551724137931,0.9726362625139042,0.31454677551652943,0.009031249966938049
FairAA,0.00750618940298613,1,0.9775053620440007,1.1047266277474836,0.9896551724137931,0.9726362625139042,0.3140320220396582,0.009945791971404105
FairAA,0.011268575870700261,1,0.9774460121140895,1.0973090899618034,0.9896551724137931,0.9758620689655171,0.3120867447499125,0.013078542018774897
FairAA,0.01691681295747911,1,0.9773660377536177,1.0854829027177997,0.9827586206896551,0.9726362625139042,0.30891582276248236,0.019386458967346698
FairAA,0.02539616043074563,1,0.9769079934298254,1.0548039467471082,0.9827586206896551,0.9726362625139042,0.3007573679625986,0.01914099999703467
FairAA,0.038125678060359706,1,0.9751690079031816,1.0023283879165095,0.9689655172413794,0.9627363737486094,0.28622545840129926,0.022533832991030067
FairAA,0.0572357121276666,1,0.9688178218735355,0.9110976519353817,0.9484983314794215,0.9463848720800889,0.26054604006985915,0.02341883402550593
FairAA,0.0859244191690112,1,0.9459540369290304,0.760201083461495,0.9123470522803114,0.9162402669632925,0.21507506870034493,0.008558417030144483
FairAA,0.12899299292483404,1,0.8288468520398861,0.4375462684898843,0.7519466073414905,0.8764182424916573,0.10833046074175301,0.012496625015046448
FairAA,0.19364916731037085,1,0.6953601155936107,0.27115802066566114,0.5757508342602893,0.8833147942157954,0.0320762945590416,0.031346292002126575
FairAA,0.29071346551243893,1,0.6721761642360303,0.25483886798131034,0.5246941045606229,0.8869855394883203,0.02282686839977608,0.11959537502843887
FairAA,0.4364300668269688,1,0.6667169345818149,0.2614377107723458,0.48131256952169077,0.8902113459399332,0.013224102368862178,0.024994999985210598
FairAA,0.6551853485522244,1,0.6510480619292833,0.34135683903016456,0.39888765294771966,0.9765294771968854,0.009139972121200914,0.05069433298194781
FairAA,0.9835890640588962,1,0.6622677221057331,0.3014573093668289,0.4018909899888765,0.9293659621802002,0.004693176364660573,0.07464604097185656
FairAA,1.4766011619063881,1,0.6572863066539676,0.3053822882150745,0.3986651835372636,0.932814238042269,0.002147233551609458,0.0051694579888135195
FairAA,2.216729598787748,1,0.6380779438157813,0.3118929635277602,0.40166852057842045,0.949833147942158,0.001387969738053628,0.005541415943298489
FairAA,3.3278384447412575,1,0.6328499884985785,0.29549894707628693,0.3986651835372636,0.9526140155728587,0.0006871944729200108,0.0006120000034570694
FairAA,4.995877133753335,1,0.5629001836185533,0.2259016602683726,0.3968854282536151,0.9629588431590657,0.0004892776655685827,0.0005854170303791761
FairAA,7.500000000000001,1,0.9244969289455177,1.2519463175699528,0.9829810901001114,0.9829810901001114,0.34204320757191853,0.0005646660574711859
FairAA,0.0,2,0.9775102779283812,1.1088626746465982,0.9933259176863182,0.9765294771968854,0.3151543176680342,0.030668332998175174
FairAA,0.004999999999999999,2,0.9775070519208455,1.1067847374479372,0.9933259176863182,0.9765294771968854,0.3145467749202684,0.00869666604558006
FairAA,0.00750618940298613,2,0.9775053620309165,1.1047266110577376,0.9933259176863182,0.9765294771968854,0.31403201806666836,0.010323166963644326
FairAA,0.011268575870700261,2,0.977446012328793,1.0973090853459864,0.9933259176863182,0.9765294771968854,0.31208675205719977,0.00995512498775497
FairAA,0.01691681295747911,2,0.9773660385317404,1.0854824366614255,0.9901001112347053,0.9700778642936598,0.30891575440194363,0.017976082977838814
FairAA,0.02539616043074563,2,0.9769080025366886,1.054803959283176,0.9901001112347053,0.9733036707452726,0.3007574271332593,0.015994500019587576
FairAA,0.038125678060359706,2,0.975169011919069,1.0023284894575926,0.9730812013348163,0.9636262513904338,0.28622548700409917,0.024159541993867606
FairAA,0.0572357121276666,2,0.9688178247394613,0.9110976994989191,0.9530589543937709,0.9636262513904338,0.26054605312799484,0.02897591597866267
FairAA,0.0859244191690112,2,0.9459540386876925,0.7602010912003101,0.9265850945494994,0.9334816462736374,0.21507507446563617,0.007853499962948263
FairAA,0.12899299292483404,2,0.8288468561025694,0.43754627217171577,0.8126807563959956,0.8516129032258064,0.10833046552112423,0.010968333983328193
FairAA,0.19364916731037085,2,0.6953601191361674,0.2711580209217392,0.5578420467185763,0.8481646273637373,0.03207629706645967,0.02988774998812005
FairAA,0.29071346551243893,2,0.6721761757635023,0.2548389364483593,0.5259176863181313,0.8414905450500557,0.022826854466072535,0.12219308398198336
FairAA,0.4364300668269688,2,0.6667169368239401,0.2614377373577979,0.4654060066740823,0.8578420467185761,0.01322408489213961,0.027407208981458098
FairAA,0.6551853485522244,2,0.6510481066928211,0.34135686668777643,0.45094549499443826,0.921357063403782,0.009139984721056517,0.044980250007938594
FairAA,0.9835890640588962,2,0.662344232389301,0.3005935545957631,0.4161290322580645,0.8845383759733038,0.00476821185102122,0.06877008400624618
FairAA,1.4766011619063881,2,0.6572229823821362,0.3044025550999504,0.4060066740823137,0.8882091212458288,0.002171750145895754,0.004940959042869508
FairAA,2.216729598787748,2,0.6340412669298835,0.30924635385871774,0.3952169076751947,0.9116796440489432,0.001333705200795253,0.0057316250167787075
FairAA,3.3278384447412575,2,0.6329490822146915,0.2946385358313951,0.3919911012235818,0.9054505005561735,0.0005177055627712396,0.0005630839732475579
FairAA,4.995877133753335,2,0.5571547508650152,0.22062572147252796,0.39065628476084535,0.9056729699666295,0.00047651580829001505,0.0005855409544892609
FairAA,7.500000000000001,2,0.9270289197983566,1.2419886195485736,0.9834260289210235,0.9866518353726363,0.339087697510872,0.0005927500315010548
FairAA,0.0,3,0.9775102779283811,1.1088626769396135,0.9866518353726363,0.9558398220244717,0.3151543182805371,0.04428195802029222
FairAA,0.004999999999999999,3,0.9775070519181746,1.1067847327579026,0.9832035595105673,0.9558398220244715,0.31454677387980834,0.008983834006357938
FairAA,0.00750618940298613,3,0.9775053620428292,1.1047266647012546,0.9832035595105673,0.9558398220244715,0.3140320251758525,0.009473250014707446
FairAA,0.011268575870700261,3,0.9774460118164782,1.0973090851294316,0.9832035595105673,0.9592880978865406,0.31208673483093197,0.010470749984961003
FairAA,0.01691681295747911,3,0.9773660370554031,1.0854834039339,0.9832035595105673,0.9523915461624026,0.3089158993146661,0.016671583987772465
FairAA,0.02539616043074563,3,0.9769079831892018,1.0548039289882178,0.9832035595105673,0.9523915461624026,0.3007573076675935,0.01792229199782014
FairAA,0.038125678060359706,3,0.9751690035873442,1.002328260737421,0.9659621802002224,0.9454949944382648,0.2862254287047055,0.021530458994675428
FairAA,0.0572357121276666,3,0.9688178196844841,0.9110976041315795,0.9491657397107897,0.9293659621802004,0.2605460290481305,0.023093624971807003
FairAA,0.0859244191690112,3,0.9459540320945882,0.7602010564164395,0.8992213570634039,0.9123470522803114,0.21507505548287256,0.007957874971907586
FairAA,0.12899299292483404,3,0.8288468455623431,0.4375462648850849,0.7724137931034483,0.8681868743047829,0.1083304531681902,0.011200874985661358
FairAA,0.19364916731037085,3,0.6953600505593303,0.27115800689422687,0.539599555061179,0.8660734149054505,0.03207626616709758,0.03016337496228516
FairAA,0.29071346551243893,3,0.6721761930379555,0.25483872660528795,0.4977753058954394,0.8658509454949943,0.022826888847688062,0.09926354204071686
FairAA,0.4364300668269688,3,0.6667167468778916,0.26143786691860754,0.48954393770856514,0.8692992213570634,0.01322405605239877,0.0189561250153929
FairAA,0.6551853485522244,3,0.6510479625822504,0.341356833314555,0.43248053392658503,0.9427141268075638,0.009139934777762246,0.046293667051941156
FairAA,0.9835890640588962,3,0.6622722693026742,0.3014143209449787,0.41268075639599566,0.8985539488320355,0.004696336681563773,0.07530908397166058
FairAA,1.4766011619063881,3,0.657493853774712,0.3046273370335892,0.4124582869855395,0.928698553948832,0.0021911254350061235,0.005371666979044676
FairAA,2.216729598787748,3,0.6381178157832675,0.31183712475309794,0.4018909899888765,0.9388209121245827,0.001401662782655598,0.004806332988664508
FairAA,3.3278384447412575,3,0.6328508473994758,0.29548364301611585,0.39499443826473857,0.932146829810901,0.0006678368624927697,0.0005840840167365968
FairAA,4.995877133753335,3,0.5630068751821311,0.22595524403891254,0.39432703003337044,0.938820912124583,0.0004914543836166199,0.0005638750153593719
FairAA,7.500000000000001,3,0.9245721490168188,1.2515670608521714,0.9901001112347053,0.9597330367074528,0.34193337641598914,0.0005609170184470713
FairAA,0.0,4,0.9775102779283813,1.108862671954694,1.0,0.9659621802002224,0.3151543160382932,0.044158666976727545
FairAA,0.004999999999999999,4,0.9775070519350868,1.1067847468606655,1.0,0.9659621802002224,0.314546777077519,0.00903216702863574
FairAA,0.00750618940298613,4,0.9775053620458743,1.1047266360949153,1.0,0.9659621802002224,0.31403202290934756,0.009920709009747952
FairAA,0.011268575870700261,4,0.9774460120691185,1.0973090879581593,0.9965517241379309,0.9659621802002224,0.3120867410949272,0.010818707989528775
FairAA,0.01691681295747911,4,0.977366038407733,1.0854825701131365,0.9829810901001113,0.9659621802002224,0.308915774049918,0.018413332989439368
FairAA,0.02539616043074563,4,0.9769079992029183,1.054803951972687,0.9829810901001113,0.9595105672969968,0.3007574016567098,0.018213208997622132
FairAA,0.038125678060359706,4,0.9751690106304775,1.0023284627796127,0.9661846496106786,0.9427141268075638,0.2862254775710283,0.02046562498435378
FairAA,0.0572357121276666,4,0.96881782324733,0.9110976793357237,0.9528364849833147,0.9199110122358174,0.260546046748061,0.02310012496309355
FairAA,0.0859244191690112,4,0.9459540391236279,0.76020109459409,0.9164627363737485,0.9065628476084537,0.21507507498361067,0.008757792005781084
FairAA,0.12899299292483404,4,0.8288468560326062,0.4375462734390385,0.7956618464961068,0.8654060066740824,0.10833046531929008,0.010634874983225018
FairAA,0.19364916731037085,4,0.6953601272213306,0.27115801341517626,0.5225806451612903,0.8669632925472748,0.03207629993266394,0.030502500012516975
FairAA,0.29071346551243893,4,0.6721761774998992,0.25483893411835506,0.47497219132369295,0.8921023359288098,0.022826855259480645,0.12297399999806657
FairAA,0.4364300668269688,4,0.6667169179776292,0.26143774623550653,0.4301446051167964,0.8860956618464961,0.013224076405816146,0.026108666963409632
FairAA,0.6551853485522244,4,0.6510481010002562,0.3413568016524993,0.44304783092324806,0.9565072302558398,0.00913998005604734,0.04790725000202656
FairAA,0.9835890640588962,4,0.6622707915453505,0.30141317458674854,0.4419354838709678,0.9123470522803114,0.004694999809477671,0.07532262499444187
FairAA,1.4766011619063881,4,0.6574925717998013,0.30461806152055454,0.42791991101223587,0.9233592880978867,0.0021895666483096807,0.004414083028677851
FairAA,2.216729598787748,4,0.6381003401214312,0.311873090703368,0.4180200222469411,0.9328142380422693,0.0013956409325669994,0.005283582955598831
FairAA,3.3278384447412575,4,0.6328508608331342,0.29548821020944327,0.39454949944382645,0.9397107897664071,0.0006767664499447296,0.0006240839720703661
FairAA,4.995877133753335,4,0.5629761506161526,0.22594192147993836,0.39644048943270305,0.9558398220244715,0.0004906248976042152,0.0005987919867038727
FairAA,7.500000000000001,4,0.9245393156847488,1.2516952677721798,0.9965517241379309,0.9829810901001114,0.3419829445117917,0.00058787502348423
FairAA,0.0,5,0.9775102779283815,1.1088626773017483,0.9967741935483871,0.9631813125695217,0.315154317903817,0.04238379100570455
FairAA,0.004999999999999999,5,0.977507051920995,1.1067847371845372,0.9967741935483871,0.9631813125695217,0.3145467748718518,0.00882975000422448
FairAA,0.00750618940298613,5,0.977505362035664,1.1047266053287297,0.9967741935483871,0.9631813125695217,0.3140320184907165,0.009754875034559518
FairAA,0.011268575870700261,5,0.9774460124080603,1.097309087446409,0.9967741935483871,0.9631813125695217,0.31208675450297624,0.009708333993330598
FairAA,0.01691681295747911,5,0.9773660386699612,1.085482317510756,0.9967741935483871,0.9631813125695217,0.3089157357809461,0.01808916701702401
FairAA,0.02539616043074563,5,0.9769080050043055,1.0548039622743222,0.9829810901001114,0.9631813125695217,0.30075743637037455,0.018060083966702223
FairAA,0.038125678060359706,5,0.975169012808341,1.0023285282378562,0.9661846496106785,0.9567296996662957,0.2862254923330239,0.021636667021084577
FairAA,0.0572357121276666,5,0.9688178245208778,0.9110977051290577,0.9422691879866518,0.9433815350389322,0.2605460530268832,0.023227291996590793
FairAA,0.0859244191690112,5,0.9459540436267159,0.760201129759547,0.8962180200222469,0.9031145717463849,0.21507508496613822,0.007536749995779246
FairAA,0.12899299292483404,5,0.8288468597745928,0.43754627448973626,0.7597330367074528,0.8559510567296996,0.10833046918067771,0.011251333984546363
FairAA,0.19364916731037085,5,0.6953601674699115,0.27115802247703374,0.5654060066740824,0.8665183537263627,0.032076317204087906,0.029772749985568225
FairAA,0.29071346551243893,5,0.6721761895590073,0.2548388986145057,0.5169076751946607,0.8962180200222468,0.022826861959674878,0.1152767920284532
FairAA,0.4364300668269688,5,0.6667168674514864,0.2614377666808067,0.503448275862069,0.8918798665183537,0.013224050005351713,0.025002457958180457
FairAA,0.6551853485522244,5,0.6510481081815651,0.3413567985793048,0.4793103448275862,0.9491657397107899,0.009139977589153025,0.04729962500277907
FairAA,0.9835890640588962,5,0.6623366135119162,0.3008882479315373,0.4913236929922136,0.9427141268075641,0.004760256489170861,0.07090579200303182
FairAA,1.4766011619063881,5,0.6573036170380016,0.3043136908854376,0.4906562847608454,0.9493882091212458,0.0021809515511074726,0.005524749984033406
FairAA,2.216729598787748,5,0.6351411338469934,0.3097645325518384,0.4899888765294772,0.9726362625139042,0.0013430319687948791,0.0049377919640392065
FairAA,3.3278384447412575,5,0.6198378218951288,0.2849422370144908,0.4833147942157954,0.9694104560622915,0.0007136453033764201,0.0005789579590782523
FairAA,4.995877133753335,5,0.5602926925883132,0.2229239363853826,0.49621802002224696,0.9461624026696329,0.0005013313352159599,0.0006177910254336894
FairAA,7.500000000000001,5,0.9265855747037205,1.2431136937705225,0.9866518353726363,0.9760845383759733,0.3394457449013626,0.0005914170178584754
FairAA,0.0,6,0.9775102779283822,1.1088626784116953,0.9935483870967742,0.9767519466073414,0.3151543197028156,0.04481041705003008
FairAA,0.004999999999999999,6,0.9775070519204737,1.106784733084058,0.9935483870967742,0.9767519466073414,0.3145467740013511,0.009483999980147928
FairAA,0.00750618940298613,6,0.9775053620446698,1.1047266586232038,0.9935483870967742,0.9767519466073414,0.3140320247303024,0.009408749989233911
FairAA,0.011268575870700261,6,0.977446011796484,1.0973090883534287,0.9935483870967742,0.9799777530589544,0.3120867338131851,0.009536041994579136
FairAA,0.01691681295747911,6,0.9773660369117549,1.0854834734384187,0.9870967741935484,0.9765294771968854,0.3089159093110876,0.016508666041772813
FairAA,0.02539616043074563,6,0.9769079818685528,1.0548039291481548,0.9769744160177976,0.9698553948832036,0.30075730210067186,0.017091749992687255
FairAA,0.038125678060359706,6,0.9751690031029701,1.0023282427261697,0.9631813125695217,0.9599555061179089,0.28622542562876047,0.022079833026509732
FairAA,0.0572357121276666,6,0.9688178192118428,0.9110975995958841,0.9399332591768632,0.9364849833147944,0.2605460271107921,0.02435654099099338
FairAA,0.0859244191690112,6,0.9459540308797303,0.760201045861016,0.896440489432703,0.8962180200222469,0.21507505313084407,0.008273958985228091
FairAA,0.12899299292483404,6,0.8288468440136186,0.4375462630979285,0.7553948832035595,0.8684093437152394,0.1083304518744988,0.01063949998933822
FairAA,0.19364916731037085,6,0.695360032936608,0.2711579989872173,0.5692992213570636,0.8959955506117907,0.032076258582547194,0.030883750005159527
FairAA,0.29071346551243893,6,0.6721761665116157,0.25483889334358195,0.5449388209121246,0.8921023359288098,0.022826859790085245,0.11571145802736282
FairAA,0.4364300668269688,6,0.6667169776552663,0.2614377022833508,0.4803114571746384,0.9086763070077865,0.013224122669169003,0.026675958011765033
FairAA,0.6551853485522244,6,0.6510480587828094,0.3413568895504754,0.46885428253615136,0.9484983314794215,0.009139977305393635,0.047046000021509826
FairAA,0.9835890640588962,6,0.6622721232012274,0.30141131979320845,0.4654060066740823,0.9080088987764181,0.004695806573497684,0.07511154102394357
FairAA,1.4766011619063881,6,0.6574439885537737,0.3046704564167009,0.46151279199110123,0.9321468298109009,0.002154787243584609,0.005486374953761697
FairAA,2.216729598787748,6,0.6380933220468398,0.31188195646311523,0.4580645161290322,0.938820912124583,0.001393479128298722,0.005277167016174644
FairAA,3.3278384447412575,6,0.6328473367519427,0.29549395293055347,0.4511679644048943,0.9420467185761957,0.0006773657201772712,0.000529874989297241
FairAA,4.995877133753335,6,0.5629641299120767,0.22594058354228708,0.46040044493882093,0.939265850945495,0.000490328393535272,0.0005560419522225857
FairAA,7.500000000000001,6,0.9245214283883545,1.2517569295023427,0.9967741935483871,0.9829810901001113,0.3419985581306846,0.0005610419902950525
FairAA,0.0,7,0.9775102779283816,1.108862674606183,0.9967741935483871,0.9668520578420466,0.3151543166529132,0.042046416958328336
FairAA,0.004999999999999999,7,0.9775070519247546,1.106784739869001,0.9967741935483871,0.9700778642936598,0.31454677537257436,0.009015041985549033
FairAA,0.00750618940298613,7,0.977505362038886,1.1047266126814166,0.9967741935483871,0.9700778642936598,0.31403201989492197,0.009329124994110316
FairAA,0.011268575870700261,7,0.9774460122680966,1.097309086081946,0.9967741935483871,0.9733036707452726,0.3120867483763739,0.011372082983143628
FairAA,0.01691681295747911,7,0.9773660390585912,1.085482182946413,0.9967741935483871,0.9698553948832036,0.3089157202485557,0.016392374993301928
FairAA,0.02539616043074563,7,0.9769080078979058,1.054803976880236,0.9870967741935484,0.9664071190211345,0.3007574571544639,0.018177042016759515
FairAA,0.038125678060359706,7,0.9751690147462968,1.0023285589361797,0.9670745272525029,0.946607341490545,0.286225507732195,0.018945000017993152
FairAA,0.0572357121276666,7,0.9688178248747452,0.9110977199705036,0.9369299221357063,0.9403781979977754,0.26054605494426303,0.023578999971505255
FairAA,0.0859244191690112,7,0.94595404160036,0.7602011085141346,0.9001112347052279,0.9072302558398219,0.215075081701812,0.007994582992978394
FairAA,0.12899299292483404,7,0.8288468594092291,0.4375462781287238,0.8023359288097887,0.879199110122358,0.10833046936106619,0.011167832999490201
FairAA,0.19364916731037085,7,0.6953601680577216,0.2711580384381696,0.5714126807563961,0.8624026696329254,0.032076318272845475,0.029871499980799854
FairAA,0.29071346551243893,7,0.6721761801941573,0.25483894419687386,0.5194660734149055,0.8596218020022246,0.022826854588889632,0.13186529197264463
FairAA,0.4364300668269688,7,0.6667169232801193,0.2614377479199412,0.4447163515016685,0.8755283648498331,0.01322407352866118,0.02936429198598489
FairAA,0.6551853485522244,7,0.6510481290980605,0.34135684294165375,0.44682981090100105,0.939043381535039,0.009139989399024634,0.04494662495562807
FairAA,0.9835890640588962,7,0.662351017892598,0.300573976356086,0.4687430478309233,0.9254727474972192,0.0047740269253241305,0.06861479202052578
FairAA,1.4766011619063881,7,0.6573843788186122,0.3036269232422286,0.48854282536151283,0.9254727474972192,0.002189415090088298,0.00538441602839157
FairAA,2.216729598787748,7,0.6340784516251672,0.30923766583512685,0.48186874304783095,0.9558398220244717,0.0013360331523835645,0.0048180000158026814
FairAA,3.3278384447412575,7,0.6361755034147332,0.29682385007174017,0.4880978865406007,0.9457174638487208,0.0006966855996502694,0.0005922080017626286
FairAA,4.995877133753335,7,0.5572423460690396,0.22065766214725524,0.45272525027808685,0.9364849833147944,0.00048033178160678675,0.0006090409588068724
FairAA,7.500000000000001,7,0.927169411105124,1.2417272355693307,0.9866518353726363,0.9896551724137931,0.33898818693335303,0.000820583023596555
FairAA,0.0,8,0.977510277928382,1.1088626845677645,1.0,0.9487208008898775,0.3151543202162451,0.03742466703988612
FairAA,0.004999999999999999,8,0.9775070519265153,1.106784740051559,1.0,0.9521690767519466,0.31454677566478234,0.008951916999649256
FairAA,0.00750618940298613,8,0.9775053620470813,1.1047266433700877,1.0,0.9521690767519466,0.31403202391422397,0.009571500006131828
FairAA,0.011268575870700261,8,0.9774460119616624,1.097309089967049,0.993103448275862,0.9521690767519466,0.3120867394176085,0.009607249987311661
FairAA,0.01691681295747911,8,0.9773660372596029,1.0854831981813122,0.993103448275862,0.9452725250278087,0.30891586930939297,0.01606291701318696
FairAA,0.02539616043074563,8,0.9769079889980284,1.0548039612490876,0.9862068965517242,0.9487208008898775,0.30075735244907453,0.015867375012021512
FairAA,0.038125678060359706,8,0.9751690059546487,1.0023283133677163,0.9551724137931036,0.9452725250278086,0.28622544617387524,0.021710667002480477
FairAA,0.0572357121276666,8,0.9688178207194967,0.9110976339067428,0.9517241379310345,0.928698553948832,0.26054603459672054,0.03415245801443234
FairAA,0.0859244191690112,8,0.9459540311786969,0.7602010432376122,0.915127919911012,0.8951056729699666,0.21507505577430938,0.008515166002325714
FairAA,0.12899299292483404,8,0.8288468473553686,0.43754626786836787,0.7844271412680757,0.8315906562847608,0.10833045607531766,0.011157458007801324
FairAA,0.19364916731037085,8,0.6953600296897193,0.2711579923805444,0.5672969966629589,0.8552836484983315,0.032076257966214154,0.028941208962351084
FairAA,0.29071346551243893,8,0.6721761660501968,0.2548389103890433,0.5185761957730811,0.8624026696329254,0.022826856912444543,0.12700899998890236
FairAA,0.4364300668269688,8,0.6667169821437191,0.2614377110432718,0.4472747497219133,0.871635150166852,0.013224120133495137,0.026792583987116814
FairAA,0.6551853485522244,8,0.6510480703339313,0.3413568741287588,0.4369299221357063,0.9491657397107897,0.009139981116586544,0.04856750002363697
FairAA,0.9835890640588962,8,0.6622675730273266,0.30145050141779434,0.44015572858731933,0.9114571746384872,0.0046948600419702,0.07581204199232161
FairAA,1.4766011619063881,8,0.6572848708480573,0.3053620585757677,0.4461624026696329,0.9112347052280312,0.0021513543773454408,0.004561249981634319
FairAA,2.216729598787748,8,0.6381489027683771,0.31181346175605407,0.4461624026696329,0.917908787541713,0.0014106803842192095,0.005266290972940624
FairAA,3.3278384447412575,8,0.6312299330071551,0.29458573314484865,0.46251390433815354,0.9351501668520579,0.0005514333623192966,0.0006000000284984708
FairAA,4.995877133753335,8,0.5625666544494041,0.2256361952432952,0.4351501668520578,0.9256952169076753,0.0004891142272032897,0.0005802920204587281
FairAA,7.500000000000001,8,0.924648295983065,1.2512767335645705,0.9935483870967742,0.9659621802002224,0.3418236727823729,0.0005869999877177179
FairAA,0.0,9,0.9775102779283813,1.1088626767228065,1.0,0.9558398220244717,0.3151543182781746,0.038345125038176775
FairAA,0.004999999999999999,9,0.9775070519186809,1.1067847358498621,1.0,0.9558398220244717,0.3145467745950382,0.008677041972987354
FairAA,0.00750618940298613,9,0.9775053620243277,1.1047266119811536,1.0,0.9558398220244717,0.31403201685762616,0.010319208959117532
FairAA,0.011268575870700261,9,0.9774460122944435,1.0973090867407054,1.0,0.9558398220244717,0.3120867501454654,0.0103228340158239
FairAA,0.01691681295747911,9,0.9773660386094989,1.085482398798002,0.9935483870967742,0.9526140155728587,0.3089157515927936,0.016357666987460107
FairAA,0.02539616043074563,9,0.9769080040042484,1.054803974217824,0.9832035595105673,0.9558398220244717,0.30075743456052073,0.018229791952762753
FairAA,0.038125678060359706,9,0.9751690131781214,1.0023285132807522,0.9627363737486094,0.9394883203559509,0.28622549695116517,0.018704499991144985
FairAA,0.0572357121276666,9,0.9688178242256802,0.9110977022973377,0.9422691879866519,0.9226918798665183,0.26054605142619414,0.023203291988465935
FairAA,0.0859244191690112,9,0.9459540381451953,0.7602010857929413,0.8987764182424917,0.8921023359288096,0.2150750736485992,0.008315999992191792
FairAA,0.12899299292483404,9,0.828846856020852,0.43754627486509967,0.782091212458287,0.8548387096774193,0.10833046575680505,0.011519624968059361
FairAA,0.19364916731037085,9,0.6953601113769163,0.2711580185326285,0.5591768631813127,0.8552836484983315,0.032076293913124436,0.029338959022425115
FairAA,0.29071346551243893,9,0.6721761697524324,0.25483889343079513,0.5113459399332593,0.8624026696329257,0.02282686337140391,0.11264954099897295
FairAA,0.4364300668269688,9,0.6667169304741367,0.2614377183941758,0.43748609566184654,0.8759733036707452,0.013224087874581708,0.027579667046666145
FairAA,0.6551853485522244,9,0.6510480888240193,0.34135685050576886,0.4378197997775306,0.9530589543937709,0.0091399778618712,0.0472307910094969
FairAA,0.9835890640588962,9,0.6622581791216797,0.30153209421754423,0.3816462736373748,0.9248053392658508,0.004685912939114613,0.07543737499509007
FairAA,1.4766011619063881,9,0.6573737632371632,0.30516292346533075,0.38053392658509455,0.9187986651835371,0.0021693368032458527,0.005227665998972952
FairAA,2.216729598787748,9,0.6380062970563705,0.31194050451801103,0.3768631813125695,0.9360400444938822,0.001363935737450736,0.005159875028766692
FairAA,3.3278384447412575,9,0.6236145736469105,0.2887468015947227,0.38331479421579534,0.9461624026696329,0.0007987735796878281,0.0005852080066688359
FairAA,4.995877133753335,9,0.5627769703466513,0.22588904709095498,0.39621802002224693,0.9457174638487208,0.00048566636653755296,0.0005926250014454126
FairAA,7.500000000000001,9,0.9243697663791811,1.2526573306857347,0.9866518353726363,0.9691879866518354,0.3422483828329096,0.0006211250438354909
FairAA,0.0,10,0.9775102779283817,1.108862679531395,0.9765294771968854,0.9629588431590657,0.3151543192679053,0.04417300003115088
FairAA,0.004999999999999999,10,0.9775070519134202,1.1067847325298903,0.9765294771968854,0.9629588431590657,0.31454677387782215,0.009339583979453892
FairAA,0.00750618940298613,10,0.9775053620357865,1.104726615617654,0.9765294771968854,0.9629588431590657,0.31403201970372374,0.009658083028625697
FairAA,0.011268575870700261,10,0.9774460122408873,1.097309085478852,0.9765294771968854,0.9629588431590657,0.31208674950146276,0.009745958959683776
FairAA,0.01691681295747911,10,0.9773660383526935,1.0854826024088517,0.9765294771968854,0.9597330367074527,0.30891578105826145,0.017005708010401577
FairAA,0.02539616043074563,10,0.9769079986153549,1.0548039463693961,0.9765294771968854,0.9631813125695217,0.30075740322066297,0.015953750000335276
FairAA,0.038125678060359706,10,0.9751690105080916,1.0023284382823603,0.9730812013348163,0.9530589543937709,0.28622547772532175,0.020796458993572742
FairAA,0.0572357121276666,10,0.9688178230617633,0.9110976878111513,0.9528364849833147,0.946607341490545,0.2605460464434738,0.024222916981671005
FairAA,0.0859244191690112,10,0.9459540379695561,0.7602010833423596,0.9093437152391546,0.9194660734149055,0.2150750729329577,0.008053417026530951
FairAA,0.12899299292483404,10,0.828846855377058,0.4375462747684538,0.8096774193548388,0.8598442714126808,0.10833046506010177,0.011342709010932595
FairAA,0.19364916731037085,10,0.6953601334139303,0.27115802682616647,0.5731924360400444,0.8492769744160178,0.03207630302660204,0.030326874984893948
FairAA,0.29071346551243893,10,0.6721761928008314,0.2548388458084284,0.5341490545050055,0.8725250278086761,0.02282687037246249,0.1073355830158107
FairAA,0.4364300668269688,10,0.6667167755676404,0.26143790480356127,0.46117908787541706,0.8757508342602893,0.013224051071292292,0.01907612499780953
FairAA,0.6551853485522244,10,0.6510480317537484,0.34135683922162113,0.43292547274749726,0.9454949944382648,0.009139954678616155,0.04502691701054573
FairAA,0.9835890640588962,10,0.6622673481353862,0.3014073412800986,0.4171301446051167,0.9052280311457175,0.004695051108329469,0.0757081670453772
FairAA,1.4766011619063881,10,0.6572796165261768,0.30536775570660757,0.42614015572858727,0.9190211345939933,0.0021476694282093547,0.005382500006817281
FairAA,2.216729598787748,10,0.6381529476898185,0.31180628666009386,0.46640711902113463,0.9323692992213571,0.001412134475490212,0.00590445805573836
FairAA,3.3278384447412575,10,0.631226212617489,0.29458234265935934,0.4696329254727475,0.9325917686318131,0.000545933658883814,0.0006065419875085354
FairAA,4.995877133753335,10,0.5625757314999543,0.2256361919834719,0.4777530589543938,0.9190211345939933,0.0004894166435414418,0.0006092499825172126
FairAA,7.500000000000001,10,0.9246528047989134,1.251192299696456,0.9767519466073417,0.9799777530589544,0.3418042903181031,0.0006077919970266521
FairAA,0.0,11,0.9775102779283821,1.1088626814761593,0.9864293659621802,0.9622914349276975,0.3151543191957173,0.04508100001839921
FairAA,0.004999999999999999,11,0.9775070519228161,1.1067847397214383,0.9864293659621802,0.9622914349276975,0.31454677554280625,0.00893608300248161
FairAA,0.00750618940298613,11,0.9775053620398574,1.1047266337099853,0.9864293659621802,0.9622914349276975,0.3140320217773469,0.011778415995649993
FairAA,0.011268575870700261,11,0.977446012017588,1.0973090907208938,0.9829810901001114,0.9655172413793103,0.31208674067531317,0.010435958974994719
FairAA,0.01691681295747911,11,0.9773660379894757,1.0854828228936557,0.9795328142380424,0.9590656284760846,0.30891581099915605,0.018447332957293838
FairAA,0.02539616043074563,11,0.9769079944670838,1.0548039456394402,0.9760845383759733,0.9523915461624026,0.30075737287467,0.019875208963640034
FairAA,0.038125678060359706,11,0.975169008650803,1.002328406823287,0.9691879866518353,0.9489432703003337,0.2862254639027405,0.0215523749939166
FairAA,0.0572357121276666,11,0.9688178219919793,0.9110976544941198,0.9418242491657397,0.9360400444938822,0.260546040676098,0.024524541979189962
FairAA,0.0859244191690112,11,0.9459540388890836,0.7602010980564159,0.9052280311457175,0.9015572858731924,0.21507507262667105,0.008433124981820583
FairAA,0.12899299292483404,11,0.8288468535623604,0.43754627125193074,0.7708565072302558,0.8672969966629589,0.10833046208017955,0.0120536659960635
FairAA,0.19364916731037085,11,0.6953600927307567,0.2711580019177367,0.5631813125695218,0.8626251390433815,0.032076284815091345,0.03099487500730902
FairAA,0.29071346551243893,11,0.6721761733149874,0.25483892149226334,0.5047830923248053,0.8568409343715239,0.022826856662845348,0.12408962502377108
FairAA,0.4364300668269688,11,0.6667169289596209,0.2614377358503193,0.496551724137931,0.8796440489432703,0.013224085829507903,0.02620595903135836
FairAA,0.6551853485522244,11,0.651048091399321,0.3413568340873433,0.4659621802002225,0.9397107897664071,0.009139982313758142,0.050439916958566755
FairAA,0.9835890640588962,11,0.6622602615053533,0.3014682999792378,0.446384872080089,0.9121245828698555,0.004688820156073824,0.07625262503279373
FairAA,1.4766011619063881,11,0.6574392030848939,0.30467605657591323,0.4530589543937708,0.9226918798665181,0.0021512504523229503,0.005453291989397258
FairAA,2.216729598787748,11,0.6381065435479616,0.31186412984986633,0.4657397107897664,0.9268075639599556,0.0013978593021632194,0.005390667007304728
FairAA,3.3278384447412575,11,0.6328512798919672,0.2954879795573713,0.4657397107897664,0.9424916573971078,0.000674112118357939,0.0005848750006407499
FairAA,4.995877133753335,11,0.5629864651569345,0.22594448292234903,0.46551724137931033,0.9627363737486097,0.0004909068777243994,0.0005883750272914767
FairAA,7.500000000000001,11,0.9245497396327629,1.251654453452166,0.9864293659621802,0.9760845383759733,0.3419657976057623,0.0005708340322598815
FairAA,0.0,12,0.9775102779283812,1.1088626775866153,0.9967741935483871,0.960400444938821,0.3151543172484481,0.04252870799973607
FairAA,0.004999999999999999,12,0.9775070519641526,1.1067847766369252,0.9967741935483871,0.9636262513904338,0.31454678465110153,0.007566915999632329
FairAA,0.00750618940298613,12,0.9775053621014151,1.1047267036197366,0.9933259176863182,0.9636262513904338,0.31403203912377253,0.009391333966050297
FairAA,0.011268575870700261,12,0.9774460114896343,1.0973090964058096,0.9866518353726363,0.9636262513904338,0.31208672291603595,0.009765208000317216
FairAA,0.01691681295747911,12,0.9773660355998602,1.0854841741327526,0.9802002224694105,0.956952169076752,0.3089160103835886,0.01678316597826779
FairAA,0.02539616043074563,12,0.9769079693186307,1.0548039267705163,0.9767519466073414,0.946829810901001,0.3007572337008293,0.015727791003882885
FairAA,0.038125678060359706,12,0.975168997715904,1.0023280798463954,0.9631813125695216,0.9433815350389321,0.28622538901015093,0.02164195803925395
FairAA,0.0572357121276666,12,0.9688178165186304,0.911097543388192,0.936040044493882,0.9371523915461625,0.2605460136279196,0.02379754203138873
FairAA,0.0859244191690112,12,0.9459540241359421,0.7602010055211854,0.89944382647386,0.8932146829810901,0.21507503540502226,0.007848791021388024
FairAA,0.12899299292483404,12,0.8288468351853795,0.43754625818441584,0.7694104560622914,0.846718576195773,0.10833044187289664,0.011281832994427532
FairAA,0.19364916731037085,12,0.6953599554189015,0.2711579898674855,0.6084538375973304,0.879199110122358,0.03207622482246803,0.031216166040394455
FairAA,0.29071346551243893,12,0.6721761516780914,0.2548388651461091,0.54293659621802,0.8690767519466073,0.022826863044037568,0.1146593340090476
FairAA,0.4364300668269688,12,0.6667170409954362,0.2614376639946913,0.503670745272525,0.8852057842046719,0.013224169840375263,0.026805999979842454
FairAA,0.6551853485522244,12,0.6510480201317187,0.3413569536110414,0.4939933259176863,0.9461624026696329,0.009139978394916586,0.04692254198016599
FairAA,0.9835890640588962,12,0.6622549241270341,0.3014212574282681,0.4829810901001112,0.935817575083426,0.004684683220300523,0.07584879198111594
FairAA,1.4766011619063881,12,0.6572833085480716,0.30538825359984106,0.45628476084538383,0.9397107897664071,0.002144959626632248,0.005200540996156633
FairAA,2.216729598787748,12,0.6380775690737915,0.31189278556089267,0.45628476084538383,0.9496106785317018,0.001388139242423557,0.005295042006764561
FairAA,3.3278384447412575,12,0.6328446652006126,0.2954981609279595,0.44249165739710794,0.9664071190211345,0.000682952864231097,0.0005577919655479491
FairAA,4.995877133753335,12,0.5628991715006753,0.22590303676994777,0.44827586206896547,0.9394883203559511,0.0004892863416819312,0.0005971670034341514
FairAA,7.500000000000001,12,0.9244912447299738,1.2519494654303822,0.9797552836484984,0.950055617352614,0.3420408573378559,0.0005554580129683018
FairAA,0.0,13,0.9775102779283814,1.1088626798474248,0.9866518353726363,0.9864293659621801,0.3151543184243537,0.040791083010844886
FairAA,0.004999999999999999,13,0.9775070519270852,1.1067847415140573,0.9866518353726363,0.9864293659621801,0.31454677593243474,0.008805291028693318
FairAA,0.00750618940298613,13,0.977505362035892,1.1047266294372728,0.9866518353726363,0.9864293659621801,0.3140320204763979,0.010107583948411047
FairAA,0.011268575870700261,13,0.9774460120983153,1.0973090913487362,0.9866518353726363,0.9829810901001114,0.3120867426745255,0.010570666985586286
FairAA,0.01691681295747911,13,0.9773660382857194,1.0854826251816427,0.9866518353726363,0.9795328142380424,0.30891578516501655,0.01595604099566117
FairAA,0.02539616043074563,13,0.9769079997916132,1.0548039697817404,0.9797552836484984,0.9797552836484982,0.30075741069785045,0.017399750009644777
FairAA,0.038125678060359706,13,0.9751690105156388,1.0023284445335623,0.9763070077864293,0.9664071190211347,0.2862254775138966,0.01917595899431035
FairAA,0.0572357121276666,13,0.968817823659592,0.9110977120121667,0.9625139043381534,0.9565072302558398,0.26054604958934735,0.021812541992403567
FairAA,0.0859244191690112,13,0.9459540350659595,0.7602010596061666,0.9196885428253614,0.9229143492769744,0.21507506786157077,0.007956875022500753
FairAA,0.12899299292483404,13,0.8288468550614866,0.43754627430234344,0.8191323692992214,0.9008898776418242,0.1083304652151532,0.011679375020321459
FairAA,0.19364916731037085,13,0.6953601034748864,0.27115801569374415,0.5293659621802002,0.8642936596218019,0.03207629078401771,0.028159916982986033
FairAA,0.29071346551243893,13,0.6721761766005492,0.2548389297978557,0.48131256952169077,0.8647385984427141,0.02282685608285595,0.11898841703077778
FairAA,0.4364300668269688,13,0.6667169265871065,0.26143774278849896,0.46451612903225803,0.8783092324805339,0.013224081060745733,0.026116249966435134
FairAA,0.6551853485522244,13,0.6510481123901292,0.3413568352014828,0.47030033370411567,0.9312569521690767,0.009139986612197316,0.04590516601456329
FairAA,0.9835890640588962,13,0.6622685226180803,0.30144310641259775,0.43759733036707454,0.8985539488320355,0.004693747553131809,0.0751122499932535
FairAA,1.4766011619063881,13,0.6572818448996665,0.305387883080551,0.4276974416017798,0.9119021134593993,0.0021435394827092266,0.005884792015422136
FairAA,2.216729598787748,13,0.6380707682760179,0.31189737741583323,0.4341490545050055,0.9146829810901,0.0013858080353581145,0.005428374977782369
FairAA,3.3278384447412575,13,0.6334422951178919,0.2959662681754178,0.44404894327030037,0.9353726362625139,0.0006598796090478767,0.0005568750202655792
FairAA,4.995877133753335,13,0.5628874226864228,0.22590476855335428,0.4360400444938821,0.9427141268075641,0.0004889429905636511,0.0005511660128831863
FairAA,7.500000000000001,13,0.9244801766833184,1.2519725353841396,0.9901001112347053,0.9896551724137931,0.34206138143732007,0.0005678330198861659
FairAA,0.0,14,0.9775102779283814,1.1088626761618696,0.9965517241379309,0.9590656284760846,0.31515431812936767,0.04080250003607944
FairAA,0.004999999999999999,14,0.9775070519256104,1.1067847387856076,0.9965517241379309,0.9622914349276975,0.3145467752787552,0.008924958994612098
FairAA,0.00750618940298613,14,0.9775053620410245,1.1047266574777488,0.9965517241379309,0.9622914349276975,0.3140320239919462,0.010206250008195639
FairAA,0.011268575870700261,14,0.9774460118180641,1.0973090834416916,0.9965517241379309,0.9622914349276975,0.3120867326566853,0.010524749988690019
FairAA,0.01691681295747911,14,0.9773660372194181,1.0854832389541342,0.9933259176863182,0.9655172413793103,0.30891587484928107,0.016158874961547554
FairAA,0.02539616043074563,14,0.9769079876817155,1.0548039582431736,0.9795328142380424,0.9560622914349277,0.3007573389866409,0.01811925001675263
FairAA,0.038125678060359706,14,0.9751690054608407,1.00232831118266,0.9694104560622915,0.932814238042269,0.2862254421599908,0.020257042022421956
FairAA,0.0572357121276666,14,0.9688178213270567,0.9110976272149371,0.9454949944382648,0.9192436040044493,0.2605460360910139,0.02129412500653416
FairAA,0.0859244191690112,14,0.9459540310383451,0.7602010486527064,0.9026696329254728,0.8787541713014461,0.21507505397304114,0.007740499975625426
FairAA,0.12899299292483404,14,0.828846844894322,0.4375462621969898,0.7515016685205784,0.8617352614015573,0.10833045283418108,0.010606832976918668
FairAA,0.19364916731037085,14,0.6953600207300425,0.2711579988612222,0.564293659621802,0.9022246941045605,0.03207625377169801,0.030393833993002772
FairAA,0.29071346551243893,14,0.6721761640556827,0.2548389077157983,0.5020022246941045,0.9130144605116797,0.022826856531502286,0.12086116702994332
FairAA,0.4364300668269688,14,0.666716999181219,0.2614377009570924,0.5008898776418242,0.9194660734149054,0.013224132026489352,0.025394291966222227
FairAA,0.6551853485522244,14,0.6510480745556242,0.34135690270780195,0.5230255839822024,0.9696329254727475,0.009139986899180691,0.04591795802116394
FairAA,0.9835890640588962,14,0.6622678675140412,0.3014210654727663,0.532480533926585,0.9295884315906564,0.004695347201809148,0.07477000000653788
FairAA,1.4766011619063881,14,0.6572849209323679,0.30536155537454035,0.52880978865406,0.9397107897664071,0.0021517733441116446,0.005383208976127207
FairAA,2.216729598787748,14,0.6381533928170808,0.31181007835061564,0.528587319243604,0.9659621802002224,0.0014119515946311376,0.00496962497709319
FairAA,3.3278384447412575,14,0.6312284314070673,0.294585564185218,0.5283648498331479,0.9629588431590657,0.0005472077984456925,0.0005507079767994583
FairAA,4.995877133753335,14,0.5625766987918988,0.22563430758189124,0.5104560622914349,0.9733036707452726,0.0004893949744796122,0.0005796669865958393
FairAA,7.500000000000001,14,0.9246599058309757,1.2512089905542774,0.9935483870967742,0.9625139043381535,0.34180792031746854,0.0005492919590324163
FairAA,0.0,15,0.9775102779283816,1.1088626774516197,0.9870967741935484,0.9769744160177976,0.315154318484085,0.04475208302028477
FairAA,0.004999999999999999,15,0.9775070519221055,1.106784738783397,0.9870967741935484,0.9769744160177976,0.314546775277893,0.008806625031866133
FairAA,0.00750618940298613,15,0.9775053620281798,1.104726607996928,0.9870967741935484,0.9769744160177976,0.314032017267253,0.01021258399123326
FairAA,0.011268575870700261,15,0.9774460122536244,1.0973090914614039,0.9870967741935484,0.9769744160177976,0.3120867482253794,0.010169333021622151
FairAA,0.01691681295747911,15,0.9773660391013933,1.0854821918361337,0.9870967741935484,0.9705228031145718,0.30891571952177627,0.017367540975101292
FairAA,0.02539616043074563,15,0.9769080064434206,1.0548039582700577,0.9802002224694105,0.96384872080089,0.300757445204194,0.017257041996344924
FairAA,0.038125678060359706,15,0.9751690136661101,1.0023285457707622,0.9698553948832036,0.9573971078976641,0.2862254986872471,0.020403500006068498
FairAA,0.0572357121276666,15,0.968817824808533,0.9110977087483214,0.9463848720800889,0.9311457174638488,0.26054605431699923,0.02278941695112735
FairAA,0.0859244191690112,15,0.9459540435304011,0.7602011237769929,0.8996662958843158,0.9042269187986651,0.2150750856545437,0.008129459049087018
FairAA,0.12899299292483404,15,0.8288468603262138,0.43754627534128715,0.7859844271412681,0.8704115684093436,0.10833047006916174,0.010612041980493814
FairAA,0.19364916731037085,15,0.6953601928638258,0.2711580401210352,0.567741935483871,0.8570634037819799,0.032076328407332974,0.030564832966774702
FairAA,0.29071346551243893,15,0.6721761783964272,0.2548389381386159,0.5261401557285874,0.8869855394883203,0.02282685665091378,0.11593316600192338
FairAA,0.4364300668269688,15,0.6667169133379984,0.26143774660247315,0.4686318131256952,0.8800889877641825,0.013224070429798,0.027040707995183766
FairAA,0.6551853485522244,15,0.6510481128994567,0.34135679590157747,0.5008898776418242,0.9634037819799778,0.009139981355979515,0.04915337497368455
FairAA,0.9835890640588962,15,0.6622718555588734,0.30140995786050523,0.5060066740823137,0.9005561735261403,0.004695484784265631,0.07579887501196936
FairAA,1.4766011619063881,15,0.6574434507107167,0.30466785697402965,0.5228031145717464,0.9104560622914348,0.0021546695472268174,0.005064333963673562
FairAA,2.216729598787748,15,0.6380973430374449,0.3118753897710895,0.5221357063403782,0.9438264738598443,0.0013950303903336458,0.005108583020046353
FairAA,3.3278384447412575,15,0.6328447871124743,0.2954981955876425,0.528587319243604,0.9505005561735261,0.0006732524287801425,0.0005544169689528644
FairAA,4.995877133753335,15,0.5629706454686396,0.22593961122623712,0.5012235817575084,0.946829810901001,0.0004905217152345251,0.0005506660090759397
FairAA,7.500000000000001,15,0.9245264696931454,1.2517134474676122,0.993103448275862,0.9901001112347053,0.341986307631973,0.0005374159663915634
FairAA,0.0,16,0.9775102779283817,1.108862680811241,0.9797552836484982,0.9763070077864295,0.3151543199353339,0.04647641599876806
FairAA,0.004999999999999999,16,0.977507051927027,1.106784738133143,0.9797552836484982,0.9763070077864295,0.314546775244289,0.009127291967161
FairAA,0.00750618940298613,16,0.977505362043,1.104726673355686,0.9797552836484982,0.9763070077864295,0.3140320257025916,0.009851791022811085
FairAA,0.011268575870700261,16,0.9774460117574554,1.0973090868770345,0.9797552836484982,0.9728587319243605,0.3120867322230756,0.009587207983713597
FairAA,0.01691681295747911,16,0.9773660367061942,1.0854835475135918,0.9728587319243605,0.9629588431590659,0.30891592093316267,0.01604383299127221
FairAA,0.02539616043074563,16,0.9769079822837211,1.05480395235069,0.9661846496106786,0.9728587319243605,0.30075730797201367,0.018242000020109117
FairAA,0.038125678060359706,16,0.9751690032806242,1.0023282407411522,0.9558398220244715,0.9595105672969968,0.2862254276492548,0.01933112501865253
FairAA,0.0572357121276666,16,0.9688178193140993,0.911097599683074,0.9457174638487208,0.9565072302558398,0.2605460271910533,0.02326754102250561
FairAA,0.0859244191690112,16,0.9459540287825291,0.7602010316124834,0.9224694104560622,0.9155728587319244,0.21507504829560517,0.007996583997737616
FairAA,0.12899299292483404,16,0.8288468423195691,0.43754626396456864,0.8109010011123472,0.8552836484983315,0.10833045007943856,0.010709499998483807
FairAA,0.19364916731037085,16,0.6953600076132591,0.2711579969836215,0.585761957730812,0.8684093437152391,0.0320762478753445,0.030810208001639694
FairAA,0.29071346551243893,16,0.6721761711319283,0.25483885662641764,0.560956618464961,0.8690767519466073,0.02282686506733507,0.11337120801908895
FairAA,0.4364300668269688,16,0.6667169642697401,0.2614376971704647,0.49299221357063405,0.8757508342602891,0.013224119085950573,0.026880000019446015
FairAA,0.6551853485522244,16,0.6510480582269017,0.34135690529877644,0.5127919911012236,0.9556173526140155,0.009139980358823033,0.047026999993249774
FairAA,0.9835890640588962,16,0.6622740200222487,0.30144483049957776,0.446496106785317,0.8877641824249164,0.004698968906026703,0.07534708303865045
FairAA,1.4766011619063881,16,0.6575231708642824,0.30462077347420846,0.43937708565072303,0.9116796440489432,0.002211549373950003,0.0048868750454857945
FairAA,2.216729598787748,16,0.6381317885088552,0.31181416772993636,0.4423804226918799,0.9317018909899888,0.001405647623469418,0.00503970799036324
FairAA,3.3278384447412575,16,0.6352553790922302,0.2971287816497269,0.439377085650723,0.928698553948832,0.0005849567162154526,0.0005597089766524732
FairAA,4.995877133753335,16,0.563036756884404,0.22596310709966255,0.4421579532814238,0.9484983314794218,0.000492231133432712,0.0005739170010201633
FairAA,7.500000000000001,16,0.9246082119508129,1.251466814093078,0.9832035595105673,0.9694104560622915,0.3418875298431854,0.0005658330046571791
FairAA,0.0,17,0.9775102779283823,1.1088626814726514,0.9903225806451612,0.9666295884315905,0.3151543181450531,0.04931620799470693
FairAA,0.004999999999999999,17,0.9775070519275489,1.1067847425216364,0.9903225806451612,0.9666295884315905,0.31454677602616193,0.008839583024382591
FairAA,0.00750618940298613,17,0.9775053620370034,1.1047265960014578,0.9903225806451612,0.9666295884315905,0.3140320178332296,0.009448666998650879
FairAA,0.011268575870700261,17,0.9774460123409625,1.0973090934832332,0.9903225806451612,0.9698553948832036,0.3120867511178374,0.010239041992463171
FairAA,0.01691681295747911,17,0.9773660392699535,1.0854820598694956,0.9903225806451612,0.9634037819799778,0.3089157023697646,0.016094665974378586
FairAA,0.02539616043074563,17,0.9769080103585908,1.0548039800483153,0.9870967741935484,0.9634037819799778,0.3007574728791268,0.01717029098654166
FairAA,0.038125678060359706,17,0.9751690148351942,1.0023285799344777,0.9802002224694105,0.9634037819799778,0.28622550668402374,0.020871957996860147
FairAA,0.0572357121276666,17,0.968817825429797,0.911097731587917,0.953948832035595,0.9406006674082313,0.26054605797221675,0.02326670801267028
FairAA,0.0859244191690112,17,0.9459540454390655,0.7602011327410707,0.9003337041156841,0.8977753058954393,0.21507509104604045,0.007979042013175786
FairAA,0.12899299292483404,17,0.8288468639578195,0.4375462796961586,0.7776418242491658,0.8800889877641824,0.10833047415173558,0.01150583301205188
FairAA,0.19364916731037085,17,0.6953601418058142,0.2711579961394986,0.5740823136818688,0.8559510567296996,0.0320763070121928,0.028052749985363334
FairAA,0.29071346551243893,17,0.6721761842735163,0.2548389279028711,0.5315906562847609,0.8860956618464961,0.022826857512906466,0.11831237497972324
FairAA,0.4364300668269688,17,0.6667168768260112,0.2614377642898395,0.46062291434927694,0.8989988876529477,0.013224046226815021,0.02724262501578778
FairAA,0.6551853485522244,17,0.6510480961355538,0.3413567730656972,0.47586206896551725,0.9526140155728587,0.0091399663111799,0.048496374976821244
FairAA,0.9835890640588962,17,0.6622697931047323,0.3014984600600833,0.47063403781979984,0.9328142380422693,0.004697281324949509,0.07540854200487956
FairAA,1.4766011619063881,17,0.6572683566988318,0.3054311889385728,0.4734149054505005,0.9364849833147941,0.0021552981693327353,0.005575124989263713
FairAA,2.216729598787748,17,0.6381743711002732,0.3117242428718276,0.48954393770856514,0.9463848720800889,0.001416065227833621,0.005515667027793825
FairAA,3.3278384447412575,17,0.631230413118377,0.2945490312809056,0.47919911012235816,0.9558398220244715,0.0005306977412575659,0.000577333034016192
FairAA,4.995877133753335,17,0.5626355993493397,0.22562655939979193,0.48220244716351496,0.9362625139043381,0.0004910985321083666,0.0005564169841818511
FairAA,7.500000000000001,17,0.9247130167471963,1.2509006124597077,0.9832035595105673,0.9965517241379309,0.3417050248528063,0.0005626250058412552
FairAA,0.0,18,0.977510277928382,1.108862677765204,0.9967741935483871,0.9694104560622915,0.31515431859241194,0.04326720902463421
FairAA,0.004999999999999999,18,0.9775070519151595,1.106784733665015,0.9967741935483871,0.9659621802002224,0.3145467740583945,0.008749915985390544
FairAA,0.00750618940298613,18,0.9775053620264411,1.1047266217079597,0.9967741935483871,0.9659621802002224,0.3140320183835883,0.01000508404104039
FairAA,0.011268575870700261,18,0.9774460121906885,1.097309082773716,0.9967741935483871,0.9694104560622915,0.3120867479319637,0.009590832982212305
FairAA,0.01691681295747911,18,0.9773660382952325,1.0854826592712241,0.9935483870967742,0.9659621802002224,0.3089157897416646,0.01662720798049122
FairAA,0.02539616043074563,18,0.9769079973490762,1.0548039427208686,0.9901001112347053,0.9562847608453838,0.3007573898588141,0.01898475002963096
FairAA,0.038125678060359706,18,0.9751690097121501,1.0023284372684826,0.9728587319243605,0.9562847608453838,0.28622547097332257,0.021432665991596878
FairAA,0.0572357121276666,18,0.9688178227519542,0.9110976701588114,0.9694104560622915,0.949833147942158,0.26054604445321206,0.023465791018679738
FairAA,0.0859244191690112,18,0.9459540402169294,0.7602011095968739,0.9328142380422693,0.9328142380422693,0.21507507586605196,0.007530583010520786
FairAA,0.12899299292483404,18,0.8288468553258731,0.43754627077736946,0.8285873192436041,0.8593993325917687,0.10833046402150323,0.011160916008520871
FairAA,0.19364916731037085,18,0.6953601325153391,0.27115802095754254,0.5780867630700779,0.8624026696329257,0.03207630198991817,0.030435458989813924
FairAA,0.29071346551243893,18,0.6721761751977,0.25483893602245206,0.5086763070077864,0.8895439377085651,0.02282685442224658,0.12361120799323544
FairAA,0.4364300668269688,18,0.6667169476670414,0.26143773653285224,0.4224694104560623,0.8794215795328142,0.013224091837521532,0.027611167053692043
FairAA,0.6551853485522244,18,0.6510481005287683,0.34135690244135414,0.43793103448275855,0.9452725250278086,0.009139985220824917,0.04409837501589209
FairAA,0.9835890640588962,18,0.6623501711733586,0.3006393784834422,0.4538375973303671,0.9123470522803114,0.004771630103612624,0.06951354199554771
FairAA,1.4766011619063881,18,0.6573315542723679,0.30414327376341477,0.44760845383759734,0.9190211345939933,0.0022015406055627892,0.003815417003352195
FairAA,2.216729598787748,18,0.6369124316289612,0.31021940215078714,0.4402669632925472,0.9284760845383759,0.0015066431388417872,0.005144291964825243
FairAA,3.3278384447412575,18,0.6175189005525725,0.2827883166601522,0.44327030033370407,0.938820912124583,0.0008066011786643859,0.0006021659937687218
FairAA,4.995877133753335,18,0.5570210533622484,0.22059723370383205,0.4589543937708565,0.9521690767519466,0.000470853772237427,0.0006409999914467335
FairAA,7.500000000000001,18,0.9268902233712577,1.2423081157001152,0.9933259176863182,0.9726362625139044,0.3391875351473042,0.000563542009331286
FairAA,0.0,19,0.9775102779283816,1.1088626867870444,0.9901001112347053,0.956729699666296,0.3151543199134586,0.04291370901046321
FairAA,0.004999999999999999,19,0.9775070519196233,1.106784734516205,0.9901001112347053,0.956729699666296,0.3145467741849991,0.009099707996938378
FairAA,0.00750618940298613,19,0.9775053620292422,1.1047266212801707,0.9901001112347053,0.9535038932146829,0.31403201875831543,0.009630875021684915
FairAA,0.011268575870700261,19,0.9774460121334927,1.0973090924698155,0.9901001112347053,0.956952169076752,0.31208674412056536,0.01022149994969368
FairAA,0.01691681295747911,19,0.9773660386938282,1.0854824365504518,0.9866518353726363,0.9470522803114573,0.3089157551409656,0.017401166958734393
FairAA,0.02539616043074563,19,0.9769080018020556,1.05480395308048,0.9799777530589544,0.9599555061179089,0.30075741609928897,0.01845137495547533
FairAA,0.038125678060359706,19,0.9751690117062554,1.002328494149169,0.9666295884315907,0.9470522803114572,0.2862254850124519,0.02040300000226125
FairAA,0.0572357121276666,19,0.9688178238298276,0.9110976844788775,0.9463848720800889,0.9240266963292548,0.26054604920108654,0.02281112497439608
FairAA,0.0859244191690112,19,0.9459540405837327,0.7602011090598458,0.8971078976640712,0.8971078976640712,0.21507507771855655,0.007867792039178312
FairAA,0.12899299292483404,19,0.8288468570556783,0.4375462724680037,0.7793103448275861,0.8654060066740822,0.1083304660839373,0.011401709052734077
FairAA,0.19364916731037085,19,0.6953601141598023,0.2711580054329551,0.5384872080088988,0.8490545050055616,0.03207629461510356,0.02869104198180139
FairAA,0.29071346551243893,19,0.6721761670060029,0.254838844594132,0.5111234705228032,0.8589543937708566,0.02282687441111983,0.10498320800252259
FairAA,0.4364300668269688,19,0.6667168739589637,0.26143771434538876,0.45706340378197996,0.8690767519466075,0.013224064923161687,0.025736499985214323
FairAA,0.6551853485522244,19,0.6510480710406563,0.34135680573457455,0.4585094549499444,0.9349276974416018,0.009139969086713627,0.04804366600001231
FairAA,0.9835890640588962,19,0.6622645020228313,0.3015354566799506,0.47397107897664076,0.9017797552836484,0.00469190244403319,0.07562741701258346
FairAA,1.4766011619063881,19,0.657290958469897,0.3053790697382638,0.4700778642936596,0.9185761957730811,0.0021513269752768613,0.00463300000410527
FairAA,2.216729598787748,19,0.6380865122640449,0.31188565943644675,0.4562847608453837,0.9215795328142381,0.0013905353017315478,0.004749624989926815
FairAA,3.3278384447412575,19,0.6328570175531538,0.29547970586687256,0.46295884315906566,0.9282536151279199,0.0006888726063190576,0.0005339999916031957
FairAA,4.995877133753335,19,0.5629157071471896,0.22591470641163497,0.45539488320355953,0.939043381535039,0.0004896666315049591,0.0005538749974220991
FairAA,7.500000000000001,19,0.9245176446183048,1.2518557246693347,0.9965517241379309,0.9726362625139042,0.34202238112570343,0.0005775410099886358
FairAA_3Moment,0.0,0,0.9775102779283815,1.1088626740550296,0.9933259176863182,0.9802002224694105,0.3151543169294636,0.09481391700683162
FairAA_3Moment,0.004999999999999999,0,0.91820682521873,0.6664874002866947,0.896440489432703,0.8863181312569521,0.18496362129467522,0.05470212496584281
FairAA_3Moment,0.00750618940298613,0,0.850510770751537,0.4031296254559277,0.8152391546162402,0.8161290322580645,0.12941242893340707,0.012857916008215398
FairAA_3Moment,0.011268575870700261,0,0.8426289438218623,0.4042761224424984,0.8117908787541712,0.8228031145717465,0.1256724700816935,0.016734124976210296
FairAA_3Moment,0.01691681295747911,0,0.8044781087009135,0.40220522651687024,0.7754171301446051,0.9001112347052279,0.09818396653212795,0.02944112499244511
FairAA_3Moment,0.02539616043074563,0,0.7460632669201266,0.2448819961904335,0.6909899888765295,0.7898776418242491,0.0702370548185618,0.05772904201876372
FairAA_3Moment,0.038125678060359706,0,0.6711269700719872,0.13206491164059125,0.5477196885428253,0.7595105672969968,0.031630086011675176,0.07040658302139491
FairAA_3Moment,0.0572357121276666,0,0.6563006056133558,0.14031848275437203,0.5507230255839822,0.8234705228031144,0.02925536408767966,0.0636036250507459
FairAA_3Moment,0.0859244191690112,0,0.6286793421059008,0.06328010364263115,0.4893214682981091,0.7685205784204673,0.01686097475670801,0.08768329198937863
FairAA_3Moment,0.12899299292483404,0,0.6080785431565721,0.0652561377286619,0.471412680756396,0.7298109010011125,0.012161101276377762,0.0007918340270407498
FairAA_3Moment,0.19364916731037085,0,0.5856541827682534,0.0540137921416759,0.4681868743047831,0.7058954393770857,0.0071676438476967405,0.1037881660158746
FairAA_3Moment,0.29071346551243893,0,0.5778143717615392,0.056943408767564985,0.4513904338153504,0.7491657397107898,0.005786738275533311,0.06856550002703443
FairAA_3Moment,0.4364300668269688,0,0.5679113415447452,0.0360658701472783,0.45094549499443826,0.6557285873192435,0.0025753281138506043,0.0008167909691110253
FairAA_3Moment,0.6551853485522244,0,0.5577323622298397,0.05013334531879249,0.4410456062291435,0.7381535038932148,0.0024960681342096544,0.055116458039265126
FairAA_3Moment,0.9835890640588962,0,0.5552672222214221,0.05458656949128132,0.4479421579532814,0.7751946607341491,0.001520344615957528,0.0539114999701269
FairAA_3Moment,1.4766011619063881,0,0.5531987842309607,0.03938009714585372,0.4313681868743048,0.7291434927697441,0.0008117916976640716,0.04120691696880385
FairAA_3Moment,2.216729598787748,0,0.551615747090381,0.04949071119988807,0.43481646273637375,0.7353726362625139,0.000577962597146188,0.052447458961978555
FairAA_3Moment,3.3278384447412575,0,0.5531352292623588,0.03266597336525551,0.4345939933259177,0.6447163515016685,0.0004379777592652609,0.05889408296206966
FairAA_3Moment,4.995877133753335,0,0.547050135914808,0.04728609574827991,0.43804226918798667,0.7349276974416017,0.00028064490440223716,0.0011707500088959932
FairAA_3Moment,7.500000000000001,0,0.9661822545913308,1.2379038369160782,0.9965517241379309,0.960400444938821,0.34647169189558347,0.000788334000390023
FairAA_3Moment,0.0,1,0.9775102779283817,1.108862681900302,0.9896551724137931,0.9726362625139042,0.3151543196144403,0.09689808398252353
FairAA_3Moment,0.004999999999999999,1,0.9182068255736139,0.6664874143383055,0.8957730812013349,0.8761957730812014,0.18496362312049008,0.05313124996609986
FairAA_3Moment,0.00750618940298613,1,0.8505107709854755,0.40312962753656867,0.7850945494994439,0.7922135706340379,0.1294124292375814,0.012815750029403716
FairAA_3Moment,0.011268575870700261,1,0.8426289445841899,0.40427612356299003,0.7788654060066742,0.7956618464961068,0.12567247057559094,0.018984749971423298
FairAA_3Moment,0.01691681295747911,1,0.8044781058619584,0.40220520761000794,0.7452725250278087,0.8925472747497221,0.09818396256595589,0.026095124951098114
FairAA_3Moment,0.02539616043074563,1,0.7460632669654981,0.24488199670463284,0.6877641824249165,0.7825361512791991,0.07023705484178702,0.05995662498753518
FairAA_3Moment,0.038125678060359706,1,0.6711269811542138,0.13206489133028998,0.5557285873192435,0.7406006674082313,0.03163009062776666,0.06491341697983444
FairAA_3Moment,0.0572357121276666,1,0.6563006061116199,0.14031848576526634,0.5456062291434927,0.839822024471635,0.02925536390451887,0.06096241599880159
FairAA_3Moment,0.0859244191690112,1,0.6286793440050911,0.06328010622498981,0.4676307007786429,0.7358175750834262,0.016860975239048948,0.08638616604730487
FairAA_3Moment,0.12899299292483404,1,0.608078543628435,0.06525613690272125,0.46395995550611796,0.7330367074527253,0.01216110110736831,0.0008355409954674542
FairAA_3Moment,0.19364916731037085,1,0.5856541843395096,0.054013792443623754,0.44771968854282534,0.7302558398220245,0.007167644025343513,0.09904729202389717
FairAA_3Moment,0.29071346551243893,1,0.5778143731669307,0.05694340705170031,0.4447163515016685,0.7597330367074527,0.005786738560323919,0.065476999967359
FairAA_3Moment,0.4364300668269688,1,0.5679113427009836,0.03606587034031289,0.4472747497219133,0.6869855394883203,0.0025753281999325722,0.0008221250027418137
FairAA_3Moment,0.6551853485522244,1,0.5577323625746069,0.05013334586281315,0.4474972191323693,0.7825361512791991,0.00249606794098637,0.05571691697696224
FairAA_3Moment,0.9835890640588962,1,0.555266939146678,0.05458733591623438,0.4541713014460512,0.8189098998887653,0.0015202906374192082,0.05692974996054545
FairAA_3Moment,1.4766011619063881,1,0.5531986840342594,0.03938012992195078,0.46384872080088985,0.7528364849833149,0.0008117738659127877,0.051500707981176674
FairAA_3Moment,2.216729598787748,1,0.5517080157544787,0.049197097683242874,0.457174638487208,0.795884315906563,0.0005874625034881023,0.0008204579935409129
FairAA_3Moment,3.3278384447412575,1,0.5531639151936898,0.0326714132968301,0.46062291434927694,0.7261401557285873,0.00045551038157313345,0.06234083400340751
FairAA_3Moment,4.995877133753335,1,0.5468975919342036,0.04734515252716892,0.457174638487208,0.7887652947719689,0.0002769189246229903,0.0008547920151613653
FairAA_3Moment,7.500000000000001,1,0.9661872719110827,1.2378415125442823,0.9965517241379309,0.9691879866518353,0.3464615994930805,0.000807875010650605
FairAA_3Moment,0.0,2,0.9775102779283812,1.1088626746465982,0.9933259176863182,0.9765294771968854,0.3151543176680342,0.07073741598287597
FairAA_3Moment,0.004999999999999999,2,0.9182068260068164,0.6664874178101374,0.9102335928809788,0.903781979977753,0.1849636242513035,0.05202791700139642
FairAA_3Moment,0.00750618940298613,2,0.8505107793814889,0.40312964939974066,0.8228031145717463,0.8068965517241379,0.1294124358702139,0.011502582987304777
FairAA_3Moment,0.011268575870700261,2,0.8426289433073348,0.4042761192754362,0.8225806451612904,0.7931034482758621,0.1256724697715462,0.01933587499661371
FairAA_3Moment,0.01691681295747911,2,0.8044781090109808,0.4022052389518621,0.8025583982202447,0.8734149054505005,0.09818396773862438,0.028112291998695582
FairAA_3Moment,0.02539616043074563,2,0.7460632670253897,0.24488199370979324,0.728476084538376,0.7825361512791992,0.07023705471919967,0.05705212499015033
FairAA_3Moment,0.038125678060359706,2,0.671126971117409,0.1320649023738949,0.578309232480534,0.7413793103448276,0.03163008752050836,0.07060049998108298
FairAA_3Moment,0.0572357121276666,2,0.6563006061663421,0.14031848545070436,0.5707452725250277,0.7954393770856507,0.029255363995553514,0.06000558298546821
FairAA_3Moment,0.0859244191690112,2,0.6286793443230598,0.06328010639549453,0.5256952169076752,0.7112347052280311,0.016860975371855144,0.0840380410081707
FairAA_3Moment,0.12899299292483404,2,0.6080785436691715,0.06525613515310352,0.4847608453837597,0.6932146829810901,0.012161101063301975,0.0008040000102482736
FairAA_3Moment,0.19364916731037085,2,0.5856541841691576,0.054013792330771526,0.48731924360400447,0.6828698553948833,0.0071676439827711436,0.10246895800810307
FairAA_3Moment,0.29071346551243893,2,0.5778143595790565,0.05694343621742998,0.4744160177975528,0.7123470522803115,0.005786736491648695,0.07284237496787682
FairAA_3Moment,0.4364300668269688,2,0.5679113270648581,0.036065875032560535,0.46473859844271403,0.6527252502780867,0.0025753261405443914,0.0007923749508336186
FairAA_3Moment,0.6551853485522244,2,0.5577323629332823,0.050133319836533796,0.46062291434927694,0.7192436040044494,0.002496070121270247,0.05124741600593552
FairAA_3Moment,0.9835890640588962,2,0.5552672308940697,0.05458656482243679,0.4539488320355951,0.7526140155728587,0.0015203447582002177,0.056069749989546835
FairAA_3Moment,1.4766011619063881,2,0.5531987703461949,0.039380101474810414,0.45417130144605117,0.6729699666295884,0.0008117869373664849,0.04894145898288116
FairAA_3Moment,2.216729598787748,2,0.5517080851061187,0.049196777027705085,0.45094549499443826,0.736040044493882,0.0005874575652353164,0.0008156249532476068
FairAA_3Moment,3.3278384447412575,2,0.5531639655793179,0.03267139245666412,0.45094549499443826,0.6628476084538375,0.0004555416642974264,0.06491454201750457
FairAA_3Moment,4.995877133753335,2,0.5468975972382737,0.047345109949623376,0.44427141268075643,0.7157953281423804,0.0002769164737132304,0.0008067089947871864
FairAA_3Moment,7.500000000000001,2,0.9661872981879565,1.2378412131741894,1.0,0.9832035595105673,0.3464615438924834,0.0007952500018291175
FairAA_3Moment,0.0,3,0.9775102779283811,1.1088626769396135,0.9866518353726363,0.9558398220244717,0.3151543182805371,0.1014809999614954
FairAA_3Moment,0.004999999999999999,3,0.9182068262260166,0.6664874056412604,0.8860956618464961,0.8957730812013349,0.1849636233019698,0.05378079100046307
FairAA_3Moment,0.00750618940298613,3,0.8505107745089252,0.40312963790983664,0.7857619577308121,0.8085650723025584,0.12941243213510623,0.012359707965515554
FairAA_3Moment,0.011268575870700261,3,0.8426289432225429,0.4042761205504959,0.7892102335928811,0.8055617352614016,0.12567246975312574,0.018588459002785385
FairAA_3Moment,0.01691681295747911,3,0.8044781096794166,0.40220523010645165,0.7726362625139045,0.875083426028921,0.09818396739448473,0.029244375007692724
FairAA_3Moment,0.02539616043074563,3,0.7460632705821237,0.24488199181246068,0.7127919911012236,0.8124582869855395,0.07023705664933061,0.05869516695383936
FairAA_3Moment,0.038125678060359706,3,0.671126969633658,0.1320649092202505,0.5701890989988877,0.7491657397107897,0.03163008630367184,0.0697832919540815
FairAA_3Moment,0.0572357121276666,3,0.6563006058119087,0.14031848349423065,0.5699666295884316,0.79265850945495,0.029255363968331324,0.06146887497743592
FairAA_3Moment,0.0859244191690112,3,0.628679343062496,0.06328010485777352,0.4773081201334817,0.6852057842046718,0.016860975006295978,0.08926045900443569
FairAA_3Moment,0.12899299292483404,3,0.6080785433988891,0.0652561370789192,0.43704115684093436,0.6701890989988877,0.012161101202280568,0.0008495409856550395
FairAA_3Moment,0.19364916731037085,3,0.5856541905647197,0.0540137963612875,0.42558398220244714,0.6669632925472747,0.007167644817560805,0.10303974995622411
FairAA_3Moment,0.29071346551243893,3,0.5778143708653725,0.05694340700461703,0.4087875417130145,0.689321468298109,0.005786737860496299,0.06707512499997392
FairAA_3Moment,0.4364300668269688,3,0.5679113409946102,0.03606586850695226,0.4182424916573971,0.592880978865406,0.002575328203792665,0.0008496669470332563
FairAA_3Moment,0.6551853485522244,3,0.5577323606775506,0.050133345160245424,0.42146829810901,0.6998887652947718,0.002496068892730019,0.05638100003125146
FairAA_3Moment,0.9835890640588962,3,0.5552668979796296,0.05458744494567891,0.418020022246941,0.7332591768631815,0.0015202825395344496,0.04892149998340756
FairAA_3Moment,1.4766011619063881,3,0.5531986745087099,0.039380130454077344,0.4281423804226918,0.6658509454949945,0.0008117724297887485,0.046725458989385515
FairAA_3Moment,2.216729598787748,3,0.5517080080261209,0.04919713442995305,0.4182424916573971,0.7201334816462737,0.0005874632042318362,0.0008492500055581331
FairAA_3Moment,3.3278384447412575,3,0.5531639255444301,0.0326713751537252,0.4281423804226918,0.6486095661846496,0.00045552179446573665,0.0655840000254102
FairAA_3Moment,4.995877133753335,3,0.5468975845155246,0.04734518967043916,0.42791991101223575,0.7169076751946608,0.0002769203326015157,0.0008480420219711959
FairAA_3Moment,7.500000000000001,3,0.9661872612945732,1.237841638234136,1.0,0.9728587319243605,0.34646164166056076,0.0008752499707043171
FairAA_3Moment,0.0,4,0.9775102779283813,1.108862671954694,1.0,0.9659621802002224,0.3151543160382932,0.10118374996818602
FairAA_3Moment,0.004999999999999999,4,0.9182068254279188,0.6664873990937451,0.8932146829810901,0.8899888765294772,0.18496362154409876,0.05458629195345566
FairAA_3Moment,0.00750618940298613,4,0.8505107767712833,0.4031296386615381,0.8191323692992214,0.8294771968854283,0.1294124333806871,0.011684832978062332
FairAA_3Moment,0.011268575870700261,4,0.8426289440770193,0.4042761207337564,0.8090100111234705,0.8197997775305895,0.12567247018231326,0.01870499999495223
FairAA_3Moment,0.01691681295747911,4,0.8044781089467511,0.4022052271507027,0.778642936596218,0.9091212458286986,0.09818396687998418,0.030794667021837085
FairAA_3Moment,0.02539616043074563,4,0.746063299674335,0.24488200287746942,0.7022246941045606,0.7958843159065628,0.07023707336773367,0.049942583951633424
FairAA_3Moment,0.038125678060359706,4,0.6711284932433568,0.13208285158903477,0.5290322580645161,0.7438264738598444,0.031624323644513765,0.09982412500539795
FairAA_3Moment,0.0572357121276666,4,0.6562968774563961,0.14032895521922817,0.5219132369299222,0.8262513904338153,0.02925137344050644,0.06334925000555813
FairAA_3Moment,0.0859244191690112,4,0.6286802525339623,0.06328108126329801,0.4803114571746385,0.7293659621802002,0.016861219919787056,0.08642112498637289
FairAA_3Moment,0.12899299292483404,4,0.6080787655470905,0.0652540455864632,0.4626251390433815,0.70678531701891,0.012161008897628882,0.0016740410355851054
FairAA_3Moment,0.19364916731037085,4,0.585655845536365,0.05401036808299109,0.4268075639599555,0.6775305895439376,0.007167675881248045,0.10591983300400898
FairAA_3Moment,0.29071346551243893,4,0.5778160228250306,0.05693764597013262,0.4162402669632925,0.6904338153503893,0.005786784262198495,0.06842662504641339
FairAA_3Moment,0.4364300668269688,4,0.5679134738911091,0.03606425226304388,0.44249165739710794,0.6510567296996663,0.0025758837406508403,0.005641290976200253
FairAA_3Moment,0.6551853485522244,4,0.5577337732965781,0.05012882547037495,0.43882091212458285,0.6809788654060066,0.00249590970061829,0.05689958401490003
FairAA_3Moment,0.9835890640588962,4,0.5552782988405341,0.05459048681984452,0.43214682981090097,0.7134593993325916,0.001527110175702194,0.04761387500911951
FairAA_3Moment,1.4766011619063881,4,0.5532005341311994,0.039380820287392815,0.43904338153503886,0.6932146829810901,0.0008122741220752266,0.044805374986026436
FairAA_3Moment,2.216729598787748,4,0.5516179783801106,0.049491584913618825,0.43214682981090097,0.6837597330367075,0.0005789176719376149,0.04731879202881828
FairAA_3Moment,3.3278384447412575,4,0.5540976992658257,0.03218664079470129,0.436040044493882,0.6473859844271412,0.00036456180260100585,0.0540035410085693
FairAA_3Moment,4.995877133753335,4,0.5470518299890997,0.04728573879402742,0.42869855394883205,0.6902113459399333,0.000281532948715732,0.0075175410020165145
FairAA_3Moment,7.500000000000001,4,0.9661819628865982,1.237895951771103,1.0,0.9799777530589544,0.34646997241033434,0.0008329160045832396
FairAA_3Moment,0.0,5,0.9775102779283815,1.1088626773017483,0.9967741935483871,0.9631813125695217,0.315154317903817,0.09811083297245204
FairAA_3Moment,0.004999999999999999,5,0.9182068257827201,0.6664874001765508,0.8828698553948833,0.8902113459399332,0.1849636221181021,0.05338195798685774
FairAA_3Moment,0.00750618940298613,5,0.8505107775886656,0.40312964176886423,0.796106785317019,0.7795328142380423,0.1294124340817484,0.011026334017515182
FairAA_3Moment,0.011268575870700261,5,0.8426289441191296,0.40427612463403734,0.7790878754171302,0.7834260289210234,0.12567247027892475,0.01876974996412173
FairAA_3Moment,0.01691681295747911,5,0.8044781079222321,0.40220522137659004,0.7526140155728587,0.8833147942157952,0.09818396545245667,0.029080542037263513
FairAA_3Moment,0.02539616043074563,5,0.7460632713372741,0.24488199250350778,0.6656284760845385,0.7827586206896553,0.07023705718064996,0.06011229200521484
FairAA_3Moment,0.038125678060359706,5,0.6711269812118121,0.1320648889377044,0.5426028921023359,0.7323692992213571,0.031630091015297374,0.06660204095533118
FairAA_3Moment,0.0572357121276666,5,0.6563006060451863,0.14031848496313848,0.5357063403781981,0.7997775305895439,0.029255363897384097,0.06114683300256729
FairAA_3Moment,0.0859244191690112,5,0.6286793432086661,0.06328010501773329,0.4787541713014461,0.7100111234705229,0.01686097513601826,0.0873483750037849
FairAA_3Moment,0.12899299292483404,5,0.6080785433545118,0.06525613682055098,0.48086763070077865,0.6796440489432702,0.012161101167693276,0.000817958964034915
FairAA_3Moment,0.19364916731037085,5,0.5856541896421321,0.05401379473759971,0.46896551724137936,0.6628476084538376,0.007167644649213378,0.1061921669752337
FairAA_3Moment,0.29071346551243893,5,0.5778143579367725,0.05694343649713596,0.4717463848720801,0.700111234705228,0.005786735994904389,0.07620029198005795
FairAA_3Moment,0.4364300668269688,5,0.5679113254473999,0.03606587374087178,0.46974416017797543,0.6243604004449388,0.002575325974865837,0.0008791250293143094
FairAA_3Moment,0.6551853485522244,5,0.5577323619139987,0.050133344694784476,0.4630700778642936,0.6968854282536151,0.002496068316386088,0.057781417039223015
FairAA_3Moment,0.9835890640588962,5,0.555267222471513,0.05458656809575224,0.45595105672969966,0.7304783092324805,0.0015203449406601538,0.05451024998910725
FairAA_3Moment,1.4766011619063881,5,0.5531987662742048,0.03938010023894206,0.46907675194660736,0.6503893214682981,0.0008117858368239389,0.0511570840026252
FairAA_3Moment,2.216729598787748,5,0.5517080829047958,0.04919677820657159,0.46562847608453845,0.7166852057842046,0.0005874573325240842,0.0008525839657522738
FairAA_3Moment,3.3278384447412575,5,0.5531639772291665,0.03267139482916498,0.46885428253615136,0.6193548387096774,0.000455549192954742,0.06245987501461059
FairAA_3Moment,4.995877133753335,5,0.5468976009520234,0.04734508978027807,0.46562847608453845,0.7173526140155728,0.0002769158286768589,0.0010218750103376806
FairAA_3Moment,7.500000000000001,5,0.9661873077257842,1.2378411213737066,1.0,0.9661846496106785,0.3464615164799785,0.0009091669926419854
FairAA_3Moment,0.0,6,0.9775102779283822,1.1088626784116953,0.9935483870967742,0.9767519466073414,0.3151543197028156,0.10520554200047627
FairAA_3Moment,0.004999999999999999,6,0.9182068254340001,0.6664873995637248,0.8833147942157954,0.8764182424916573,0.18496362132414923,0.057252375001553446
FairAA_3Moment,0.00750618940298613,6,0.8505107707682797,0.4031296265151281,0.789432703003337,0.7889877641824249,0.12941242899879896,0.012236625014338642
FairAA_3Moment,0.011268575870700261,6,0.8426289457864706,0.4042761340829136,0.786206896551724,0.7961067853170188,0.12567247136747312,0.017044249980244786
FairAA_3Moment,0.01691681295747911,6,0.8044781087620719,0.40220522668578507,0.7388209121245828,0.8764182424916573,0.09818396643057886,0.029987875022925436
FairAA_3Moment,0.02539616043074563,6,0.746063268306445,0.24488199536063204,0.671857619577308,0.8048943270300335,0.0702370555381639,0.05868250003550202
FairAA_3Moment,0.038125678060359706,6,0.671126969531433,0.1320649042697858,0.5667408231368187,0.7303670745272525,0.03163008695145284,0.07360624999273568
FairAA_3Moment,0.0572357121276666,6,0.6563006061683128,0.14031848407651276,0.5727474972191324,0.7977753058954395,0.029255364342046092,0.0626542090321891
FairAA_3Moment,0.0859244191690112,6,0.6286793473888663,0.06328011033289654,0.5175750834260289,0.7066740823136819,0.016860975859641268,0.09028362500248477
FairAA_3Moment,0.12899299292483404,6,0.6080785446978048,0.06525613233587574,0.499888765294772,0.7068965517241379,0.012161100858153813,0.0008900840184651315
FairAA_3Moment,0.19364916731037085,6,0.5856541829076616,0.054013792523270154,0.4582869855394883,0.6778642936596218,0.007167643900472434,0.1052516249474138
FairAA_3Moment,0.29071346551243893,6,0.5778143719728279,0.05694340914226903,0.4513904338153504,0.7041156840934372,0.005786738389455065,0.0698992499965243
FairAA_3Moment,0.4364300668269688,6,0.5679113413493235,0.03606587037494152,0.43648498331479424,0.6592880978865405,0.0025753280268658515,0.0008814590401016176
FairAA_3Moment,0.6551853485522244,6,0.5577323617271088,0.05013334838442568,0.43325917686318133,0.6944382647385985,0.0024960680999623966,0.06040266598574817
FairAA_3Moment,0.9835890640588962,6,0.5552669378748698,0.05458733586243664,0.43648498331479424,0.7347052280311457,0.0015202905964670776,0.05737787502584979
FairAA_3Moment,1.4766011619063881,6,0.5531986824081854,0.03938013056295803,0.436040044493882,0.6808676307007786,0.0008117740758174646,0.04858183301985264
FairAA_3Moment,2.216729598787748,6,0.5516157720995163,0.049490525038237754,0.4397107897664071,0.7312569521690767,0.0005779511126876094,0.04071537498384714
FairAA_3Moment,3.3278384447412575,6,0.5531351860398215,0.032665998558871145,0.4291434927697441,0.6728587319243603,0.0004379448665617139,0.06113500002538785
FairAA_3Moment,4.995877133753335,6,0.5470501360726103,0.04728610925189719,0.436040044493882,0.7114571746384872,0.00028064554812123194,0.0009546669898554683
FairAA_3Moment,7.500000000000001,6,0.9661822445613584,1.2379038951234578,0.9967741935483871,0.9733036707452726,0.3464717172419045,0.0009333749767392874
FairAA_3Moment,0.0,7,0.9775102779283816,1.108862674606183,0.9967741935483871,0.9668520578420466,0.3151543166529132,0.09853916603606194
FairAA_3Moment,0.004999999999999999,7,0.9182068257327743,0.6664874170016978,0.8902113459399332,0.8934371523915463,0.18496362384923243,0.05292195797665045
FairAA_3Moment,0.00750618940298613,7,0.8505107775057319,0.40312964358257053,0.8234705228031146,0.7993325917686318,0.12941243433114313,0.012840124953072518
FairAA_3Moment,0.011268575870700261,7,0.8426289438729557,0.404276121176165,0.8232480533926585,0.7995550611790879,0.12567247010041593,0.020012459019199014
FairAA_3Moment,0.01691681295747911,7,0.8044781084495093,0.4022052276245444,0.7889877641824249,0.9028921023359289,0.09818396644907712,0.0288819590350613
FairAA_3Moment,0.02539616043074563,7,0.7460632687751123,0.2448819931943757,0.7229143492769745,0.8147942157953281,0.07023705576570745,0.06370649999007583
FairAA_3Moment,0.038125678060359706,7,0.6711269694678215,0.13206490903502166,0.5787541713014461,0.7848720800889878,0.03163008624356245,0.07467679103137925
FairAA_3Moment,0.0572357121276666,7,0.6563006055587033,0.1403184832231913,0.575305895439377,0.8182424916573972,0.029255363969337887,0.06603454099968076
FairAA_3Moment,0.0859244191690112,7,0.6286793432331116,0.06328010500135134,0.4916573971078976,0.7441601779755285,0.016860975058678347,0.09124216699274257
FairAA_3Moment,0.12899299292483404,7,0.6080785434456701,0.065256136821214,0.47630700778642937,0.6843159065628475,0.01216110120063886,0.001002499950118363
FairAA_3Moment,0.19364916731037085,7,0.5856541835621367,0.05401379235424858,0.44160177975528364,0.6741935483870968,0.00716764392474268,0.10830083402106538
FairAA_3Moment,0.29071346551243893,7,0.577814357006841,0.056943439715030686,0.4506117908787541,0.6981090100111235,0.005786735985520798,0.07477812498109415
FairAA_3Moment,0.4364300668269688,7,0.567911326636052,0.036065879510551624,0.44994438264738595,0.6516129032258065,0.002575326516833003,0.0012973339762538671
FairAA_3Moment,0.6551853485522244,7,0.55773236156028,0.05013334859447249,0.44327030033370407,0.7050055617352614,0.0024960682353578137,0.05768054199870676
FairAA_3Moment,0.9835890640588962,7,0.5552672304803956,0.05458656497055092,0.4593993325917687,0.742714126807564,0.001520344793709917,0.054206208034884185
FairAA_3Moment,1.4766011619063881,7,0.5531987706465231,0.039380100847884125,0.4662958843159066,0.6918798665183538,0.0008117871959385722,0.048626458970829844
FairAA_3Moment,2.216729598787748,7,0.5516157502159713,0.049490681869455155,0.46974416017797554,0.7547274749721913,0.0005779623107018197,0.048773915972560644
FairAA_3Moment,3.3278384447412575,7,0.5531352579902381,0.032665973210486476,0.4662958843159066,0.6417130144605115,0.000437996134833786,0.053275707992725074
FairAA_3Moment,4.995877133753335,7,0.5470501359914812,0.04728610886027684,0.47296996662958846,0.7349276974416018,0.00028064532596773495,0.010694833006709814
FairAA_3Moment,7.500000000000001,7,0.9661822456774629,1.2379038905595472,1.0,0.9670745272525029,0.34647170768343405,0.0008836669730953872
FairAA_3Moment,0.0,8,0.977510277928382,1.1088626845677645,1.0,0.9487208008898775,0.3151543202162451,0.08764508302556351
FairAA_3Moment,0.004999999999999999,8,0.9182068324183811,0.666487478456683,0.8987764182424914,0.875083426028921,0.18496364017418307,0.045403000025544316
FairAA_3Moment,0.00750618940298613,8,0.8505107712817759,0.4031296326858099,0.8012235817575084,0.77174638487208,0.12941242982552992,0.011505709029734135
FairAA_3Moment,0.011268575870700261,8,0.8426289416248918,0.4042761242576623,0.7874304783092325,0.7685205784204673,0.12567246911174126,0.01503041700925678
FairAA_3Moment,0.01691681295747911,8,0.8044781049133474,0.40220521141010324,0.7506117908787543,0.8688542825361513,0.09818396166133736,0.026105333992745727
FairAA_3Moment,0.02539616043074563,8,0.7460632813504035,0.24488200636198132,0.6810901001112348,0.7519466073414904,0.07023706350479639,0.05613345798337832
FairAA_3Moment,0.038125678060359706,8,0.6711284930890677,0.13208285283657983,0.5509454949944382,0.6953281423804226,0.03162432314769974,0.09576741699129343
FairAA_3Moment,0.0572357121276666,8,0.6562968772757658,0.1403289532064514,0.5509454949944382,0.7726362625139045,0.029251371972235353,0.0603052910300903
FairAA_3Moment,0.0859244191690112,8,0.6286802577842086,0.0632810872057969,0.5130144605116798,0.6992213570634038,0.01686122056617389,0.0874797499855049
FairAA_3Moment,0.12899299292483404,8,0.6080787648074465,0.06525404058450313,0.4746384872080089,0.6787541713014461,0.012161009617274204,0.0008121670107357204
FairAA_3Moment,0.19364916731037085,8,0.5856558460281516,0.05401037477944082,0.45005561735261396,0.6587319243604005,0.007167676183756855,0.10197479202179238
FairAA_3Moment,0.29071346551243893,8,0.577816027353111,0.05693766264653216,0.453281423804227,0.6923248053392659,0.00578678667584831,0.07140600000275299
FairAA_3Moment,0.4364300668269688,8,0.5679134738030982,0.03606426087870834,0.4420467185761958,0.6414905450500556,0.0025758832509499077,0.0016064170049503446
FairAA_3Moment,0.6551853485522244,8,0.5577337737139998,0.05012883305107413,0.4385984427141268,0.6987764182424917,0.0024959092347763,0.054837958014104515
FairAA_3Moment,0.9835890640588962,8,0.5552783037716614,0.05459059717788406,0.44482758620689655,0.739488320355951,0.0015271188730611243,0.05969324999023229
FairAA_3Moment,1.4766011619063881,8,0.5532005262979414,0.039380829661972094,0.44505005561735256,0.7024471635150167,0.0008122707564308593,0.05206233402714133
FairAA_3Moment,2.216729598787748,8,0.5517087429778496,0.04919512651479152,0.4480533926585094,0.7265850945494995,0.0005874579066310268,0.0008284170180559158
FairAA_3Moment,3.3278384447412575,8,0.556355294583913,0.031217290180998003,0.4515016685205785,0.6688542825361512,0.0003521201742797339,0.05454312497749925
FairAA_3Moment,4.995877133753335,8,0.5468989250279005,0.04734148280446676,0.4480533926585094,0.7160177975528365,0.00027722155598512016,0.0007882080390118062
FairAA_3Moment,7.500000000000001,8,0.9661871896410874,1.2378321464424455,1.0,0.9655172413793103,0.34645909704480937,0.0008481249678879976
FairAA_3Moment,0.0,9,0.9775102779283813,1.1088626767228065,1.0,0.9558398220244717,0.3151543182781746,0.10105275001842529
FairAA_3Moment,0.004999999999999999,9,0.9182068330582815,0.6664874826393428,0.8789766407119022,0.878754171301446,0.18496364162678708,0.045971292012836784
FairAA_3Moment,0.00750618940298613,9,0.850510774701988,0.40312964214469516,0.7952169076751947,0.8053392658509455,0.1294124325579727,0.011541040963493288
FairAA_3Moment,0.011268575870700261,9,0.8426289418897889,0.40427612264426555,0.7848720800889879,0.8122358175750832,0.1256724692027066,0.016874667024239898
FairAA_3Moment,0.01691681295747911,9,0.804478108104266,0.40220522665067115,0.7519466073414904,0.8757508342602891,0.09818396544749705,0.028440917027182877
FairAA_3Moment,0.02539616043074563,9,0.7460632621628644,0.24488200233152096,0.6723025583982203,0.7958843159065628,0.07023705257873525,0.06005033402470872
FairAA_3Moment,0.038125678060359706,9,0.6711269694211555,0.132064918166231,0.5632925472747499,0.7183537263626253,0.031630084966399186,0.07310320803662762
FairAA_3Moment,0.0572357121276666,9,0.6563006043048608,0.14031847744236325,0.5692992213570635,0.811123470522803,0.029255363319114387,0.060751583019737154
FairAA_3Moment,0.0859244191690112,9,0.6286793438134675,0.063280105488217,0.489543937708565,0.6783092324805339,0.016860974874882223,0.08801437501097098
FairAA_3Moment,0.12899299292483404,9,0.608078543963522,0.06525613719475482,0.4804226918798665,0.6591768631813125,0.012161101344221548,0.0010629169992171228
FairAA_3Moment,0.19364916731037085,9,0.5856541843381957,0.05401379717848914,0.4818687430478309,0.6813125695216907,0.007167644195013784,0.10071333299856633
FairAA_3Moment,0.29071346551243893,9,0.5778143713852686,0.05694341405320058,0.4717463848720801,0.6787541713014461,0.005786738544208421,0.06746120803290978
FairAA_3Moment,0.4364300668269688,9,0.5679113416702919,0.0360658733452171,0.4846496106785317,0.6288097886540601,0.0025753276786167623,0.0008427920402027667
FairAA_3Moment,0.6551853485522244,9,0.5577323610626761,0.05013335470201069,0.48097886540600665,0.6826473859844271,0.002496068236950595,0.059217916044872254
FairAA_3Moment,0.9835890640588962,9,0.5552672292616463,0.054586570251811795,0.4745272525027809,0.7369299221357062,0.0015203444508426825,0.05935120797948912
FairAA_3Moment,1.4766011619063881,9,0.5531987697840961,0.03938010109677431,0.4814238042269188,0.6662958843159065,0.0008117863270088524,0.04853695799829438
FairAA_3Moment,2.216729598787748,9,0.5516157466762284,0.04949070035349967,0.48765294771968853,0.699666295884316,0.0005779605371668411,0.05140391702298075
FairAA_3Moment,3.3278384447412575,9,0.5531352367450663,0.03266599318121505,0.47130144605116797,0.6324805339265851,0.0004379788869125281,0.05758837499888614
FairAA_3Moment,4.995877133753335,9,0.5470501378884313,0.0472861000834936,0.49432703003337036,0.6929922135706341,0.00028064542398271997,0.0012623750371858478
FairAA_3Moment,7.500000000000001,9,0.9661822537109136,1.237903846975599,1.0,0.9558398220244715,0.3464716911075051,0.0008464999846182764
FairAA_3Moment,0.0,10,0.9775102779283817,1.108862679531395,0.9765294771968854,0.9629588431590657,0.3151543192679053,0.10438812500797212
FairAA_3Moment,0.004999999999999999,10,0.9182068264351322,0.666487392172262,0.8798665183537263,0.8962180200222469,0.18496362222945156,0.052282834018114954
FairAA_3Moment,0.00750618940298613,10,0.8505107785760091,0.40312964724978667,0.8133481646273637,0.8006674082313682,0.12941243520623577,0.01241612498415634
FairAA_3Moment,0.011268575870700261,10,0.8426289423977144,0.4042761224163812,0.8066740823136819,0.804115684093437,0.12567246933796497,0.016280415991786867
FairAA_3Moment,0.01691681295747911,10,0.8044781090683818,0.4022052294250528,0.7765294771968854,0.896662958843159,0.09818396686197378,0.03068229102063924
FairAA_3Moment,0.02539616043074563,10,0.7460632659028231,0.2448819985414606,0.7100111234705228,0.7967741935483872,0.07023705431878768,0.05894508404890075
FairAA_3Moment,0.038125678060359706,10,0.6711269698052722,0.1320649025232289,0.5973303670745272,0.7496106785317019,0.03163008720413356,0.07022170897107571
FairAA_3Moment,0.0572357121276666,10,0.6563006054734521,0.14031848200241448,0.5938820912124583,0.8027808676307007,0.02925536388929096,0.06499329197686166
FairAA_3Moment,0.0859244191690112,10,0.6286793425547109,0.06328010421672509,0.5401557285873193,0.7454949944382647,0.016860974828272583,0.0871222919668071
FairAA_3Moment,0.12899299292483404,10,0.6080785433070981,0.06525613730229912,0.5041156840934371,0.7194660734149055,0.012161101246295832,0.0008699170430190861
FairAA_3Moment,0.19364916731037085,10,0.5856541907529966,0.054013798536944546,0.49655172413793097,0.7001112347052281,0.007167644924542825,0.10132091701962054
FairAA_3Moment,0.29071346551243893,10,0.5778143544389147,0.05694344257264067,0.48253615127919913,0.7507230255839822,0.005786735437193928,0.07669404096668586
FairAA_3Moment,0.4364300668269688,10,0.5679113240856843,0.03606587882383966,0.4982202447163514,0.6761957730812014,0.002575326187952434,0.0016389170195907354
FairAA_3Moment,0.6551853485522244,10,0.5577323592562347,0.05013334981322504,0.5051167964404895,0.7337041156840935,0.0024960692309960175,0.05880754202371463
FairAA_3Moment,0.9835890640588962,10,0.5552668828621758,0.05458748306515704,0.5018909899888765,0.7739710789766407,0.0015202799144472812,0.046672374999616295
FairAA_3Moment,1.4766011619063881,10,0.5531986790056997,0.03938012783323719,0.5081201334816463,0.7438264738598442,0.000811773705697176,0.04394387500360608
FairAA_3Moment,2.216729598787748,10,0.5517080102793542,0.049197127300897425,0.5016685205784205,0.7576195773081201,0.0005874632987462117,0.000867208989802748
FairAA_3Moment,3.3278384447412575,10,0.553163934552769,0.032671365372980266,0.5081201334816463,0.7065628476084539,0.0004555289007460647,0.06848124996758997
FairAA_3Moment,4.995877133753335,10,0.5468975808433059,0.047345206393563044,0.5048943270300335,0.7438264738598444,0.00027692066964801754,0.00094933295622468
FairAA_3Moment,7.500000000000001,10,0.9661872567294583,1.23784169038213,0.9834260289210233,0.9664071190211345,0.3464616596159307,0.000851999968290329
FairAA_3Moment,0.0,11,0.9775102779283821,1.1088626814761593,0.9864293659621802,0.9622914349276975,0.3151543191957173,0.10597570799291134
FairAA_3Moment,0.004999999999999999,11,0.9182068323237054,0.6664874784673895,0.8852057842046719,0.8882091212458286,0.18496364001018906,0.046792541979812086
FairAA_3Moment,0.00750618940298613,11,0.8505107630837632,0.4031296103245132,0.8007786429365963,0.7968854282536151,0.12941242324359592,0.01229316700482741
FairAA_3Moment,0.011268575870700261,11,0.8426289419844617,0.404276125549972,0.7943270300333704,0.8010011123470523,0.12567246932028434,0.01745808299165219
FairAA_3Moment,0.01691681295747911,11,0.8044781060552626,0.4022052240560013,0.7577308120133481,0.8951056729699666,0.09818396364459187,0.028896208968944848
FairAA_3Moment,0.02539616043074563,11,0.7460632673201718,0.24488199154431345,0.6866518353726363,0.77174638487208,0.07023705522192267,0.05810129101155326
FairAA_3Moment,0.038125678060359706,11,0.6711269690565588,0.1320649198147546,0.5634037819799778,0.7517241379310344,0.03163008453435934,0.07525954197626561
FairAA_3Moment,0.0572357121276666,11,0.65630060429827,0.14031847821653287,0.5597330367074527,0.7906562847608454,0.029255363320756005,0.06334562500705943
FairAA_3Moment,0.0859244191690112,11,0.62867934335687,0.06328010518019789,0.4879866518353726,0.7071190211345939,0.01686097465370013,0.0891509999637492
FairAA_3Moment,0.12899299292483404,11,0.6080785439254267,0.06525613898255672,0.47119021134593997,0.6983314794215796,0.012161101398900753,0.0008413330069743097
FairAA_3Moment,0.19364916731037085,11,0.5856541844214164,0.054013798549173264,0.4631813125695216,0.6847608453837597,0.00716764427783835,0.10542637499747798
FairAA_3Moment,0.29071346551243893,11,0.5778143713686856,0.05694341582929624,0.46040044493882093,0.7185761957730812,0.005786738695323021,0.07815033302176744
FairAA_3Moment,0.4364300668269688,11,0.5679113411140859,0.03606587383675719,0.45027808676307013,0.6313681868743048,0.002575327376399539,0.0008158749551512301
FairAA_3Moment,0.6551853485522244,11,0.5577323617424597,0.05013332827177547,0.44315906562847607,0.7013348164627363,0.002496070252436318,0.04940379102481529
FairAA_3Moment,0.9835890640588962,11,0.5552669349363668,0.05458734407171423,0.45027808676307,0.7411568409343715,0.0015202902273718233,0.057479290990158916
FairAA_3Moment,1.4766011619063881,11,0.5531986837574394,0.039380128227901656,0.4498331479421579,0.7047830923248053,0.0008117728739939281,0.047469332988839597
FairAA_3Moment,2.216729598787748,11,0.5517080186793074,0.04919709713581316,0.45005561735261396,0.7280311457174637,0.000587463230941089,0.0007933750166557729
FairAA_3Moment,3.3278384447412575,11,0.5531639263621702,0.032671416365626926,0.4369299221357063,0.667741935483871,0.0004555159737916481,0.06663162499899045
FairAA_3Moment,4.995877133753335,11,0.546897585946255,0.047345182001850006,0.4498331479421579,0.7011123470522802,0.0002769187540108409,0.0007746249902993441
FairAA_3Moment,7.500000000000001,11,0.9661872635291181,1.2378416035268398,0.9898776418242491,0.9724137931034484,0.34646162856883517,0.0007740000146441162
FairAA_3Moment,0.0,12,0.9775102779283812,1.1088626775866153,0.9967741935483871,0.960400444938821,0.3151543172484481,0.09862037497805431
FairAA_3Moment,0.004999999999999999,12,0.918206825313543,0.6664874002331278,0.8830923248053393,0.8803114571746384,0.1849636214760196,0.056639332964550704
FairAA_3Moment,0.00750618940298613,12,0.8505107696147602,0.4031296221575804,0.8055617352614016,0.8021134593993325,0.12941242800145625,0.012783832964487374
FairAA_3Moment,0.011268575870700261,12,0.842628944149049,0.4042761234595234,0.7919911012235819,0.8090100111234705,0.12567247028138198,0.016900125017855316
FairAA_3Moment,0.01691681295747911,12,0.8044781057345352,0.40220522129875047,0.7556173526140155,0.8863181312569521,0.09818396382319619,0.026580250007100403
FairAA_3Moment,0.02539616043074563,12,0.7460633822343916,0.2448817518601893,0.7155728587319243,0.7763070077864294,0.07023711260268359,0.044617332983762026
FairAA_3Moment,0.038125678060359706,12,0.6711269704489442,0.13206490411749006,0.5686318131256953,0.7254727474972192,0.03163008703062815,0.07473062502685934
FairAA_3Moment,0.0572357121276666,12,0.6563006063351687,0.14031848666911584,0.5755283648498332,0.7853170189098999,0.029255364461942268,0.05811745801474899
FairAA_3Moment,0.0859244191690112,12,0.6286793481400161,0.06328011183299909,0.5123470522803114,0.6849833147942157,0.016860976629623284,0.09039279201533645
FairAA_3Moment,0.12899299292483404,12,0.6080785443520529,0.0652561350685919,0.4847608453837597,0.7020022246941047,0.012161100656332371,0.0008035840000957251
FairAA_3Moment,0.19364916731037085,12,0.5856541883337228,0.05401378657769956,0.4769744160177975,0.6619577308120134,0.0071676442001313845,0.10215549997519702
FairAA_3Moment,0.29071346551243893,12,0.5778143660631592,0.05694341945918152,0.48731924360400447,0.7325917686318132,0.00578673713514178,0.07076404197141528
FairAA_3Moment,0.4364300668269688,12,0.5679113337258088,0.03606587125413063,0.47397107897664076,0.6619577308120133,0.0025753272537730187,0.0008149999775923789
FairAA_3Moment,0.6551853485522244,12,0.5577323646766028,0.05013333450610857,0.4875417130144605,0.7218020022246942,0.0024960677815654975,0.05523179197916761
FairAA_3Moment,0.9835890640588962,12,0.5552669422363498,0.05458731607503303,0.48776418242491654,0.7726362625139045,0.0015202919595746558,0.05157370801316574
FairAA_3Moment,1.4766011619063881,12,0.5531986834887357,0.039380130128305435,0.4774193548387097,0.6985539488320357,0.0008117740329260659,0.05031404201872647
FairAA_3Moment,2.216729598787748,12,0.5517080140072123,0.049197096689888475,0.4879866518353727,0.7521690767519467,0.0005874620383426662,0.0008159590070135891
FairAA_3Moment,3.3278384447412575,12,0.5531638997598423,0.032671403446111746,0.4774193548387097,0.6716351501668519,0.0004555014342368102,0.06312700000125915
FairAA_3Moment,4.995877133753335,12,0.5468975943310603,0.047345141802906,0.4845383759733036,0.7450500556173527,0.000276919271643819,0.0007987080025486648
FairAA_3Moment,7.500000000000001,12,0.9661872734028882,1.2378414888436964,1.0,0.9502780867630701,0.34646159319183545,0.0008014589548110962
FairAA_3Moment,0.0,13,0.9775102779283814,1.1088626798474248,0.9866518353726363,0.9864293659621801,0.3151543184243537,0.09422608400927857
FairAA_3Moment,0.004999999999999999,13,0.9182068256062684,0.6664873998148038,0.9024471635150167,0.9194660734149054,0.18496362184500822,0.054237040982116014
FairAA_3Moment,0.00750618940298613,13,0.8505107786881254,0.4031296466158817,0.8421579532814238,0.832258064516129,0.1294124352414803,0.011036208015866578
FairAA_3Moment,0.011268575870700261,13,0.842628944045889,0.40427612117518846,0.8255839822024471,0.842602892102336,0.12567247020444738,0.018564250029157847
FairAA_3Moment,0.01691681295747911,13,0.8044781081156386,0.4022052261114962,0.7887652947719689,0.938820912124583,0.09818396604501908,0.03017654101131484
FairAA_3Moment,0.02539616043074563,13,0.7460632643965942,0.24488199858522647,0.6907675194660735,0.824916573971079,0.0702370534512498,0.06026412500068545
FairAA_3Moment,0.038125678060359706,13,0.6711269615365216,0.13206485043817168,0.5502780867630701,0.7411568409343715,0.031630092695618596,0.06395020900527015
FairAA_3Moment,0.0572357121276666,13,0.6563006056944127,0.1403184825510576,0.5364849833147943,0.7982202447163516,0.02925536436190685,0.06086283299373463
FairAA_3Moment,0.0859244191690112,13,0.6286793416367149,0.06328010325562011,0.4555061179087875,0.7351501668520578,0.016860974794637523,0.08603791700443253
FairAA_3Moment,0.12899299292483404,13,0.6080785428564592,0.06525613819210208,0.4548387096774194,0.67853170189099,0.012161101221742292,0.0008543329895474017
FairAA_3Moment,0.19364916731037085,13,0.5856541816624679,0.05401379007176549,0.46062291434927705,0.6414905450500556,0.007167643671975359,0.09907883399864659
FairAA_3Moment,0.29071346551243893,13,0.5778143600282852,0.05694343344486197,0.45417130144605117,0.6617352614015573,0.005786736453433729,0.07012358302017674
FairAA_3Moment,0.4364300668269688,13,0.5679113271867124,0.036065873295384965,0.45094549499443826,0.6053392658509456,0.002575326002175818,0.0007955830078572035
FairAA_3Moment,0.6551853485522244,13,0.5577323601107782,0.050133349195851884,0.4474972191323693,0.6843159065628476,0.0024960686867681256,0.05691599997226149
FairAA_3Moment,0.9835890640588962,13,0.5552672207753009,0.05458658612416717,0.43804226918798667,0.7374860956618464,0.0015203439678122752,0.06144366698572412
FairAA_3Moment,1.4766011619063881,13,0.5531987739645837,0.039380098489672555,0.4382647385984427,0.674638487208009,0.0008117884020439059,0.04496591701172292
FairAA_3Moment,2.216729598787748,13,0.5516157496090629,0.049490691772493045,0.4382647385984427,0.7045606229143492,0.0005779618408258483,0.05365650000749156
FairAA_3Moment,3.3278384447412575,13,0.553135299797091,0.03266595367908903,0.4382647385984427,0.6285873192436041,0.0004380255832762345,0.052123166038654745
FairAA_3Moment,4.995877133753335,13,0.5470501438624029,0.047286084524645056,0.4414905450500556,0.6946607341490545,0.0002806459251669252,0.008188166015315801
FairAA_3Moment,7.500000000000001,13,0.966182256761585,1.237903783808836,0.9933259176863182,0.9827586206896551,0.3464716731514917,0.0008524169679731131
FairAA_3Moment,0.0,14,0.9775102779283814,1.1088626761618696,0.9965517241379309,0.9590656284760846,0.31515431812936767,0.09429204202024266
FairAA_3Moment,0.004999999999999999,14,0.918206826256939,0.6664873918239984,0.879199110122358,0.8688542825361513,0.18496362200682415,0.0526875409996137
FairAA_3Moment,0.00750618940298613,14,0.8505107700122194,0.403129623397486,0.778420467185762,0.7650723025583982,0.12941242830140012,0.011279124999418855
FairAA_3Moment,0.011268575870700261,14,0.8426289438688158,0.4042761205466369,0.771523915461624,0.771301446051168,0.12567247010584984,0.017466916993726045
FairAA_3Moment,0.01691681295747911,14,0.8044781059024086,0.4022052229994405,0.7446051167964406,0.882424916573971,0.09818396404052798,0.026385792007204145
FairAA_3Moment,0.02539616043074563,14,0.7460632989439124,0.24488192163054634,0.6672969966629589,0.7622914349276975,0.0702370707053574,0.050152875017374754
FairAA_3Moment,0.038125678060359706,14,0.6711269697453155,0.1320649057069636,0.5513904338153504,0.728698553948832,0.0316300867136459,0.06952070799889043
FairAA_3Moment,0.0572357121276666,14,0.6563006063244601,0.14031848674494662,0.5479421579532815,0.7922135706340379,0.029255364004197128,0.061148167005740106
FairAA_3Moment,0.0859244191690112,14,0.6286793438596745,0.06328010590888938,0.4946607341490544,0.7446051167964406,0.016860975303742504,0.08726237498922274
FairAA_3Moment,0.12899299292483404,14,0.608078543512619,0.06525613652547563,0.4905450500556173,0.7050055617352614,0.012161101106963987,0.0008651669486425817
FairAA_3Moment,0.19364916731037085,14,0.5856541843878686,0.05401379052460098,0.47997775305895446,0.6856507230255839,0.007167643945072286,0.10414220800157636
FairAA_3Moment,0.29071346551243893,14,0.5778143617337589,0.056943432428151586,0.49332591768631817,0.7151279199110123,0.005786736836076584,0.07391375000588596
FairAA_3Moment,0.4364300668269688,14,0.5679113292647193,0.036065874918316254,0.4995550611790879,0.6822024471635151,0.002575326307783121,0.0008444159757345915
FairAA_3Moment,0.6551853485522244,14,0.5577323634378809,0.05013331700691631,0.4889877641824249,0.6942157953281425,0.00249607002981532,0.05047270900104195
FairAA_3Moment,0.9835890640588962,14,0.5552669480379595,0.0545873140040381,0.4889877641824249,0.7622914349276974,0.0015202917778885106,0.050672292010858655
FairAA_3Moment,1.4766011619063881,14,0.5531986880159276,0.039380128532042646,0.48231368186874307,0.6948832035595105,0.000811775493970511,0.04537654196610674
FairAA_3Moment,2.216729598787748,14,0.5516157711721115,0.049490592709724834,0.47864293659621804,0.7381535038932145,0.0005779614049567366,0.047433750005438924
FairAA_3Moment,3.3278384447412575,14,0.5531351897882155,0.03266598024750189,0.4788654060066741,0.6589543937708565,0.0004379498135459389,0.06038116599665955
FairAA_3Moment,4.995877133753335,14,0.5470501338516313,0.04728610899176067,0.4751946607341491,0.7077864293659623,0.00028064505655236993,0.0008614999824203551
FairAA_3Moment,7.500000000000001,14,0.9661822455001504,1.2379038873586587,1.0,0.9661846496106786,0.3464717191760892,0.0008262079791165888
FairAA_3Moment,0.0,15,0.9775102779283816,1.1088626774516197,0.9870967741935484,0.9769744160177976,0.315154318484085,0.10309545800555497
FairAA_3Moment,0.004999999999999999,15,0.9182068326737521,0.6664874807856689,0.8830923248053393,0.8936596218020023,0.18496364087553452,0.04607266600942239
FairAA_3Moment,0.00750618940298613,15,0.8505107648104285,0.40312961574233097,0.8120133481646274,0.7836484983314793,0.12941242469904785,0.012718332989607006
FairAA_3Moment,0.011268575870700261,15,0.8426289428701534,0.40427612535757584,0.8085650723025584,0.7799777530589544,0.12567246980041202,0.017648958950303495
FairAA_3Moment,0.01691681295747911,15,0.8044781064125689,0.40220522429330835,0.7855394883203559,0.9065628476084537,0.09818396401799631,0.027979749953374267
FairAA_3Moment,0.02539616043074563,15,0.7460632671679266,0.24488199592995158,0.7157953281423804,0.796551724137931,0.07023705526891205,0.057482542004436255
FairAA_3Moment,0.038125678060359706,15,0.6711269705962125,0.132064908770681,0.5787541713014461,0.7631813125695218,0.0316300863737786,0.06937458296306431
FairAA_3Moment,0.0572357121276666,15,0.656300604500335,0.1403184787481277,0.5550611790878754,0.8172413793103448,0.02925536336864864,0.06251908297417685
FairAA_3Moment,0.0859244191690112,15,0.6286793432997196,0.0632801048685962,0.48498331479421575,0.760177975528365,0.016860974699208754,0.09097758296411484
FairAA_3Moment,0.12899299292483404,15,0.6080785438816971,0.0652561381950642,0.4778642936596218,0.7274749721913236,0.012161101415599153,0.0008516249945387244
FairAA_3Moment,0.19364916731037085,15,0.585654179236534,0.05401379392512429,0.43236929922135703,0.7380422691879867,0.0071676435465334865,0.11979333404451609
FairAA_3Moment,0.29071346551243893,15,0.5778143522691339,0.0569434376761786,0.45928809788654057,0.7507230255839822,0.005786734630262906,0.06740095902932808
FairAA_3Moment,0.4364300668269688,15,0.5679113271928002,0.03606587957313928,0.47497219132369295,0.6842046718576196,0.002575325403833588,0.005486415990162641
FairAA_3Moment,0.6551853485522244,15,0.5577323617186942,0.05013332885821886,0.4650723025583982,0.7636262513904338,0.0024960702113899363,0.05273674998898059
FairAA_3Moment,0.9835890640588962,15,0.5552669295104902,0.05458736413723564,0.46206896551724136,0.8008898776418242,0.0015202882438768994,0.051442208990920335
FairAA_3Moment,1.4766011619063881,15,0.5531986781619005,0.039380130255738555,0.4616240266963293,0.7373748609566185,0.0008117718248670941,0.048187749984208494
FairAA_3Moment,2.216729598787748,15,0.5517080143705675,0.04919711900929924,0.4558398220244716,0.7905450500556174,0.0005874634821535288,0.0008609159849584103
FairAA_3Moment,3.3278384447412575,15,0.5531639191118054,0.03267141559970088,0.4581757508342603,0.6902113459399333,0.00045551143705859637,0.06313270900864154
FairAA_3Moment,4.995877133753335,15,0.5468975858067529,0.04734518478070687,0.45884315906562845,0.774860956618465,0.0002769190609418354,0.0008427080465480685
FairAA_3Moment,7.500000000000001,15,0.9661872610967385,1.237841626987866,0.9967741935483871,0.9802002224694105,0.346461633478377,0.0008760829805396497
FairAA_3Moment,0.0,16,0.9775102779283817,1.108862680811241,0.9797552836484982,0.9763070077864295,0.3151543199353339,0.10821012500673532
FairAA_3Moment,0.004999999999999999,16,0.9182068256813558,0.6664874001446534,0.9026696329254728,0.8813125695216908,0.1849636218453965,0.05439041694626212
FairAA_3Moment,0.00750618940298613,16,0.8505107786859039,0.40312964753036656,0.8283648498331481,0.8010011123470523,0.12941243529354102,0.011781333014369011
FairAA_3Moment,0.011268575870700261,16,0.8426289438863807,0.4042761215193351,0.82146829810901,0.8078976640711902,0.12567247014519461,0.018212625000160187
FairAA_3Moment,0.01691681295747911,16,0.8044781079031648,0.40220521173203133,0.7880978865406008,0.8822024471635151,0.09818396450301445,0.02837408398045227
FairAA_3Moment,0.02539616043074563,16,0.7460632630642654,0.244881999760656,0.7172413793103448,0.7904338153503893,0.07023705274121458,0.05904562497744337
FairAA_3Moment,0.038125678060359706,16,0.6711269705710112,0.13206490036031399,0.5834260289210234,0.7596218020022247,0.031630087623128585,0.0685590420034714
FairAA_3Moment,0.0572357121276666,16,0.6563006048281351,0.14031847808999537,0.5868743047830923,0.8065628476084538,0.02925536456234478,0.06031754199648276
FairAA_3Moment,0.0859244191690112,16,0.6286793434895325,0.06328010581138288,0.4866518353726363,0.7068965517241379,0.016860975139885534,0.08696979196975008
FairAA_3Moment,0.12899299292483404,16,0.6080785434396604,0.06525613804162567,0.45884315906562845,0.7172413793103448,0.012161101108648861,0.0010035000159405172
FairAA_3Moment,0.19364916731037085,16,0.5856541763372455,0.05401378761416753,0.4473859844271413,0.6838709677419355,0.007167643027968594,0.098158833978232
FairAA_3Moment,0.29071346551243893,16,0.5778143625166091,0.05694343677770153,0.44416017797552837,0.7478309232480533,0.005786737409225667,0.07474175002425909
FairAA_3Moment,0.4364300668269688,16,0.5679113292680036,0.03606587795147187,0.4319243604004449,0.6741935483870968,0.002575325961495116,0.0008219589944928885
FairAA_3Moment,0.6551853485522244,16,0.5577323627844132,0.05013332225982692,0.44438264738598443,0.7510567296996664,0.002496069879079743,0.04996595799457282
FairAA_3Moment,0.9835890640588962,16,0.5552672212358997,0.05458658820508494,0.43147942157953273,0.7614015572858732,0.0015203436039240709,0.06186391698429361
FairAA_3Moment,1.4766011619063881,16,0.5531987716309288,0.03938010182405938,0.428476084538376,0.7250278086763069,0.0008117875537575411,0.048512957990169525
FairAA_3Moment,2.216729598787748,16,0.5516157450911158,0.049490721240440794,0.42825361512791993,0.7476084538375973,0.0005779622105880136,0.04753970802994445
FairAA_3Moment,3.3278384447412575,16,0.5531352445356906,0.03266597477938027,0.42547274749721914,0.710789766407119,0.0004379873006647231,0.053557417006231844
FairAA_3Moment,4.995877133753335,16,0.5470501385000819,0.0472861071885175,0.43147942157953284,0.7508342602892102,0.0002806455466848323,0.008232749998569489
FairAA_3Moment,7.500000000000001,16,0.9661822463353831,1.2379038877975799,0.993103448275862,0.9832035595105673,0.34647170152754364,0.001795667049009353
FairAA_3Moment,0.0,17,0.9775102779283823,1.1088626814726514,0.9903225806451612,0.9666295884315905,0.3151543181450531,0.1141975829959847
FairAA_3Moment,0.004999999999999999,17,0.918206824928632,0.6664873987248501,0.8773081201334817,0.8842046718576195,0.18496362076059783,0.05454345798352733
FairAA_3Moment,0.00750618940298613,17,0.8505107698268486,0.40312962217861725,0.7935483870967742,0.8101223581757508,0.1294124281698551,0.012926375027745962
FairAA_3Moment,0.011268575870700261,17,0.8426289449600275,0.4042761250734818,0.7937708565072302,0.8204671857619577,0.1256724707596873,0.016786082996986806
FairAA_3Moment,0.01691681295747911,17,0.8044781075516049,0.4022052237340682,0.7573971078976641,0.8869855394883205,0.09818396555079548,0.030165708041749895
FairAA_3Moment,0.02539616043074563,17,0.7460632723964575,0.2448819819143887,0.6704115684093438,0.7933259176863181,0.07023705755401943,0.1594027079991065
FairAA_3Moment,0.038125678060359706,17,0.6711269690511162,0.13206490730972248,0.560956618464961,0.7339265850945494,0.03163008628949645,0.07199945801403373
FairAA_3Moment,0.0572357121276666,17,0.6563006056887758,0.14031848422989485,0.563959955506118,0.8310344827586207,0.029255364208115406,0.06309466698439792
FairAA_3Moment,0.0859244191690112,17,0.6286793423174115,0.06328010411989182,0.4860956618464961,0.7226918798665183,0.01686097485283699,0.08701716602081433
FairAA_3Moment,0.12899299292483404,17,0.6080785431532159,0.0652561383667069,0.47119021134593997,0.7007786429365962,0.01216110122861299,0.000918709032703191
FairAA_3Moment,0.19364916731037085,17,0.5856541772280675,0.05401378886060132,0.4521690767519466,0.6805339265850946,0.007167643150648051,0.1027880419860594
FairAA_3Moment,0.29071346551243893,17,0.5778143730639529,0.056943409547471735,0.45517241379310347,0.7240266963292548,0.005786738727042551,0.06866325001465157
FairAA_3Moment,0.4364300668269688,17,0.567911342331844,0.03606587142552736,0.4583982202447164,0.6602892102335929,0.0025753280125120556,0.0008691250113770366
FairAA_3Moment,0.6551853485522244,17,0.5577323622375835,0.05013334730790603,0.4517241379310345,0.7235817575083426,0.002496067955852929,0.05760270799510181
FairAA_3Moment,0.9835890640588962,17,0.5552669233478422,0.054587380506490424,0.45450500556173534,0.7668520578420467,0.0015202834209021368,0.033271291002165526
FairAA_3Moment,1.4766011619063881,17,0.5531986741365646,0.03938013481264635,0.45472747497219135,0.6968854282536153,0.0008117734299071325,0.04680879198713228
FairAA_3Moment,2.216729598787748,17,0.5517080055707838,0.049197155224736,0.46140155728587323,0.7606229143492771,0.0005874639085816508,0.0010215409565716982
FairAA_3Moment,3.3278384447412575,17,0.5531639083811538,0.03267139759160709,0.45472747497219135,0.6497219132369298,0.00045550910763340197,0.06705504102865234
FairAA_3Moment,4.995877133753335,17,0.5468975831945541,0.04734519715831964,0.4581757508342603,0.7337041156840934,0.00027692059489005383,0.000855624966789037
FairAA_3Moment,7.500000000000001,17,0.9661872530478984,1.2378417064755214,1.0,0.9767519466073414,0.34646165568698944,0.0009053749963641167
FairAA_3Moment,0.0,18,0.977510277928382,1.108862677765204,0.9967741935483871,0.9694104560622915,0.31515431859241194,0.10231745801866055
FairAA_3Moment,0.004999999999999999,18,0.9182068254959986,0.6664874033396289,0.9293659621802002,0.9162402669632925,0.18496362199295296,0.05505579197779298
FairAA_3Moment,0.00750618940298613,18,0.850510773095688,0.4031296335693882,0.8292547274749722,0.8368186874304783,0.12941243099295505,0.012536583002656698
FairAA_3Moment,0.011268575870700261,18,0.8426289423939574,0.4042761213883683,0.8186874304783093,0.842825361512792,0.12567246931317674,0.01608375000068918
FairAA_3Moment,0.01691681295747911,18,0.8044781062701255,0.40220522692652355,0.7922135706340379,0.899666295884316,0.09818396453700355,0.027716541953850538
FairAA_3Moment,0.02539616043074563,18,0.7460633803308211,0.24488175089635533,0.7185761957730812,0.8221357063403782,0.07023711144224146,0.04630974994506687
FairAA_3Moment,0.038125678060359706,18,0.671126983407432,0.13206488221347512,0.5817575083426029,0.7549499443826475,0.03163009238717923,0.06680125003913417
FairAA_3Moment,0.0572357121276666,18,0.6563006079801388,0.1403184954553211,0.5817575083426029,0.8391546162402669,0.029255363427282834,0.06360095896525308
FairAA_3Moment,0.0859244191690112,18,0.6286793461672964,0.06328010893630587,0.47352614015572864,0.7409343715239154,0.016860976211541173,0.0892507919925265
FairAA_3Moment,0.12899299292483404,18,0.608078545213022,0.06525613478813747,0.44760845383759734,0.7351501668520578,0.012161100410855767,0.001250875007826835
FairAA_3Moment,0.19364916731037085,18,0.5856541964274482,0.054013792110308545,0.450166852057842,0.7088987764182425,0.007167645210305794,0.10658454097574577
FairAA_3Moment,0.29071346551243893,18,0.5778143770734337,0.05694339201531107,0.4471635150166852,0.7321468298109011,0.005786738537645296,0.07190145802451298
FairAA_3Moment,0.4364300668269688,18,0.5679113478987592,0.03606586604884854,0.4506117908787542,0.678086763070078,0.002575329630113074,0.0008608329808339477
FairAA_3Moment,0.6551853485522244,18,0.5577323643899612,0.05013333485921928,0.450389321468298,0.7050055617352614,0.002496068079239376,0.05797358398558572
FairAA_3Moment,0.9835890640588962,18,0.5552669580597489,0.054587286390013534,0.450389321468298,0.7659621802002226,0.0015202942342186776,0.058476374950259924
FairAA_3Moment,1.4766011619063881,18,0.5531986913173969,0.03938012915103961,0.460734149054505,0.6787541713014461,0.0008117756211345958,0.05168595799477771
FairAA_3Moment,2.216729598787748,18,0.5517080192854353,0.04919707586397931,0.4577308120133482,0.7388209121245829,0.000587461822217604,0.0008851250167936087
FairAA_3Moment,3.3278384447412575,18,0.5531638952606859,0.032671393826351924,0.4644048943270301,0.6447163515016685,0.0004554992294181631,0.06577933300286531
FairAA_3Moment,4.995877133753335,18,0.546897591577875,0.04734515716845983,0.4577308120133482,0.7353726362625139,0.0002769199258648436,0.0009698330541141331
FairAA_3Moment,7.500000000000001,18,0.9661872676527203,1.2378415417112292,1.0,0.9829810901001113,0.34646161321516245,0.0008629999938420951
FairAA_3Moment,0.0,19,0.9775102779283816,1.1088626867870444,0.9901001112347053,0.956729699666296,0.3151543199134586,0.10176716599380597
FairAA_3Moment,0.004999999999999999,19,0.9182068249785287,0.6664873941513704,0.8704115684093437,0.8867630700778644,0.1849636202906137,0.05396645801374689
FairAA_3Moment,0.00750618940298613,19,0.8505107727646974,0.40312962835840727,0.8096774193548388,0.7767519466073416,0.12941243023498786,0.011736333020962775
FairAA_3Moment,0.011268575870700261,19,0.842628945915857,0.40427612696261167,0.7995550611790878,0.7735261401557285,0.12567247134700696,0.03144620801322162
FairAA_3Moment,0.01691681295747911,19,0.8044781075301434,0.40220522237793765,0.7627363737486095,0.8994438264738598,0.09818396538904615,0.029818749986588955
FairAA_3Moment,0.02539616043074563,19,0.7460632662870046,0.24488199909486302,0.6580645161290322,0.7823136818687431,0.07023705459766628,0.057958084042184055
FairAA_3Moment,0.038125678060359706,19,0.6711269806357737,0.13206488969310465,0.5529477196885428,0.7153503893214683,0.0316300906326107,0.06418670801213011
FairAA_3Moment,0.0572357121276666,19,0.6563006059623777,0.14031848593741575,0.542825361512792,0.8124582869855395,0.02925536412573839,0.06047199998283759
FairAA_3Moment,0.0859244191690112,19,0.6286793428187567,0.06328010492161407,0.4915461624026696,0.7330367074527253,0.01686097501056332,0.09093495801789686
FairAA_3Moment,0.12899299292483404,19,0.6080785432458353,0.06525613885842779,0.46718576195773076,0.6902113459399334,0.012161101176282274,0.0008147499756887555
FairAA_3Moment,0.19364916731037085,19,0.5856541834456979,0.0540137926681617,0.4525027808676307,0.6699666295884315,0.007167643946499082,0.10427562502445653
FairAA_3Moment,0.29071346551243893,19,0.5778143723037317,0.056943408743252044,0.4593993325917687,0.6835372636262514,0.005786738431021017,0.06716891599353403
FairAA_3Moment,0.4364300668269688,19,0.567911341554131,0.036065870170482905,0.4582869855394883,0.6290322580645162,0.0025753279800210804,0.0008349589770659804
FairAA_3Moment,0.6551853485522244,19,0.5577323623531739,0.0501333446636979,0.44493882091212456,0.6899888765294772,0.002496068051121715,0.05522962496615946
FairAA_3Moment,0.9835890640588962,19,0.5552672315706498,0.05458656124192923,0.4447163515016685,0.7173526140155729,0.001520344805206901,0.05500683299032971
FairAA_3Moment,1.4766011619063881,19,0.5531987756746912,0.03938009974199641,0.44771968854282534,0.6591768631813126,0.0008117880990268431,0.046909417025744915
FairAA_3Moment,2.216729598787748,19,0.5517080893181273,0.049196768632855936,0.4511679644048943,0.7097886540600667,0.0005874581667270548,0.0008157089469023049
FairAA_3Moment,3.3278384447412575,19,0.5531639774840047,0.032671382775862345,0.44771968854282534,0.6382647385984428,0.00045555120847489555,0.0663425840320997
FairAA_3Moment,4.995877133753335,19,0.5468975955885043,0.04734511489382648,0.4477196885428253,0.69321468298109,0.0002769165956325731,0.0008094160002656281
FairAA_3Moment,7.500000000000001,19,0.9661872982782483,1.2378412177635851,1.0,0.9567296996662961,0.3464615480118149,0.0008167920168489218
FairAA_Adv,0.0,0,0.9775102779283815,1.1088626740550296,0.9933259176863182,0.9802002224694105,0.3151543169294636,0.07710341701749712
FairAA_Adv,0.049999999999999996,0,0.9528323696897354,0.7800010876920578,0.8867630700778644,0.8667408231368187,0.2521725925472935,0.23266591696301475
FairAA_Adv,0.06628589346310458,0,0.9389679730875059,0.6963714263899765,0.8662958843159065,0.8704115684093437,0.23219706874400242,0.31194499996490777
FairAA_Adv,0.08787639344404101,0,0.9192183263145256,0.6083562623257396,0.8357063403781979,0.853615127919911,0.20908689501287642,0.29748574999393895
FairAA_Adv,0.1164993050750713,0,0.8918687352245794,0.5107583370845459,0.7926585094549499,0.8497219132369299,0.1785349634012991,0.2926443750038743
FairAA_Adv,0.15444521049463789,0,0.8320641243348017,0.3738373400992699,0.7528364849833149,0.8598442714126808,0.132398709325903,0.26869008399080485
FairAA_Adv,0.20475077537468658,0,0.7934468143463986,0.31588103691979846,0.7123470522803116,0.8635150166852059,0.10987683510596086,0.1679003750323318
FairAA_Adv,0.2714417616594907,0,0.6989408259476397,0.21464091865300128,0.5923248053392658,0.8835372636262514,0.05610050631343447,0.28382445801980793
FairAA_Adv,0.3598551938959685,0,0.6563771773958291,0.2089969139252808,0.46106785317018906,0.910233592880979,0.013726268511293917,0.20294412499060854
FairAA_Adv,0.4770664608946602,0,0.6393116132650036,0.22334136099314683,0.4737486095661846,0.9364849833147944,0.0026202960257643085,0.24144579196581617
FairAA_Adv,0.632455532033676,0,0.6422802976780941,0.22112290878342072,0.4753058954393771,0.9134593993325918,0.012169901808689577,0.29200816701631993
FairAA_Adv,0.8384576003307075,0,0.5943678493159399,0.25523787979508433,0.49621802002224696,0.9332591768631813,0.008632923584863818,0.36344754096353427
FairAA_Adv,1.111558223377032,0,0.6251359843068311,0.2336321050369941,0.5130144605116795,0.9298109010011124,0.011894772531347401,0.3441101670032367
FairAA_Adv,1.473612599456155,0,0.6030453124300753,0.26304685293850955,0.4800889877641824,0.9401557285873192,0.02383412639416678,0.2889119170140475
FairAA_Adv,1.953594555468786,0,0.6589633176975177,0.2587472334377719,0.4813125695216908,0.9235817575083425,0.008257874718277658,0.31351537501905113
FairAA_Adv,2.589915211478102,0,0.6529583310389862,0.2619674855051652,0.4815350389321468,0.9199110122358176,0.00396201608693704,0.3565804590471089
FairAA_Adv,3.433496875730229,0,0.6462506832502667,0.26309000052782844,0.46985539488320355,0.9226918798665183,0.0048664295900233065,0.267608999973163
FairAA_Adv,4.551848162211128,0,-1.0494000939968768,2.7512743089323166,1.0,1.0,0.5,0.02771424996899441
FairAA_Adv,6.034466446811105,0,-0.8612261930255931,2.7512743089323166,1.0,1.0,0.5,0.02109820896293968
FairAA_Adv,7.999999999999999,0,-0.8683626261996018,2.7512743089323166,1.0,1.0,0.5,0.02115070802392438
FairAA_Adv,0.0,1,0.9775102779283817,1.108862681900302,0.9896551724137931,0.9726362625139042,0.3151543196144403,0.07732083299197257
FairAA_Adv,0.049999999999999996,1,0.9528326621421533,0.7800052221061877,0.8824249165739712,0.885650723025584,0.2521737782221992,0.19400600000517443
FairAA_Adv,0.06628589346310458,1,0.9389646666833212,0.6963550367977114,0.8591768631813125,0.8794215795328142,0.23219485653073152,0.31592875003116205
FairAA_Adv,0.08787639344404101,1,0.9192183277329096,0.6083562769441173,0.8186874304783093,0.8619577308120133,0.20908690628268084,0.28536104201339185
FairAA_Adv,0.1164993050750713,1,0.8918687341075711,0.5107583382246275,0.7620689655172415,0.8520578420467185,0.17853496432172788,0.28640833299141377
FairAA_Adv,0.15444521049463789,1,0.8320641228391716,0.3738373334549642,0.7125695216907675,0.8494994438264738,0.13239870722433286,0.2769148329971358
FairAA_Adv,0.20475077537468658,1,0.7934468156241105,0.31588103239052745,0.6720800889877643,0.8563959955506117,0.10987683717445525,0.16504474997054785
FairAA_Adv,0.2714417616594907,1,0.6989408620433122,0.21464080828694948,0.5904338153503893,0.9104560622914348,0.05610045120874291,0.2888022079714574
FairAA_Adv,0.3598551938959685,1,0.6563784108503709,0.20899914916766432,0.44304783092324806,0.9072302558398221,0.013726696694889302,0.19837979198200628
FairAA_Adv,0.4770664608946602,1,0.6940879533715199,0.24414859710072212,0.5589543937708565,0.9304783092324806,0.03611189327509255,0.27083070803200826
FairAA_Adv,0.632455532033676,1,0.6753092147706414,0.22175097221970652,0.5337041156840934,0.946607341490545,0.02441450747539075,0.294114249991253
FairAA_Adv,0.8384576003307075,1,0.4436207969112306,0.35406670345741775,0.6239154616240268,0.9703003337041156,0.08667893744028675,0.3294940420310013
FairAA_Adv,1.111558223377032,1,0.5566404195868107,0.2799806019477938,0.5174638487208008,0.9797552836484984,0.04847716236835889,0.3490942920325324
FairAA_Adv,1.473612599456155,1,0.6028327992630058,0.2748695208130377,0.49799777530589545,0.9627363737486097,0.023354785873247866,0.32925733301090077
FairAA_Adv,1.953594555468786,1,0.6492740760072345,0.27678949127858204,0.4040044493882092,0.946607341490545,0.004758267881705094,0.3770341249764897
FairAA_Adv,2.589915211478102,1,0.6417087678711575,0.2608122040646593,0.39822024471635153,0.9592880978865406,0.0035091844283865747,0.36516883299918845
FairAA_Adv,3.433496875730229,1,0.6321893070829114,0.2812411088375345,0.407119021134594,0.9565072302558398,0.007835632592568358,0.36747883300995454
FairAA_Adv,4.551848162211128,1,-1.0494000939968768,2.7512743089323166,1.0,1.0,0.5,0.021664083003997803
FairAA_Adv,6.034466446811105,1,-0.8683344193661033,2.7512743089323166,1.0,1.0,0.5,0.02156295900931582
FairAA_Adv,7.999999999999999,1,-0.8759795625785152,2.7512743089323166,1.0,1.0,0.5,0.021100000012665987
FairAA_Adv,0.0,2,0.9775102779283812,1.1088626746465982,0.9933259176863182,0.9765294771968854,0.3151543176680342,0.05646029196213931
FairAA_Adv,0.049999999999999996,2,0.952834081331152,0.7800118784455929,0.8938820912124583,0.8973303670745272,0.2521747820709449,0.1957571250386536
FairAA_Adv,0.06628589346310458,2,0.9389642656967639,0.6963530135383091,0.8770856507230256,0.9001112347052279,0.23219457887934894,0.31512283300980926
FairAA_Adv,0.08787639344404101,2,0.9192183275298497,0.6083562740264663,0.8331479421579534,0.8727474972191324,0.20908690491856904,0.28057099995203316
FairAA_Adv,0.1164993050750713,2,0.8918687343163453,0.5107583405170577,0.8165739710789766,0.8520578420467185,0.17853496454918732,0.2838943339884281
FairAA_Adv,0.15444521049463789,2,0.832064123138212,0.37383733411987224,0.7698553948832035,0.8309232480533927,0.13239870760870423,0.2719751659897156
FairAA_Adv,0.20475077537468658,2,0.7934468135790563,0.3158810314899473,0.7130144605116797,0.8253615127919911,0.10987683560474584,0.1665271669626236
FairAA_Adv,0.2714417616594907,2,0.6989380380361618,0.2146410642204541,0.6040044493882091,0.8522803114571745,0.05610128601453792,0.2945891660056077
FairAA_Adv,0.3598551938959685,2,0.6563754958452792,0.20899899499074548,0.4359288097886541,0.8651835372636263,0.013725591318001683,0.20549812499666587
FairAA_Adv,0.4770664608946602,2,0.7054568182934303,0.2565625429824613,0.5576195773081201,0.8780867630700779,0.03791656150466966,0.2952222080202773
FairAA_Adv,0.632455532033676,2,0.5931614487288284,0.2566280625996309,0.4202447163515016,0.9110122358175751,0.01264111789486485,0.34218037500977516
FairAA_Adv,0.8384576003307075,2,0.635713367457222,0.22530750537576105,0.4363737486095662,0.870967741935484,0.002191447844491136,0.2553217919776216
FairAA_Adv,1.111558223377032,2,0.6530110830387796,0.26698958680268003,0.4460511679644049,0.8944382647385986,0.012752168472081084,0.2970558329834603
FairAA_Adv,1.473612599456155,2,0.613823176944617,0.2632931950665553,0.44827586206896547,0.8918798665183537,0.018852639306918897,0.3162504169740714
FairAA_Adv,1.953594555468786,2,0.5800219806951057,0.2676265666811515,0.5098998887652948,0.917908787541713,0.03737611486583011,0.30824525002390146
FairAA_Adv,2.589915211478102,2,0.6425014536649638,0.2565870976401787,0.4131256952169077,0.9045606229143491,0.0027238952050855775,0.36949070799164474
FairAA_Adv,3.433496875730229,2,0.6285281723268641,0.2554065476661358,0.48921023359288096,0.8921023359288098,0.015029672535848311,0.35775566700613126
FairAA_Adv,4.551848162211128,2,0.19590837731597577,0.34740102775113013,0.46896551724137936,0.8744160177975528,0.0022655275715513234,0.029705042019486427
FairAA_Adv,6.034466446811105,2,-1.0494000939968768,2.7512743089323175,1.0,1.0,0.5,0.021109000022988766
FairAA_Adv,7.999999999999999,2,-3.4010439849815217,2.7512743089323166,1.0,1.0,0.5,0.028187040996272117
FairAA_Adv,0.0,3,0.9775102779283811,1.1088626769396135,0.9866518353726363,0.9558398220244717,0.3151543182805371,0.08351479197153822
FairAA_Adv,0.049999999999999996,3,0.9528325389147443,0.7800045209365241,0.8757508342602893,0.8854282536151278,0.25217365140588033,0.1853862500283867
FairAA_Adv,0.06628589346310458,3,0.938964519532599,0.6963542904835468,0.8525027808676306,0.8753058954393771,0.23219475239611148,0.3190000830218196
FairAA_Adv,0.08787639344404101,3,0.9192183276325012,0.6083562754847871,0.8025583982202447,0.8626251390433815,0.20908690558104703,0.28940891701495275
FairAA_Adv,0.1164993050750713,3,0.8851247121262512,0.4928962551115608,0.7763070077864294,0.8264738598442716,0.17436587059086217,0.28962708299513906
FairAA_Adv,0.15444521049463789,3,0.8320641232124595,0.37383733201673364,0.7530589543937708,0.832480533926585,0.13239870773844897,0.2678491669939831
FairAA_Adv,0.20475077537468658,3,0.7934468152761549,0.31588103061886147,0.7300333704115683,0.8529477196885429,0.1098768375971495,0.16766558296512812
FairAA_Adv,0.2714417616594907,3,0.6989395355064776,0.21464178030171988,0.5977753058954394,0.8692992213570634,0.056100688903263904,0.2977247499511577
FairAA_Adv,0.3598551938959685,3,0.6563820417693963,0.2090110138015529,0.4531701890989989,0.8828698553948833,0.013727897478705689,0.20624466601293534
FairAA_Adv,0.4770664608946602,3,0.6778383520006152,0.24729980888604935,0.5216907675194661,0.9093437152391546,0.026954743838288713,0.35735545796342194
FairAA_Adv,0.632455532033676,3,0.6462845329123628,0.24870217771894243,0.47986651835372635,0.9127919911012237,0.01258761640485738,0.35690737498225644
FairAA_Adv,0.8384576003307075,3,0.6573945080323751,0.2495533697253815,0.4860956618464961,0.9190211345939933,0.007640764820184415,0.35819479095516726
FairAA_Adv,1.111558223377032,3,0.5692367924060601,0.2725997500708971,0.5274749721913237,0.9323692992213571,0.04247596838800312,0.36627283302368596
FairAA_Adv,1.473612599456155,3,0.6058238404286604,0.26587479769405375,0.49877641824249164,0.9353726362625139,0.022749025210061002,0.33833225001581013
FairAA_Adv,1.953594555468786,3,0.6474326558533003,0.274673693832525,0.4516129032258064,0.9190211345939934,0.0031893379692375795,0.31662204198073596
FairAA_Adv,2.589915211478102,3,0.656615438169788,0.2586665671362225,0.43203559510567296,0.9226918798665183,0.006006548951188455,0.3573700829874724
FairAA_Adv,3.433496875730229,3,-3.4010439849815217,2.7512743089323166,1.0,1.0,0.5,0.03044187498744577
FairAA_Adv,4.551848162211128,3,-3.4010439849815217,2.7512743089323166,1.0,1.0,0.5,0.01556008297484368
FairAA_Adv,6.034466446811105,3,-1.0494000939968768,2.7512743089323175,1.0,1.0,0.5,0.021228291967418045
FairAA_Adv,7.999999999999999,3,-1.0494000939968768,2.7512743089323166,1.0,1.0,0.5,0.022066917037591338
FairAA_Adv,0.0,4,0.9775102779283813,1.108862671954694,1.0,0.9659621802002224,0.3151543160382932,0.08392387500498444
FairAA_Adv,0.049999999999999996,4,0.9528393355219237,0.7800366618384852,0.8863181312569521,0.882647385984427,0.2521785187657589,0.22427120798965916
FairAA_Adv,0.06628589346310458,4,0.9389643796013141,0.6963535707023867,0.8665183537263627,0.8729699666295885,0.23219465083485735,0.3283797090407461
FairAA_Adv,0.08787639344404101,4,0.919218327609385,0.6083562756474179,0.8494994438264738,0.8697441601779754,0.20908690509882316,0.2920100420014933
FairAA_Adv,0.1164993050750713,4,0.8868613746830531,0.49739692526925317,0.8062291434927698,0.8331479421579534,0.17542049270891083,0.28932895796606317
FairAA_Adv,0.15444521049463789,4,0.8320641231374004,0.37383733424007154,0.7328142380422691,0.8423804226918797,0.13239870756253647,0.2723512499942444
FairAA_Adv,0.20475077537468658,4,0.793446816159656,0.3158810335211561,0.7063403781979978,0.8331479421579534,0.10987683745537069,0.1684403750114143
FairAA_Adv,0.2714417616594907,4,0.6989385778446512,0.21464205604540265,0.5984427141268075,0.8860956618464961,0.05610100730667824,0.2896164169651456
FairAA_Adv,0.3598551938959685,4,0.656380037164519,0.20900719771248233,0.44260289210233594,0.8835372636262513,0.013727172074464312,0.20110733300680295
FairAA_Adv,0.4770664608946602,4,0.5890472887096108,0.23360940849235495,0.39933259176863184,0.9164627363737485,0.01116724982966473,0.338817875017412
FairAA_Adv,0.632455532033676,4,0.6047490018804949,0.23893015363159031,0.4529477196885428,0.9203559510567297,0.02218456037254233,0.30006754194619134
FairAA_Adv,0.8384576003307075,4,0.5780864737446412,0.2567607449945816,0.4600667408231368,0.946607341490545,0.02360985917163954,0.35184770805062726
FairAA_Adv,1.111558223377032,4,0.5678903174785072,0.2724965648596749,0.5175750834260289,0.946607341490545,0.04296656806627524,0.34115816600387916
FairAA_Adv,1.473612599456155,4,0.599945010683812,0.2665631812896266,0.4566184649610679,0.9332591768631813,0.025598590907802185,0.3002472090302035
FairAA_Adv,1.953594555468786,4,0.5804981172639415,0.2735799371429579,0.5111234705228032,0.9532814238042271,0.037652954291346755,0.2394887920236215
FairAA_Adv,2.589915211478102,4,0.6543949741164559,0.2605688140600243,0.4244716351501669,0.9233592880978865,0.004157488646614513,0.3728235420421697
FairAA_Adv,3.433496875730229,4,0.6287167334426595,0.27564106029763935,0.4055617352614016,0.9394883203559509,0.009313022949591937,0.3603268750011921
FairAA_Adv,4.551848162211128,4,-1.0494000939968768,2.7512743089323166,1.0,1.0,0.5,0.025034582999069244
FairAA_Adv,6.034466446811105,4,-1.0494000939968768,2.7512743089323166,1.0,1.0,0.5,0.02116379200015217
FairAA_Adv,7.999999999999999,4,-1.0494000939968768,2.7512743089323166,1.0,1.0,0.5,0.021484083030372858
FairAA_Adv,0.0,5,0.9775102779283815,1.1088626773017483,0.9967741935483871,0.9631813125695217,0.315154317903817,0.07748412498040125
FairAA_Adv,0.049999999999999996,5,0.9528340809359097,0.7800118839987711,0.8628476084538377,0.8464961067853171,0.2521747793039717,0.18459416599944234
FairAA_Adv,0.06628589346310458,5,0.9389740062030633,0.696420546908683,0.8527252502780869,0.8561735261401557,0.23223833015332926,0.22451837500557303
FairAA_Adv,0.08787639344404101,5,0.9201096923221795,0.6112914822802022,0.8200222469410455,0.8430478309232481,0.2096550588097716,0.20146766596008092
FairAA_Adv,0.1164993050750713,5,0.8899584006197522,0.506125184082808,0.7760845383759734,0.8264738598442716,0.17759950653241893,0.27037291700253263
FairAA_Adv,0.15444521049463789,5,0.8509909029068967,0.40854702073020166,0.7233592880978865,0.8419354838709678,0.14274972850666684,0.2820505420095287
FairAA_Adv,0.20475077537468658,5,0.8089637510951988,0.3365268124826843,0.6860956618464962,0.8660734149054505,0.109743985349981,0.17584016703767702
FairAA_Adv,0.2714417616594907,5,0.7615682827779087,0.2807189995097841,0.6387096774193548,0.882647385984427,0.08096831869246685,0.21670362504664809
FairAA_Adv,0.3598551938959685,5,0.7094228392021408,0.24546720438782182,0.5669632925472748,0.8955506117908787,0.04309139546656311,0.25813154102070257
FairAA_Adv,0.4770664608946602,5,0.6912659008443592,0.24273907523497795,0.5456062291434927,0.8957730812013349,0.030311707999421546,0.3015404579928145
FairAA_Adv,0.632455532033676,5,0.6433607633862294,0.254139887306252,0.4728587319243604,0.9289210233592881,0.009863393681458922,0.34803283301880583
FairAA_Adv,0.8384576003307075,5,0.6096148454755665,0.25281650009060175,0.5365962180200222,0.9284760845383759,0.019760374567180827,0.34729954198701307
FairAA_Adv,1.111558223377032,5,0.6395959436540928,0.23788030198077265,0.52880978865406,0.9355951056729699,0.008931996184720258,0.29513837496051565
FairAA_Adv,1.473612599456155,5,0.6032862508031354,0.26801085558680904,0.564627363737486,0.936040044493882,0.02382774201473132,0.287282083008904
FairAA_Adv,1.953594555468786,5,0.6553392765300816,0.2580553597999464,0.48509454949944386,0.9319243604004448,0.006813594989341011,0.3080999579979107
FairAA_Adv,2.589915211478102,5,0.5804289839480987,0.2554596856868035,0.5024471635150166,0.94293659621802,0.005342351610657235,0.02874533401336521
FairAA_Adv,3.433496875730229,5,0.5947369071988531,0.2275215417371652,0.5184649610678532,0.9461624026696329,0.00825790715051155,0.021784125012345612
FairAA_Adv,4.551848162211128,5,-1.0494000939968768,2.7512743089323166,1.0,1.0,0.5,0.014586541976314038
FairAA_Adv,6.034466446811105,5,-1.0494000939968768,2.7512743089323166,1.0,1.0,0.5,0.021406291984021664
FairAA_Adv,7.999999999999999,5,-0.9106376922293773,2.7512743089323166,1.0,1.0,0.5,0.020853624970186502
FairAA_Adv,0.0,6,0.9775102779283822,1.1088626784116953,0.9935483870967742,0.9767519466073414,0.3151543197028156,0.08268441702239215
FairAA_Adv,0.049999999999999996,6,0.9528341014578625,0.7800120415460838,0.8699666295884316,0.8525027808676306,0.2521748218165777,0.19058966700686142
FairAA_Adv,0.06628589346310458,6,0.9389655572188197,0.6963777662988604,0.8430478309232481,0.8729699666295886,0.23223255821724686,0.21881175000453368
FairAA_Adv,0.08787639344404101,6,0.9201096743670247,0.6112911895919894,0.8133481646273637,0.8555061179087875,0.20965497461733226,0.2117501249886118
FairAA_Adv,0.1164993050750713,6,0.8887204831093485,0.502699326900796,0.7694104560622914,0.8587319243604004,0.17682705397526088,0.2746409160317853
FairAA_Adv,0.15444521049463789,6,0.8509909033475943,0.4085470176900227,0.7362625139043382,0.824694104560623,0.14274972906432465,0.28179174999240786
FairAA_Adv,0.20475077537468658,6,0.8084810226595419,0.3358047354160009,0.7058954393770855,0.8507230255839822,0.10945998756263645,0.18584724998800084
FairAA_Adv,0.2714417616594907,6,0.7615684814094527,0.28071930033285497,0.6550611790878754,0.8884315906562847,0.080968384621569,0.2178957499563694
FairAA_Adv,0.3598551938959685,6,0.7094228749805643,0.24546892176678126,0.5699666295884315,0.8849833147942157,0.04309133672537212,0.2509056660346687
FairAA_Adv,0.4770664608946602,6,0.7053661315903289,0.25145129376887476,0.5865406006674082,0.8983314794215795,0.0393304715898213,0.3100132090039551
FairAA_Adv,0.632455532033676,6,0.6433613856560441,0.2541439713184221,0.4662958843159066,0.9317018909899888,0.009864811067001725,0.35489341599168256
FairAA_Adv,0.8384576003307075,6,0.6096158562682654,0.2528152800202548,0.5026696329254727,0.9282536151279199,0.019759951296869298,0.3501262089703232
FairAA_Adv,1.111558223377032,6,0.6395953880906369,0.2378807387791534,0.4692992213570634,0.9248053392658508,0.00893371222141151,0.29740116698667407
FairAA_Adv,1.473612599456155,6,0.6279631655188308,0.2568026476898636,0.4834260289210233,0.9254727474972192,0.008630720220766032,0.233375417010393
FairAA_Adv,1.953594555468786,6,0.270025029705943,1.1433034879467339,0.8799777530589544,0.9295884315906564,0.2791993696332091,0.3383585829869844
FairAA_Adv,2.589915211478102,6,-1.0494000939968768,2.7512743089323166,1.0,1.0,0.5,0.034088791988324374
FairAA_Adv,3.433496875730229,6,-2.929161044340116,2.7512743089323166,1.0,1.0,0.5,0.021006499999202788
FairAA_Adv,4.551848162211128,6,-0.6580197318110692,2.7512743089323166,1.0,1.0,0.5,0.02160229202127084
FairAA_Adv,6.034466446811105,6,-0.48287889033063736,2.7512743089323166,1.0,1.0,0.5,0.020319541974458843
FairAA_Adv,7.999999999999999,6,-0.850601733871273,2.7512743089323166,1.0,1.0,0.5,0.021101791004184633
FairAA_Adv,0.0,7,0.9775102779283816,1.108862674606183,0.9967741935483871,0.9668520578420466,0.3151543166529132,0.07735600002342835
FairAA_Adv,0.049999999999999996,7,0.9528327687156228,0.7800056601348662,0.8835372636262513,0.8798665183537263,0.25217383761003054,0.1900397920398973
FairAA_Adv,0.06628589346310458,7,0.9389616536507598,0.6963606760300544,0.8667408231368187,0.8761957730812014,0.23222909639161943,0.269873125012964
FairAA_Adv,0.08787639344404101,7,0.9201096879732305,0.6112914214798952,0.8568409343715239,0.8757508342602893,0.2096550297451583,0.1884661249932833
FairAA_Adv,0.1164993050750713,7,0.8899584022887633,0.5061252079323162,0.7993325917686318,0.8522803114571748,0.17759950215250342,0.26271624997025356
FairAA_Adv,0.15444521049463789,7,0.8509911047250492,0.40854739686716246,0.7730812013348165,0.8350389321468299,0.14274985116123923,0.27696054201805964
FairAA_Adv,0.20475077537468658,7,0.8085293162995224,0.33588054479021895,0.7298109010011122,0.8585094549499445,0.10948841602294938,0.19253991701407358
FairAA_Adv,0.2714417616594907,7,0.7615681550783847,0.28071880387507875,0.6695216907675194,0.8791991101223582,0.08096827744253876,0.2187694160384126
FairAA_Adv,0.3598551938959685,7,0.7094229361431295,0.24546717179551042,0.5660734149054505,0.8890989988876529,0.04309142854958101,0.25394924997817725
FairAA_Adv,0.4770664608946602,7,0.6912399696093272,0.24274535311023587,0.510678531701891,0.8761957730812014,0.03029764517496388,0.3033797080279328
FairAA_Adv,0.632455532033676,7,0.6598989755877016,0.25867006083330785,0.47530589543937707,0.9024471635150165,0.017249705096874117,0.3548488329979591
FairAA_Adv,0.8384576003307075,7,0.609614214322159,0.25281724581070775,0.47252502780867633,0.9024471635150167,0.019760641664315744,0.3435709999757819
FairAA_Adv,1.111558223377032,7,0.6395935565765054,0.23788942583665856,0.47630700778642937,0.9058954393770856,0.008949367087420487,0.2927909999853
FairAA_Adv,1.473612599456155,7,0.6269843070687345,0.2572717512620441,0.46885428253615125,0.8987764182424917,0.009185461962555722,0.23791341704782099
FairAA_Adv,1.953594555468786,7,0.272707016316762,1.1415133509740727,0.8703003337041156,0.9244716351501667,0.2785218727724283,0.3178646249580197
FairAA_Adv,2.589915211478102,7,-1.0494000939968768,2.7512743089323166,1.0,1.0,0.5,0.02516366698546335
FairAA_Adv,3.433496875730229,7,-1.0494000939968768,2.7512743089323166,1.0,1.0,0.5,0.02151916699949652
FairAA_Adv,4.551848162211128,7,-1.0494000939968768,2.7512743089323166,1.0,1.0,0.5,0.02053779101697728
FairAA_Adv,6.034466446811105,7,-1.0494000939968768,2.7512743089323166,1.0,1.0,0.5,0.021272666985169053
FairAA_Adv,7.999999999999999,7,-0.9373543519003946,2.7512743089323166,1.0,1.0,0.5,0.021620041981805116
FairAA_Adv,0.0,8,0.977510277928382,1.1088626845677645,1.0,0.9487208008898775,0.3151543202162451,0.06950570800108835
FairAA_Adv,0.049999999999999996,8,0.9528330677335889,0.779970756249481,0.888654060066741,0.867964404894327,0.25216146557668073,0.2699395419913344
FairAA_Adv,0.06628589346310458,8,0.9389617279145921,0.6963611592464298,0.8555061179087875,0.8615127919911012,0.23223038920521688,0.22618912503821775
FairAA_Adv,0.08787639344404101,8,0.9201096021664721,0.611292085482144,0.8212458286985539,0.8481646273637375,0.20965477053004358,0.1896500409930013
FairAA_Adv,0.1164993050750713,8,0.88995842750012,0.5061252738457975,0.7812013348164628,0.8018909899888765,0.17759954792362395,0.2706251249765046
FairAA_Adv,0.15444521049463789,8,0.8509927142116864,0.4085503456901944,0.7377085650723026,0.8016685205784204,0.14275082650508997,0.2793064590077847
FairAA_Adv,0.20475077537468658,8,0.8089638456418992,0.3365268208925342,0.6843159065628476,0.8345939933259178,0.109743886817851,0.15207220800220966
FairAA_Adv,0.2714417616594907,8,0.7615693066755472,0.28072051099485157,0.6373748609566185,0.8734149054505007,0.08096865656818268,0.21944633300881833
FairAA_Adv,0.3598551938959685,8,0.7094233865158681,0.24547670608115563,0.585650723025584,0.9088987764182426,0.043091077028204104,0.2593976660282351
FairAA_Adv,0.4770664608946602,8,0.7053699102445471,0.2514515414610474,0.5890989988876529,0.8987764182424917,0.03933161449055672,0.3075241250335239
FairAA_Adv,0.632455532033676,8,0.5688649889960786,0.2531546524234854,0.5026696329254727,0.935817575083426,0.021095803822654517,0.3540399170015007
FairAA_Adv,0.8384576003307075,8,0.6096197696136518,0.25281059432830305,0.4921023359288098,0.932146829810901,0.019758318390699033,0.3497240000288002
FairAA_Adv,1.111558223377032,8,0.6395918300530272,0.23787578638820878,0.48086763070077865,0.9192436040044495,0.008950061521531189,0.2958504590205848
FairAA_Adv,1.473612599456155,8,0.6279657470422936,0.25687127545086097,0.4530589543937708,0.9093437152391546,0.008613044846840487,0.23802212497685105
FairAA_Adv,1.953594555468786,8,0.2717431173790662,1.1413911371722272,0.8636262513904338,0.9005561735261403,0.2788703562169731,0.34192779200384393
FairAA_Adv,2.589915211478102,8,0.34256613084675114,0.24092039975108454,0.446384872080089,0.9139043381535039,0.0032968617443523696,0.018458625010680407
FairAA_Adv,3.433496875730229,8,-3.4010439849815217,2.7512743089323166,1.0,1.0,0.5,0.02171224995981902
FairAA_Adv,4.551848162211128,8,-0.6580197318110692,2.7512743089323166,1.0,1.0,0.5,0.02148045803187415
FairAA_Adv,6.034466446811105,8,-0.6580197318110692,2.7512743089323166,1.0,1.0,0.5,0.020426167000550777
FairAA_Adv,7.999999999999999,8,-0.7918980437146297,2.7512743089323166,1.0,1.0,0.5,0.020982167043257505
FairAA_Adv,0.0,9,0.9775102779283813,1.1088626767228065,1.0,0.9558398220244717,0.3151543182781746,0.07177820801734924
FairAA_Adv,0.049999999999999996,9,0.9528341007655938,0.7800120303820857,0.8654060066740822,0.8755283648498331,0.2521748159678152,0.19409608299611136
FairAA_Adv,0.06628589346310458,9,0.9389644353823083,0.6963538699518221,0.8350389321468299,0.867741935483871,0.23219469657232666,0.32250333396950737
FairAA_Adv,0.08787639344404101,9,0.9192183276489221,0.6083562757192602,0.8216907675194662,0.8451612903225806,0.2090869056770789,0.2978842090233229
FairAA_Adv,0.1164993050750713,9,0.8918687342121209,0.5107583393346355,0.7756395995550612,0.8619577308120133,0.1785349647248945,0.29215979197761044
FairAA_Adv,0.15444521049463789,9,0.8320641230831547,0.3738373325934097,0.7226918798665183,0.8378197997775306,0.13239870744809434,0.2719910840387456
FairAA_Adv,0.20475077537468658,9,0.7934468147086746,0.3158810314293635,0.6559510567296997,0.8591768631813126,0.10987683654294572,0.16764225001679733
FairAA_Adv,0.2714417616594907,9,0.6989431874944534,0.21463817908868382,0.5919911012235819,0.892769744160178,0.05609952873247637,0.29237745801219717
FairAA_Adv,0.3598551938959685,9,0.6563884448309563,0.20902781411156068,0.4312569521690768,0.88587319243604,0.013730235278724807,0.20103604200994596
FairAA_Adv,0.4770664608946602,9,0.5527193491628781,0.2530931522233727,0.5525027808676307,0.9261401557285873,0.05009019063963438,0.28955591697013006
FairAA_Adv,0.632455532033676,9,0.4007043836109503,0.331636991973688,0.6483870967741936,0.950055617352614,0.08552735798884586,0.3319349579978734
FairAA_Adv,0.8384576003307075,9,0.6297885859172796,0.2073216750239621,0.3687430478309232,0.8582869855394882,0.00859395155318688,0.28973991703242064
FairAA_Adv,1.111558223377032,9,0.6352823439388618,0.2569960508229134,0.3796440489432703,0.9293659621802002,0.0031619668565989953,0.3553806669660844
FairAA_Adv,1.473612599456155,9,0.6203109589553621,0.2609370431920686,0.4456062291434927,0.9130144605116796,0.014571718796601178,0.3504042910062708
FairAA_Adv,1.953594555468786,9,0.6516941852760927,0.2533523011197672,0.3816462736373748,0.9196885428253614,0.004196588757851054,0.3394802919938229
FairAA_Adv,2.589915211478102,9,-3.4010439849815217,2.7512743089323166,1.0,1.0,0.5,0.023358499980531633
FairAA_Adv,3.433496875730229,9,-1.0494000939968768,2.7512743089323166,1.0,1.0,0.5,0.02143391699064523
FairAA_Adv,4.551848162211128,9,-3.4010439849815217,2.7512743089323175,1.0,1.0,0.5,0.02039912500185892
FairAA_Adv,6.034466446811105,9,-3.4010439849815217,2.7512743089323166,1.0,1.0,0.5,0.020760957966558635
FairAA_Adv,7.999999999999999,9,-1.0494000939968768,2.7512743089323175,1.0,1.0,0.5,0.020924791984725744
FairAA_Adv,0.0,10,0.9775102779283817,1.108862679531395,0.9765294771968854,0.9629588431590657,0.3151543192679053,0.08143224997911602
FairAA_Adv,0.049999999999999996,10,0.9528245255841533,0.7799239489369518,0.8761957730812012,0.892992213570634,0.2521521097041341,0.2581574579817243
FairAA_Adv,0.06628589346310458,10,0.9389646110873113,0.6963541112152849,0.8632925472747497,0.8932146829810902,0.23219453530747144,0.3172254160162993
FairAA_Adv,0.08787639344404101,10,0.919218322485655,0.6083562267931314,0.8361512791991099,0.8734149054505005,0.20908686362314743,0.2923525840160437
FairAA_Adv,0.1164993050750713,10,0.8918687383233949,0.5107583339165822,0.7935483870967742,0.8529477196885429,0.1785349597727604,0.28938375000143424
FairAA_Adv,0.15444521049463789,10,0.8320641289154881,0.37383735657655187,0.7337041156840934,0.8559510567296996,0.1323987158312256,0.27156437502708286
FairAA_Adv,0.20475077537468658,10,0.7934468112883937,0.3158810483112075,0.703781979977753,0.8697441601779754,0.10987683008112484,0.16554725001333281
FairAA_Adv,0.2714417616594907,10,0.6989373597674796,0.21463991388554388,0.6329254727474972,0.8994438264738598,0.05610134465175046,0.2904795409995131
FairAA_Adv,0.3598551938959685,10,0.6563802391384322,0.2090098136811293,0.4327030033370411,0.8923248053392658,0.013727193241081723,0.1996316669974476
FairAA_Adv,0.4770664608946602,10,0.7060726013068895,0.2503162638084672,0.5911012235817574,0.889098998887653,0.03960027041883788,0.2515259580104612
FairAA_Adv,0.632455532033676,10,0.6254714321089775,0.22514178979770672,0.4682981090100111,0.9224694104560622,0.00830831170695217,0.29399929102510214
FairAA_Adv,0.8384576003307075,10,0.5497135935804616,0.27627112724811287,0.5410456062291434,0.9353726362625139,0.051839084896541175,0.30725204199552536
FairAA_Adv,1.111558223377032,10,0.5701349890608451,0.27399621093765436,0.5162402669632925,0.9289210233592881,0.04180200183763456,0.36181212501833215
FairAA_Adv,1.473612599456155,10,0.6227222179466972,0.25920998732912276,0.46896551724137936,0.922246941045606,0.011632561123095617,0.3476342920330353
FairAA_Adv,1.953594555468786,10,0.16964251504904693,1.136642945579654,0.8749721913236929,0.9259176863181313,0.2604514980827531,0.32189862499944866
FairAA_Adv,2.589915211478102,10,0.481080778701231,0.23713690796979725,0.43904338153503886,0.9035595105672968,0.00927168431048555,0.033675833023153245
FairAA_Adv,3.433496875730229,10,-3.4010439849815217,2.7512743089323166,1.0,1.0,0.5,0.021779541042633355
FairAA_Adv,4.551848162211128,10,-2.929161044340116,2.7512743089323175,1.0,1.0,0.5,0.024463958048727363
FairAA_Adv,6.034466446811105,10,-0.6580197318110692,2.7512743089323166,1.0,1.0,0.5,0.02182562497910112
FairAA_Adv,7.999999999999999,10,-0.6580197318110692,2.7512743089323166,1.0,1.0,0.5,0.02090729196788743
FairAA_Adv,0.0,11,0.9775102779283821,1.1088626814761593,0.9864293659621802,0.9622914349276975,0.3151543191957173,0.08145941700786352
FairAA_Adv,0.049999999999999996,11,0.9528340934628243,0.7800119059421866,0.8783092324805338,0.8744160177975528,0.25217477318344395,0.19036725000478327
FairAA_Adv,0.06628589346310458,11,0.9389644075130533,0.6963537248963638,0.8543937708565073,0.8576195773081201,0.23219467518899214,0.3199453330016695
FairAA_Adv,0.08787639344404101,11,0.9192183271902771,0.6083562693779816,0.8210233592880979,0.8741935483870968,0.20908690359276705,0.28949766600271687
FairAA_Adv,0.1164993050750713,11,0.8918687343301769,0.5107583392264867,0.771523915461624,0.8739710789766407,0.17853496494573823,0.28440224996302277
FairAA_Adv,0.15444521049463789,11,0.8320641232104108,0.37383733301757893,0.7347052280311457,0.8507230255839822,0.13239870759723837,0.27403762500034645
FairAA_Adv,0.20475077537468658,11,0.793446814603578,0.31588103238105636,0.6776418242491659,0.864516129032258,0.10987683598810633,0.1664991250145249
FairAA_Adv,0.2714417616594907,11,0.6989409542113603,0.21464040796294265,0.5927697441601779,0.892992213570634,0.0561002545382902,0.289839832985308
FairAA_Adv,0.3598551938959685,11,0.6563840732568509,0.20901418301383395,0.46985539488320355,0.896662958843159,0.013728648292618335,0.20184454100672156
FairAA_Adv,0.4770664608946602,11,0.5245834217565519,0.24494713459635942,0.52880978865406,0.9560622914349277,0.03803846932992183,0.34171875001629815
FairAA_Adv,0.632455532033676,11,0.679540499509633,0.251295969543322,0.5105672969966629,0.896440489432703,0.021002292094493523,0.2650619589840062
FairAA_Adv,0.8384576003307075,11,0.40690987181560456,0.3541707575967806,0.6288097886540601,0.9728587319243603,0.08902642535020955,0.30882691603619605
FairAA_Adv,1.111558223377032,11,0.6331656036223408,0.2542351086925394,0.46362625139043373,0.9203559510567297,0.00322210478430026,0.35765083302976564
FairAA_Adv,1.473612599456155,11,0.6105807416658204,0.2645959579775046,0.4925472747497219,0.9104560622914348,0.020454404411561315,0.3485248750075698
FairAA_Adv,1.953594555468786,11,0.6339162781052712,0.26648253217879564,0.4369299221357063,0.9424916573971078,0.008017774221450016,0.2743582499679178
FairAA_Adv,2.589915211478102,11,0.6271313074823743,0.2550097152221014,0.485650723025584,0.9362625139043381,0.011504934836535481,0.33831362501950935
FairAA_Adv,3.433496875730229,11,-1.6316362910632027,1.4144982715452379,0.9838709677419356,1.0,0.4849131924524586,0.373318542027846
FairAA_Adv,4.551848162211128,11,-1.0494000939968768,2.7512743089323166,1.0,1.0,0.5,0.1169918340165168
FairAA_Adv,6.034466446811105,11,-1.0494000939968768,2.7512743089323166,1.0,1.0,0.5,0.021624083979986608
FairAA_Adv,7.999999999999999,11,-1.0494000939968768,2.7512743089323166,1.0,1.0,0.5,0.021104332990944386
FairAA_Adv,0.0,12,0.9775102779283812,1.1088626775866153,0.9967741935483871,0.960400444938821,0.3151543172484481,0.08138312504161149
FairAA_Adv,0.049999999999999996,12,0.9528341011351388,0.7800120524051666,0.8563959955506117,0.8563959955506117,0.2521748209107497,0.19657224998809397
FairAA_Adv,0.06628589346310458,12,0.9389644065598879,0.6963537260502826,0.842602892102336,0.8566184649610677,0.23219467648436531,0.31364633300108835
FairAA_Adv,0.08787639344404101,12,0.9192183277202732,0.6083562775216852,0.8090100111234705,0.8497219132369299,0.20908690611483,0.28611087502213195
FairAA_Adv,0.1164993050750713,12,0.8918687342066136,0.5107583396667346,0.7827586206896552,0.8492769744160178,0.17853496468473332,0.2908530420390889
FairAA_Adv,0.15444521049463789,12,0.8320641230029736,0.3738373327245014,0.7459399332591768,0.839377085650723,0.13239870726328884,0.27578124997671694
FairAA_Adv,0.20475077537468658,12,0.7934468151404901,0.3158810323732943,0.7056729699666296,0.8391546162402669,0.10987683613587299,0.18017970898654312
FairAA_Adv,0.2714417616594907,12,0.6989387099908912,0.2146423169624077,0.6274749721913238,0.8810901001112347,0.056100859450558774,0.29347341699758545
FairAA_Adv,0.3598551938959685,12,0.6563837093390272,0.2090169311868123,0.5261401557285874,0.9026696329254728,0.013728444300570776,0.2041365000186488
FairAA_Adv,0.4770664608946602,12,0.7001673570781546,0.24818695953432252,0.5854282536151278,0.896440489432703,0.035487107224218495,0.26888041698839515
FairAA_Adv,0.632455532033676,12,0.6809228790484052,0.24279537393692324,0.532369299221357,0.8998887652947719,0.022913123571941182,0.3400713340379298
FairAA_Adv,0.8384576003307075,12,0.6682882048217398,0.2598427030415725,0.5215795328142381,0.899666295884316,0.018047161101302667,0.38203770900145173
FairAA_Adv,1.111558223377032,12,0.6382343649490898,0.22363704147472324,0.4517241379310345,0.9063403781979978,0.006334368215882034,0.359436959028244
FairAA_Adv,1.473612599456155,12,0.6063727834499533,0.2672066514615407,0.5022246941045607,0.9397107897664071,0.023063172566548627,0.29077391600003466
FairAA_Adv,1.953594555468786,12,0.655046463688544,0.2712686295937205,0.47219132369299227,0.9224694104560622,0.00677253055432301,0.3132668340113014
FairAA_Adv,2.589915211478102,12,0.6562334170375286,0.25853282454615606,0.49466073414905454,0.9127919911012237,0.005906323404532163,0.3703332500299439
FairAA_Adv,3.433496875730229,12,0.6510169827433627,0.2517268228289395,0.47119021134593997,0.936040044493882,0.0024282884716178357,0.3657023329869844
FairAA_Adv,4.551848162211128,12,-1.0494000939968768,2.7512743089323166,1.0,1.0,0.5,0.025231624953448772
FairAA_Adv,6.034466446811105,12,-1.0494000939968768,2.7512743089323166,1.0,1.0,0.5,0.02194612502353266
FairAA_Adv,7.999999999999999,12,-3.3035392361734566,2.7512743089323166,1.0,1.0,0.5,0.02110008301679045
FairAA_Adv,0.0,13,0.9775102779283814,1.1088626798474248,0.9866518353726363,0.9864293659621801,0.3151543184243537,0.07673170801717788
FairAA_Adv,0.049999999999999996,13,0.9528242782497104,0.7799063691841452,0.8957730812013349,0.8918798665183537,0.2521463621164167,0.27962966699851677
FairAA_Adv,0.06628589346310458,13,0.938961747524727,0.6963584497482525,0.885650723025584,0.8989988876529477,0.23222826762825682,0.2984503749758005
FairAA_Adv,0.08787639344404101,13,0.9191659969533478,0.6081204074902141,0.8591768631813125,0.9121245828698553,0.2090304634165216,0.2466576249571517
FairAA_Adv,0.1164993050750713,13,0.8889957020405844,0.503416347545653,0.8126807563959956,0.8815350389321468,0.1770108532983595,0.2584071670426056
FairAA_Adv,0.15444521049463789,13,0.8517740671428509,0.41003882647196965,0.7758620689655172,0.8505005561735262,0.14319929195806852,0.2818482920411043
FairAA_Adv,0.20475077537468658,13,0.8090801145792035,0.336660726689709,0.7383759733036708,0.8675194660734148,0.10965880674289699,0.19062412501079962
FairAA_Adv,0.2714417616594907,13,0.7089384258601645,0.2289137763708622,0.5513904338153505,0.8714126807563961,0.0501702170821029,0.25878295896109194
FairAA_Adv,0.3598551938959685,13,0.7335848408468089,0.2614951819187533,0.6054505005561734,0.860400444938821,0.05864980178545155,0.2740850410191342
FairAA_Adv,0.4770664608946602,13,0.6771097152437713,0.24842156193096454,0.48909899888765296,0.8778642936596219,0.02666441922137404,0.37534841703018174
FairAA_Adv,0.632455532033676,13,0.5393625936497838,0.27919578187316374,0.5501668520578422,0.9314794215795329,0.06044595889424243,0.29740866704378277
FairAA_Adv,0.8384576003307075,13,0.6522588946968151,0.24919180286348408,0.4573971078976641,0.8914349276974416,0.005199224904152783,0.29573758301557973
FairAA_Adv,1.111558223377032,13,0.6488691453904726,0.2744949499066652,0.46195773081201336,0.8849833147942157,0.00575914281587047,0.3154676249832846
FairAA_Adv,1.473612599456155,13,0.6136472139989604,0.260091951807693,0.46974416017797554,0.9013348164627363,0.017958684653637348,0.325420374982059
FairAA_Adv,1.953594555468786,13,0.6377628879532474,0.2555959487600496,0.4258064516129032,0.9013348164627363,0.004622236409052648,0.3684352500131354
FairAA_Adv,2.589915211478102,13,-1.0494000939968768,2.7512743089323166,1.0,1.0,0.5,0.026771874981932342
FairAA_Adv,3.433496875730229,13,-2.447704407201124,2.7512743089323166,1.0,1.0,0.5,0.01592000003438443
FairAA_Adv,4.551848162211128,13,-3.4010439849815217,2.7512743089323166,1.0,1.0,0.5,0.02435533399693668
FairAA_Adv,6.034466446811105,13,-1.0494000939968768,2.7512743089323175,1.0,1.0,0.5,0.021503625030163676
FairAA_Adv,7.999999999999999,13,-1.0494000939968768,2.7512743089323166,1.0,1.0,0.5,0.021339833037927747
FairAA_Adv,0.0,14,0.9775102779283814,1.1088626761618696,0.9965517241379309,0.9590656284760846,0.31515431812936767,0.07819791603833437
FairAA_Adv,0.049999999999999996,14,0.9528324328617079,0.780003654097108,0.8624026696329254,0.8723025583982202,0.25217344903393313,0.21324162505334243
FairAA_Adv,0.06628589346310458,14,0.9389643296094802,0.6963533104903181,0.8453837597330367,0.846273637374861,0.2321946130866045,0.329864458006341
FairAA_Adv,0.08787639344404101,14,0.9191657972385187,0.6081666830833898,0.8078976640711902,0.8522803114571745,0.20905254614984095,0.28148908296134323
FairAA_Adv,0.1164993050750713,14,0.8918687343705054,0.5107583387352572,0.7648498331479422,0.842602892102336,0.17853496386554796,0.28679033304797485
FairAA_Adv,0.15444521049463789,14,0.8320641234905851,0.37383733374815004,0.7086763070077865,0.8624026696329254,0.13239870808959242,0.2700320410076529
FairAA_Adv,0.20475077537468658,14,0.7934468152499319,0.3158810324314345,0.6815350389321468,0.8602892102335928,0.10987683683471616,0.16451487503945827
FairAA_Adv,0.2714417616594907,14,0.6989390258570611,0.21464219508164833,0.5865406006674083,0.8890989988876529,0.05610080424033512,0.2942243330180645
FairAA_Adv,0.3598551938959685,14,0.6563827926751687,0.2090138976694199,0.4847608453837598,0.9125695216907674,0.013728136937831419,0.19671495800139382
FairAA_Adv,0.4770664608946602,14,0.6881727478986623,0.25146775678206557,0.5408231368186873,0.9457174638487208,0.03242090813187556,0.36257462500361726
FairAA_Adv,0.632455532033676,14,0.6254429489256252,0.24333061079062218,0.5184649610678532,0.94293659621802,0.002241263851469673,0.35475350002525374
FairAA_Adv,0.8384576003307075,14,0.5918960727461184,0.26013063965792727,0.5371523915461623,0.949610678531702,0.028998915953041757,0.3384264169726521
FairAA_Adv,1.111558223377032,14,0.6566173884185709,0.24786887699139903,0.5126807563959955,0.9330367074527253,0.008587543524291176,0.29463095898972824
FairAA_Adv,1.473612599456155,14,0.6129352132318743,0.25746532406186085,0.53559510567297,0.9399332591768632,0.016132087920365905,0.2252955000149086
FairAA_Adv,1.953594555468786,14,-1.8296948073617818,2.6683759330412213,0.9896551724137931,0.9896551724137931,0.4951923076923077,0.3260883750044741
FairAA_Adv,2.589915211478102,14,0.6398283139515917,0.25294126840687936,0.5375973303670745,0.943159065628476,0.003305808737776042,0.3503277080017142
FairAA_Adv,3.433496875730229,14,-1.8835927375046566,2.7512743089323166,1.0,1.0,0.5,0.27821716596372426
FairAA_Adv,4.551848162211128,14,-0.6580197318110692,2.7512743089323166,1.0,1.0,0.5,0.028738083026837558
FairAA_Adv,6.034466446811105,14,-0.47051889406667735,2.7512743089323166,1.0,1.0,0.5,0.02097049995791167
FairAA_Adv,7.999999999999999,14,-0.5188184327971483,2.7512743089323166,1.0,1.0,0.5,0.020936957967933267
FairAA_Adv,0.0,15,0.9775102779283816,1.1088626774516197,0.9870967741935484,0.9769744160177976,0.315154318484085,0.08230833400739357
FairAA_Adv,0.049999999999999996,15,0.9528324773270798,0.7800041985174457,0.8662958843159064,0.8777530589543938,0.25217359842410003,0.2025327499723062
FairAA_Adv,0.06628589346310458,15,0.9389643595291601,0.6963534813789805,0.8531701890989989,0.8745272525027807,0.2321946422486455,0.31405799998901784
FairAA_Adv,0.08787639344404101,15,0.9191657965893127,0.6081666891831128,0.8223581757508341,0.8609566184649611,0.20905254658848024,0.28780295804608613
FairAA_Adv,0.1164993050750713,15,0.8918687342527145,0.5107583388983519,0.7991101223581758,0.8374860956618464,0.17853496454644843,0.2887474169838242
FairAA_Adv,0.15444521049463789,15,0.8320641232732955,0.3738373332733839,0.7427141268075641,0.8506117908787543,0.1323987078480648,0.27104141702875495
FairAA_Adv,0.20475077537468658,15,0.7934468176794715,0.3158810333141731,0.696218020022247,0.8646273637374862,0.1098768379688008,0.16839008301030844
FairAA_Adv,0.2714417616594907,15,0.6989382291022581,0.21464144880009117,0.610901001112347,0.907007786429366,0.056101051907739605,0.2919017919921316
FairAA_Adv,0.3598551938959685,15,0.6563816440806356,0.2090121180671008,0.5149054505005562,0.8863181312569521,0.013727711252796718,0.19931966601870954
FairAA_Adv,0.4770664608946602,15,0.6892276728346802,0.26547408681093104,0.5104560622914349,0.90055617352614,0.02634810676460183,0.27967945899581537
FairAA_Adv,0.632455532033676,15,0.536636865226603,0.27165055118307924,0.539599555061179,0.9502780867630701,0.055965543813609124,0.3024133750004694
FairAA_Adv,0.8384576003307075,15,0.4127592812809585,0.3503937209809253,0.5968854282536151,0.9767519466073414,0.08749620409098152,0.31668812496354803
FairAA_Adv,1.111558223377032,15,0.6614749645712965,0.25469214308828275,0.45917686318131257,0.9132369299221358,0.012996378861987623,0.2720857079839334
FairAA_Adv,1.473612599456155,15,0.6187321772977497,0.26835574128155365,0.5066740823136819,0.9403781979977752,0.012852951810288518,0.3222287080134265
FairAA_Adv,1.953594555468786,15,-1.4123231358375903,2.2246225820726924,0.9903225806451612,0.9903225806451612,0.4903846153846154,0.26454191701486707
FairAA_Adv,2.589915211478102,15,0.5631138087582692,0.20971817872132786,0.4974416017797553,0.9231368186874305,0.010680987966914836,0.022561042045708746
FairAA_Adv,3.433496875730229,15,-3.4010439849815217,2.7512743089323166,1.0,1.0,0.5,0.02222774998517707
FairAA_Adv,4.551848162211128,15,0.23302173645723911,0.442289594855471,0.560622914349277,0.8151279199110121,0.02727857624783426,0.013529874966479838
FairAA_Adv,6.034466446811105,15,-0.9373543519003946,2.7512743089323166,1.0,1.0,0.5,0.02142504195217043
FairAA_Adv,7.999999999999999,15,-0.9373543519003946,2.7512743089323166,1.0,1.0,0.5,0.021857624989934266
FairAA_Adv,0.0,16,0.9775102779283817,1.108862680811241,0.9797552836484982,0.9763070077864295,0.3151543199353339,0.08599354198668152
FairAA_Adv,0.049999999999999996,16,0.9528332725349419,0.7800081262706909,0.8989988876529477,0.8783092324805338,0.2521742254019153,0.1890822920249775
FairAA_Adv,0.06628589346310458,16,0.938968305399471,0.6963916715092691,0.8785317018909901,0.8914349276974416,0.23223442477906958,0.246430083992891
FairAA_Adv,0.08787639344404101,16,0.9201096825220533,0.6112913213596627,0.8481646273637373,0.8576195773081201,0.20965501450386342,0.21123191603692248
FairAA_Adv,0.1164993050750713,16,0.889958400175008,0.506125171585332,0.7984427141268077,0.8552836484983315,0.1775995044096562,0.27069058298366144
FairAA_Adv,0.15444521049463789,16,0.8509908914110429,0.40854699712770803,0.7751946607341491,0.8444938820912125,0.14274972118040466,0.2820712919929065
FairAA_Adv,0.20475077537468658,16,0.8084810759247989,0.3358047836375913,0.7317018909899888,0.8789766407119022,0.10945991770327151,0.15443645894993097
FairAA_Adv,0.2714417616594907,16,0.7615691935191845,0.2807203513950076,0.6806451612903224,0.90678531701891,0.08096861687224133,0.21788570802891627
FairAA_Adv,0.3598551938959685,16,0.7094228271826724,0.24547442512548628,0.617908787541713,0.9119021134593993,0.04309113757489664,0.2527179580065422
FairAA_Adv,0.4770664608946602,16,0.7053689309282156,0.2514507661527314,0.5903225806451613,0.9050055617352613,0.039331340026684085,0.30659429100342095
FairAA_Adv,0.632455532033676,16,0.5688680587017252,0.2531547721614491,0.4761957730812013,0.9330367074527253,0.021095872375047245,0.35277858399786055
FairAA_Adv,0.8384576003307075,16,0.609619213134654,0.25281127046950597,0.47897664071190216,0.9289210233592881,0.019758541943651522,0.3453297499800101
FairAA_Adv,1.111558223377032,16,0.6395945073415259,0.23787087355073766,0.48231368186874307,0.9229143492769744,0.008933671313111187,0.297617917007301
FairAA_Adv,1.473612599456155,16,0.6272525699355089,0.25716977700885346,0.4795328142380423,0.9127919911012234,0.009041792457002568,0.24055924999993294
FairAA_Adv,1.953594555468786,16,0.27115684541504115,1.1424921150610707,0.89265850945495,0.9369299221357064,0.278776432181141,0.31616870797006413
FairAA_Adv,2.589915211478102,16,-3.4010439849815217,2.7512743089323166,1.0,1.0,0.5,0.02341262495610863
FairAA_Adv,3.433496875730229,16,-2.929161044340116,2.7512743089323166,1.0,1.0,0.5,0.023858666012529284
FairAA_Adv,4.551848162211128,16,-0.6580197318110692,2.7512743089323166,1.0,1.0,0.5,0.022886041027959436
FairAA_Adv,6.034466446811105,16,-0.5961039847891414,2.7512743089323166,1.0,1.0,0.5,0.11537150002550334
FairAA_Adv,7.999999999999999,16,-3.164697612864167,2.7512743089323166,1.0,1.0,0.5,0.11382670799503103
FairAA_Adv,0.0,17,0.9775102779283823,1.1088626814726514,0.9903225806451612,0.9666295884315905,0.3151543181450531,0.09137254202505574
FairAA_Adv,0.049999999999999996,17,0.9528326052373473,0.7800048172364882,0.8704115684093436,0.857730812013348,0.2521736919169224,0.20169045799411833
FairAA_Adv,0.06628589346310458,17,0.9389644012097105,0.696353691968584,0.8471635150166851,0.8710789766407119,0.23219467015021478,0.31379875005222857
FairAA_Adv,0.08787639344404101,17,0.9192183276969982,0.6083562767087005,0.80734149054505,0.8510567296996662,0.20908690578327238,0.2927418749895878
FairAA_Adv,0.1164993050750713,17,0.8918687341842033,0.5107583372297374,0.7675194660734149,0.8409343715239155,0.17853496365178412,0.28436841699294746
FairAA_Adv,0.15444521049463789,17,0.8320641226037857,0.3738373363659955,0.7281423804226919,0.8135706340378199,0.13239870683672075,0.27155808301176876
FairAA_Adv,0.20475077537468658,17,0.7934468160992606,0.31588103593986216,0.6915461624026696,0.8773081201334815,0.10987683614755506,0.16599150002002716
FairAA_Adv,0.2714417616594907,17,0.6989429953245215,0.21463888506061696,0.6133481646273637,0.9104560622914348,0.05609987265209867,0.2903874999610707
FairAA_Adv,0.3598551938959685,17,0.6563792068116439,0.20899814410730821,0.5121245828698554,0.882869855394883,0.013727040542747787,0.20308537501841784
FairAA_Adv,0.4770664608946602,17,0.6584009071782324,0.23990090428728972,0.5065628476084538,0.9394883203559511,0.019460770891911262,0.37943241704488173
FairAA_Adv,0.632455532033676,17,0.6840856137661315,0.2512876781702287,0.5318131256952169,0.9201334816462736,0.02569528715202348,0.27729958295822144
FairAA_Adv,0.8384576003307075,17,0.41047887324389465,0.3525374570969652,0.6293659621802001,0.9659621802002224,0.08767500320547841,0.34133583394577727
FairAA_Adv,1.111558223377032,17,0.5817570399561596,0.25663853454012625,0.536040044493882,0.9558398220244715,0.03893250102443445,0.29954766703303903
FairAA_Adv,1.473612599456155,17,0.6225079932382702,0.2629920096680034,0.5869855394883203,0.9325917686318131,0.014375237532776017,0.2617198329535313
FairAA_Adv,1.953594555468786,17,0.6339112147764336,0.2516985541736581,0.4957730812013348,0.9422691879866519,0.007041866269235975,0.41358875000150874
FairAA_Adv,2.589915211478102,17,-1.0458834285010603,2.6986195583822994,0.9967741935483871,0.9967741935483871,0.4951923076923077,0.023099042009562254
FairAA_Adv,3.433496875730229,17,0.20756780297071886,0.35972055794042473,0.5699666295884316,0.7921023359288097,0.026895743723690545,0.023834791965782642
FairAA_Adv,4.551848162211128,17,-0.1374824277863247,0.02626275245588805,0.47252502780867633,0.49176863181312563,0.0029593711773894943,0.02182458300376311
FairAA_Adv,6.034466446811105,17,-3.4010439849815217,2.7512743089323175,1.0,1.0,0.5,0.020625334000214934
FairAA_Adv,7.999999999999999,17,-1.0494000939968768,2.7512743089323175,1.0,1.0,0.5,0.02111462503671646
FairAA_Adv,0.0,18,0.977510277928382,1.108862677765204,0.9967741935483871,0.9694104560622915,0.31515431859241194,0.0820769999991171
FairAA_Adv,0.049999999999999996,18,0.9528331987434664,0.7800074610049368,0.9061179087875416,0.9194660734149055,0.25217406312872553,0.2050339170382358
FairAA_Adv,0.06628589346310458,18,0.9389645577258718,0.6963544686299091,0.8959955506117907,0.9020022246941046,0.23219477318393303,0.3145019169896841
FairAA_Adv,0.08787639344404101,18,0.9192183270517439,0.6083562688219399,0.8492769744160178,0.8994438264738598,0.20908690236014732,0.29038525000214577
FairAA_Adv,0.1164993050750713,18,0.886861374820988,0.4973969246851261,0.8126807563959956,0.8822024471635149,0.175420492853144,0.28615870798239484
FairAA_Adv,0.15444521049463789,18,0.832064123180394,0.37383733616426146,0.7726362625139045,0.8555061179087875,0.1323987074837853,0.26832183299120516
FairAA_Adv,0.20475077537468658,18,0.7934468144750355,0.31588103520321653,0.7254727474972192,0.8697441601779756,0.10987683517355279,0.1679893329855986
FairAA_Adv,0.2714417616594907,18,0.6989423267049005,0.2146387183736327,0.6136818687430479,0.8863181312569521,0.056099637826166907,0.2909490420133807
FairAA_Adv,0.3598551938959685,18,0.7353583999458755,0.2633460908781476,0.6378197997775306,0.9058954393770857,0.05920875511978486,0.2766507909982465
FairAA_Adv,0.4770664608946602,18,0.6466894594899991,0.22700279644016474,0.42736373748609563,0.9095661846496107,0.004080530206561718,0.2891188749927096
FairAA_Adv,0.632455532033676,18,0.6359731829339614,0.2365791642963847,0.43859844271412685,0.9226918798665183,0.003743408100655689,0.2677206660155207
FairAA_Adv,0.8384576003307075,18,0.6077747412612506,0.24944578621366437,0.46562847608453833,0.9190211345939933,0.02056413870498216,0.3141393749974668
FairAA_Adv,1.111558223377032,18,0.5688168588113963,0.2767787930790262,0.5417130144605117,0.9325917686318131,0.043708079602611284,0.36458570801187307
FairAA_Adv,1.473612599456155,18,0.6053760310759903,0.26689521323989424,0.4723025583982203,0.9125695216907677,0.023165049119170195,0.3362737080315128
FairAA_Adv,1.953594555468786,18,0.6539685428796638,0.27374426177067746,0.4685205784204672,0.9385984427141268,0.005856369829249815,0.2762319580069743
FairAA_Adv,2.589915211478102,18,0.6553420289517595,0.2619452519924157,0.4473859844271413,0.9190211345939934,0.00471521043545408,0.3646770410123281
FairAA_Adv,3.433496875730229,18,0.6355509050353434,0.27991979473171585,0.4457174638487208,0.9153503893214683,0.007550111659521817,0.3673891249927692
FairAA_Adv,4.551848162211128,18,-0.6580197318110692,2.7512743089323166,1.0,1.0,0.5,0.033706874994095415
FairAA_Adv,6.034466446811105,18,-0.6580197318110692,2.7512743089323166,1.0,1.0,0.5,0.02078654197975993
FairAA_Adv,7.999999999999999,18,-0.8900608166158286,2.7512743089323166,1.0,1.0,0.5,0.021355082979425788
FairAA_Adv,0.0,19,0.9775102779283816,1.1088626867870444,0.9901001112347053,0.956729699666296,0.3151543199134586,0.07912850001594052
FairAA_Adv,0.049999999999999996,19,0.9528333585817524,0.7800085529992775,0.8639599555061178,0.8874304783092326,0.25217429228302746,0.18563383299624547
FairAA_Adv,0.06628589346310458,19,0.9389646666906789,0.6963550397095902,0.8469410456062292,0.860511679644049,0.2321948565485943,0.3217779580154456
FairAA_Adv,0.08787639344404101,19,0.9192183276808035,0.6083562771723874,0.8167964404894328,0.8497219132369299,0.2090869061531729,0.2816960000200197
FairAA_Adv,0.1164993050750713,19,0.8918687342087847,0.5107583397800577,0.7862068965517242,0.8563959955506117,0.17853496430731414,0.2821097089909017
FairAA_Adv,0.15444521049463789,19,0.8320641232015775,0.3738373332129996,0.7298109010011123,0.832480533926585,0.13239870771241286,0.26719166699331254
FairAA_Adv,0.20475077537468658,19,0.7934468145695791,0.31588103134919526,0.6824249165739711,0.8529477196885427,0.10987683654780855,0.1661449170205742
FairAA_Adv,0.2714417616594907,19,0.6989414952338548,0.21463986291848908,0.5872080088987766,0.871635150166852,0.05610007580396526,0.28787033300613984
FairAA_Adv,0.3598551938959685,19,0.6563852053570811,0.20901964889442848,0.4835372636262513,0.8785317018909898,0.01372905738896666,0.2017205419833772
FairAA_Adv,0.4770664608946602,19,0.6820082992594543,0.2526326128820028,0.5288097886540601,0.8953281423804226,0.03281348567729494,0.3741952910204418
FairAA_Adv,0.632455532033676,19,0.6199497208884509,0.23941074643351085,0.496551724137931,0.9119021134593993,0.013836303032125595,0.28761766699608415
FairAA_Adv,0.8384576003307075,19,0.551482783857161,0.2717871218881152,0.575528364849833,0.9157953281423804,0.04609938441110408,0.3349477080046199
FairAA_Adv,1.111558223377032,19,0.49447295603778807,0.30131006855160536,0.6171301446051168,0.9355951056729699,0.061367245276528384,0.39531066600466147
FairAA_Adv,1.473612599456155,19,0.6098007352303374,0.2641755005590221,0.48642936596218017,0.9123470522803114,0.020653602201733776,0.29065770900342613
FairAA_Adv,1.953594555468786,19,0.28844999733309173,1.0597447466516092,0.885984427141268,0.8822024471635149,0.24011324930702493,0.3131464169709943
FairAA_Adv,2.589915211478102,19,0.5285943424836637,0.2641298765639394,0.47630700778642937,0.9291434927697442,0.01764434889577684,0.028423207986634225
FairAA_Adv,3.433496875730229,19,-3.4010439849815217,2.7512743089323166,1.0,1.0,0.5,0.0154954589670524
FairAA_Adv,4.551848162211128,19,-2.369424381758724,2.7512743089323166,1.0,1.0,0.5,0.023647542053367943
FairAA_Adv,6.034466446811105,19,-1.0126421247862987,2.7512743089323166,1.0,1.0,0.5,0.022269167006015778
FairAA_Adv,7.999999999999999,19,-1.0494000939968768,2.7512743089323166,1.0,1.0,0.5,0.022738542000297457
FairAA_MMD,0.0,0,0.9775102779283815,1.1088626740550296,0.9933259176863182,0.9802002224694105,0.3151543169294636,1.4842555419891141
FairAA_MMD,0.5,0,0.977372101555494,1.0853727979976227,0.9834260289210235,0.9700778642936598,0.3098912629642806,0.4565354170044884
FairAA_MMD,0.7338996338110347,0,0.9772358696585574,1.0763979203811223,0.9834260289210235,0.9668520578420468,0.3078354374765379,0.5522833750001155
FairAA_MMD,1.077217345015942,0,0.9769446484088722,1.0612773573835412,0.9834260289210235,0.9535038932146831,0.30443524450861537,0.7489613330108114
FairAA_MMD,1.5811388300841898,0,0.9763656646287834,1.0398333964682975,0.9733036707452726,0.9470522803114572,0.2997187739639492,0.8990549159934744
FairAA_MMD,2.320794416806389,0,0.9752675162546094,1.0110302594712204,0.9698553948832036,0.9470522803114572,0.2934860877064459,0.7674357920186594
FairAA_MMD,3.4064603452898052,0,0.9735298756315695,0.9779629368343401,0.9664071190211345,0.9373748609566185,0.2862644990703085,0.8389040000038221
FairAA_MMD,4.999999999999999,0,0.9699683429779756,0.9274660435187004,0.9599555061179087,0.9171301446051169,0.27576248245648155,0.8605734170414507
FairAA_MMD,7.338996338110344,0,0.960923922928924,0.8243008701673266,0.9261401557285873,0.8968854282536152,0.2540588792726443,0.9131629999610595
FairAA_MMD,10.772173450159416,0,0.9456738996751098,0.7075534567803039,0.8897664071190212,0.853615127919911,0.23107006187968565,0.9059152500121854
FairAA_MMD,15.811388300841895,0,0.9184248607158185,0.558951454937372,0.842602892102336,0.8094549499443826,0.1996802594651977,0.9477799999876879
FairAA_MMD,23.207944168063882,0,0.9272225089472673,0.6090340450497191,0.8593993325917685,0.8469410456062292,0.21237312391512572,0.8645335829933174
FairAA_MMD,34.064603452898055,0,0.8777626280390665,0.4032645640070001,0.7655172413793103,0.739488320355951,0.17182316462592045,0.7678972500143573
FairAA_MMD,49.99999999999999,0,0.7872536045861829,0.17607412669598338,0.6711902113459398,0.574749721913237,0.10978336758860274,0.9328589590149932
FairAA_MMD,73.38996338110344,0,0.7322553194642685,0.09607468916157047,0.6235817575083427,0.5050055617352613,0.07958199901111332,0.660266834020149
FairAA_MMD,107.7217345015941,0,0.6857521573588461,0.05271075386657126,0.5759733036707454,0.42647385984427133,0.05778171935883613,0.9321044160169549
FairAA_MMD,158.11388300841895,0,0.6524998574829937,0.027246933184577105,0.5423804226918799,0.3719688542825361,0.041749449530938364,4.035304584016558
FairAA_MMD,232.07944168063884,0,0.6212465767273111,0.013426855452066011,0.5044493882091212,0.31902113459399334,0.02852368925542461,1.1365055000060238
FairAA_MMD,340.64603452898035,0,0.5927651913092711,0.006318803801657946,0.464182424916574,0.2741935483870968,0.018711607191728173,0.0075247909990139306
FairAA_MMD,499.99999999999994,0,0.5774497240198744,0.0030027781177477397,0.4761957730812013,0.2755283648498331,0.01227928507153761,0.6355164169799536
FairAA_MMD,0.0,1,0.9775102779283817,1.108862681900302,0.9896551724137931,0.9726362625139042,0.3151543196144403,1.395146291994024
FairAA_MMD,0.5,1,0.9773721015693783,1.0853728024590776,0.9793103448275862,0.9726362625139042,0.30989126442334813,0.46242120797978714
FairAA_MMD,0.7338996338110347,1,0.9772358696751317,1.0763979250011242,0.9793103448275862,0.9726362625139042,0.3078354387591171,0.577752125042025
FairAA_MMD,1.077217345015942,1,0.9769446485254969,1.0612773906249127,0.9758620689655171,0.9726362625139042,0.3044352503376902,0.7172687920392491
FairAA_MMD,1.5811388300841898,1,0.9763656646808911,1.0398334008735868,0.9689655172413794,0.9661846496106786,0.2997187759699529,0.83057829097379
FairAA_MMD,2.320794416806389,1,0.9752675163642446,1.0110302488541227,0.9622914349276975,0.9627363737486094,0.293486089942319,0.7602415829896927
FairAA_MMD,3.4064603452898052,1,0.9735298757507687,0.9779629415500684,0.9519466073414906,0.9592880978865406,0.28626450013050164,0.8532306669512764
FairAA_MMD,4.999999999999999,1,0.9699683431221892,0.9274660467390379,0.9484983314794215,0.936040044493882,0.27576248350804067,0.8581969999941066
FairAA_MMD,7.338996338110344,1,0.960923923047295,0.8243008720238258,0.9222469410456062,0.9022246941045606,0.25405887984069453,0.9521227909717709
FairAA_MMD,10.772173450159416,1,0.9456738994500412,0.7075534644954806,0.885650723025584,0.8621802002224694,0.23107006230989846,0.870274499990046
FairAA_MMD,15.811388300841895,1,0.9184248616841334,0.5589515044242004,0.835706340378198,0.8122358175750835,0.19968026245574214,0.88960108399624
FairAA_MMD,23.207944168063882,1,0.9272225094351763,0.6090340571267046,0.8690767519466075,0.8525027808676306,0.21237312568314623,0.9313003330025822
FairAA_MMD,34.064603452898055,1,0.8777626280781196,0.40326455888728563,0.728476084538376,0.7484983314794217,0.1718231658794298,0.7104660409968346
FairAA_MMD,49.99999999999999,1,0.787253606814293,0.1760741338749781,0.6709677419354838,0.6173526140155727,0.10978337670430988,0.9354677079827525
FairAA_MMD,73.38996338110344,1,0.7322553674345125,0.09607475148177308,0.6074527252502782,0.5411568409343716,0.07958201854537392,0.6999360000481829
FairAA_MMD,107.7217345015941,1,0.6857571020241453,0.052715468501105145,0.5630700778642936,0.45784204671857615,0.05778370921732614,0.8715301250340417
FairAA_MMD,158.11388300841895,1,0.6524999232120792,0.02724697605306997,0.5352614015572859,0.3793103448275862,0.04174947162410928,4.343613250006456
FairAA_MMD,232.07944168063884,1,0.6193060615916487,0.013280197081701028,0.5014460511679644,0.360511679644049,0.028447858917545935,1.0134753750171512
FairAA_MMD,340.64603452898035,1,0.5943892406944891,0.0064600067208431255,0.4803114571746384,0.27875417130144603,0.01855304803988629,0.061914583027828485
FairAA_MMD,499.99999999999994,1,0.5759075992832732,0.002998836896701662,0.4699666295884316,0.2378197997775306,0.012281945676288111,0.7409564999979921
FairAA_MMD,0.0,2,0.9775102779283812,1.1088626746465982,0.9933259176863182,0.9765294771968854,0.3151543176680342,1.053348042012658
FairAA_MMD,0.5,2,0.9773721015401953,1.0853727832501607,0.9901001112347053,0.9733036707452726,0.3098912612812508,0.5473181660054252
FairAA_MMD,0.7338996338110347,2,0.9772358696664966,1.0763979426961194,0.9901001112347053,0.9730812013348166,0.30783543819012227,0.6316743750358
FairAA_MMD,1.077217345015942,2,0.9769446484223934,1.061277365823265,0.9832035595105673,0.9698553948832036,0.304435245122034,0.7937669579987414
FairAA_MMD,1.5811388300841898,2,0.9763656646967663,1.0398334197551053,0.9730812013348163,0.9668520578420468,0.29971877711347406,0.7660355000407435
FairAA_MMD,2.320794416806389,2,0.9752675162672199,1.0110302637298427,0.9698553948832036,0.960400444938821,0.29348608840305035,0.7688337920117192
FairAA_MMD,3.4064603452898052,2,0.9735298755936445,0.9779629316280101,0.9698553948832036,0.9539488320355952,0.28626449849196567,0.928599665989168
FairAA_MMD,4.999999999999999,2,0.9699683430453514,0.9274660502978838,0.949833147942158,0.956952169076752,0.27576248363832556,0.8771060829749331
FairAA_MMD,7.338996338110344,2,0.9609239228096541,0.824300874922042,0.9330367074527253,0.9263626251390434,0.254058880499057,0.9319952090154402
FairAA_MMD,10.772173450159416,2,0.9456738994769035,0.7075534703333506,0.90678531701891,0.8731924360400445,0.23107006356078585,0.8035539999837056
FairAA_MMD,15.811388300841895,2,0.9184248607083696,0.5589514553316288,0.8531701890989989,0.8129032258064516,0.19968025942434986,0.9226415409939364
FairAA_MMD,23.207944168063882,2,0.9272225102370184,0.609034055402091,0.8729699666295885,0.8469410456062292,0.21237312706629086,0.8443054580129683
FairAA_MMD,34.064603452898055,2,0.8777626304077855,0.4032645539725964,0.7857619577308119,0.7588431590656285,0.17182318370882735,0.5282059999881312
FairAA_MMD,49.99999999999999,2,0.7872536084064663,0.17607413525212995,0.7185761957730812,0.5825361512791991,0.10978338233465858,0.7884689589845948
FairAA_MMD,73.38996338110344,2,0.7322559022183266,0.09607542604364588,0.6444938820912125,0.5170189098998887,0.0795822400705883,0.8710345419822261
FairAA_MMD,107.7217345015941,2,0.6857537652474248,0.05271235862031548,0.5826473859844272,0.4548387096774194,0.057782378237501375,0.9073654169915244
FairAA_MMD,158.11388300841895,2,0.6524803333327018,0.027225632748766493,0.5382647385984427,0.3779755283648498,0.04174101500709765,4.157456499990076
FairAA_MMD,232.07944168063884,2,0.6212465615799814,0.013426872853676497,0.5136818687430479,0.29021134593993325,0.028523675582391245,1.1056083340081386
FairAA_MMD,340.64603452898035,2,0.5928642731735676,0.0062924963808205225,0.4830923248053393,0.2946607341490545,0.018670225420822126,0.0074201670358888805
FairAA_MMD,499.99999999999994,2,0.5774918660022403,0.0030043783204679597,0.45317018909899887,0.2686318131256952,0.012285131176047293,0.6610805410309695
FairAA_MMD,0.0,3,0.9775102779283811,1.1088626769396135,0.9866518353726363,0.9558398220244717,0.3151543182805371,1.5398355000070296
FairAA_MMD,0.5,3,0.9773721015438264,1.0853727839569436,0.9832035595105673,0.9523915461624026,0.30989126169401515,0.5309728340362199
FairAA_MMD,0.7338996338110347,3,0.9772358696653247,1.0763979245744366,0.9832035595105673,0.9523915461624026,0.307835438165748,0.5894027919857763
FairAA_MMD,1.077217345015942,3,0.9769446484493196,1.0612773777598092,0.9832035595105673,0.9523915461624026,0.3044352464914687,0.7114240839728154
FairAA_MMD,1.5811388300841898,3,0.9763656647056037,1.03983341949333,0.9694104560622915,0.9491657397107899,0.29971877752702697,0.7559377079596743
FairAA_MMD,2.320794416806389,3,0.9752675162619022,1.011030261322193,0.9558398220244715,0.939043381535039,0.2934860882806946,0.7363975410116836
FairAA_MMD,3.4064603452898052,3,0.9735298759654671,0.9779629620502228,0.9523915461624026,0.939043381535039,0.2862645023153748,0.7213168329908513
FairAA_MMD,4.999999999999999,3,0.9699683430884036,0.9274660518454567,0.9394883203559511,0.9125695216907677,0.27576248397681385,0.7828623750247061
FairAA_MMD,7.338996338110344,3,0.9609239228783746,0.8243008716613296,0.9123470522803114,0.8921023359288098,0.2540588797431787,0.9029019169975072
FairAA_MMD,10.772173450159416,3,0.9456738994113878,0.7075534643372658,0.8759733036707452,0.8690767519466075,0.23107006243150272,0.8090748750255443
FairAA_MMD,15.811388300841895,3,0.9184248606919022,0.5589514558371197,0.8426028921023357,0.8329254727474972,0.19968025960068653,0.9966053339885548
FairAA_MMD,23.207944168063882,3,0.9272225123440281,0.6090341056351674,0.8561735261401557,0.8660734149054505,0.21237313430589658,0.7099436660064384
FairAA_MMD,34.064603452898055,3,0.8777626280461889,0.4032645648992178,0.7726362625139045,0.7661846496106784,0.17182316575803525,0.793979334004689
FairAA_MMD,49.99999999999999,3,0.7872536068000604,0.1760741322539397,0.6932146829810901,0.596329254727475,0.10978337698459883,0.7942853750428185
FairAA_MMD,73.38996338110344,3,0.7322558322509338,0.09607532514423206,0.6122358175750835,0.5088987764182424,0.07958221371570086,0.7033750420087017
FairAA_MMD,107.7217345015941,3,0.6857527676034091,0.05271134993508564,0.560734149054505,0.4591768631813126,0.05778196703596081,0.872858083981555
FairAA_MMD,158.11388300841895,3,0.6524998471785821,0.02724691682727093,0.5467185761957731,0.3385984427141268,0.04174944402708548,4.029783457983285
FairAA_MMD,232.07944168063884,3,0.61905900753004,0.013314249448085014,0.5090100111234706,0.34160177975528366,0.028390813109297627,1.1663297500344925
FairAA_MMD,340.64603452898035,3,0.5931353709801639,0.006240703199000719,0.45862068965517244,0.30088987764182423,0.01816134001562692,0.007253707968629897
FairAA_MMD,499.99999999999994,3,0.5748436802624572,0.0030769511994517273,0.4699666295884316,0.2410456062291435,0.01189427693360616,0.8215794999850914
FairAA_MMD,0.0,4,0.9775102779283813,1.108862671954694,1.0,0.9659621802002224,0.3151543160382932,1.5472654590266757
FairAA_MMD,0.5,4,0.9773721015445114,1.0853727906419854,0.9829810901001113,0.9627363737486097,0.3098912617523235,0.4512749160057865
FairAA_MMD,0.7338996338110347,4,0.9772358696520659,1.0763979249137705,0.9829810901001113,0.9627363737486097,0.30783543696218013,0.587611916998867
FairAA_MMD,1.077217345015942,4,0.9769446483902801,1.0612773495172017,0.9763070077864293,0.9562847608453838,0.3044352436281399,0.7688393329735845
FairAA_MMD,1.5811388300841898,4,0.9763656646152682,1.0398333930321941,0.9696329254727474,0.9528364849833147,0.29971877344294373,0.7335889579844661
FairAA_MMD,2.320794416806389,4,0.9752675162454747,1.011030255129017,0.9661846496106785,0.939265850945495,0.2934860872673315,0.7238863749662414
FairAA_MMD,3.4064603452898052,4,0.97352987563635,0.9779629403778329,0.9627363737486097,0.9295884315906562,0.28626449931015946,0.7861237920005806
FairAA_MMD,4.999999999999999,4,0.9699683431708442,0.9274660646416086,0.9528364849833147,0.9229143492769744,0.275762485814544,0.7293300419696607
FairAA_MMD,7.338996338110344,4,0.9609239229357002,0.8243008693081426,0.9325917686318131,0.9028921023359289,0.25405887904504176,0.8904299169662409
FairAA_MMD,10.772173450159416,4,0.9456738993009262,0.7075534646565117,0.8895439377085651,0.860511679644049,0.23107006224416946,0.8554974590078928
FairAA_MMD,15.811388300841895,4,0.9184248615017453,0.5589515119616627,0.8596218020022247,0.8398220244716352,0.19968026367893718,0.8633951670490205
FairAA_MMD,23.207944168063882,4,0.9272225103761066,0.6090340426212033,0.8695216907675196,0.8671857619577308,0.21237312667717956,0.7566232919925824
FairAA_MMD,34.064603452898055,4,0.8777626295447518,0.40326455489376856,0.7721913236929921,0.7470522803114571,0.17182316989634352,0.6253421659930609
FairAA_MMD,49.99999999999999,4,0.7872536061001961,0.17607412992690996,0.6819799777530589,0.5928809788654059,0.1097833724457272,0.814066749997437
FairAA_MMD,73.38996338110344,4,0.7322558861017452,0.09607540550146448,0.6010011123470523,0.5517241379310345,0.07958223338672825,0.8736294169793837
FairAA_MMD,107.7217345015941,4,0.6857513081550626,0.05270995693041697,0.5568409343715238,0.4350389321468298,0.057781381458239446,0.8845389999914914
FairAA_MMD,158.11388300841895,4,0.6524998558049204,0.027246932573050664,0.5159065628476085,0.3551724137931035,0.04174944931044688,4.240325708989985
FairAA_MMD,232.07944168063884,4,0.6191959944463721,0.013367682670845649,0.5014460511679644,0.31012235817575085,0.02834342540719812,1.0458995829685591
FairAA_MMD,340.64603452898035,4,0.5923322512140361,0.006120072556708878,0.48309232480533926,0.2778642936596218,0.01794170923671183,0.007249167014379054
FairAA_MMD,499.99999999999994,4,0.5747641152301408,0.0030510469021834963,0.4472747497219133,0.24449388209121245,0.011853839889874637,0.6622781250043772
FairAA_MMD,0.0,5,0.9775102779283815,1.1088626773017483,0.9967741935483871,0.9631813125695217,0.315154317903817,1.4265116669703275
FairAA_MMD,0.5,5,0.9773721015491686,1.0853727847433068,0.9967741935483871,0.9631813125695217,0.3098912622625395,0.4889140840386972
FairAA_MMD,0.7338996338110347,5,0.9772358696663468,1.0763979459309863,0.9898776418242491,0.9631813125695217,0.3078354382295372,0.561087874986697
FairAA_MMD,1.077217345015942,5,0.9769446485199235,1.061277397128956,0.9765294771968854,0.9631813125695217,0.30443525011598666,0.7657857079757378
FairAA_MMD,1.5811388300841898,5,0.9763656646726205,1.0398334015085327,0.9696329254727475,0.9597330367074527,0.2997187758755827,0.7388830420095474
FairAA_MMD,2.320794416806389,5,0.9752675162921083,1.011030265208179,0.9560622914349276,0.9532814238042269,0.29348608920742125,0.7752665830194019
FairAA_MMD,3.4064603452898052,5,0.9735298756188904,0.9779629373903325,0.9491657397107897,0.9433815350389322,0.28626449927363845,0.8346252089831978
FairAA_MMD,4.999999999999999,5,0.9699683431267978,0.9274660564008015,0.935817575083426,0.9397107897664071,0.27576248484902394,0.8674693329958245
FairAA_MMD,7.338996338110344,5,0.9609239229507277,0.8243008791925096,0.9091212458286986,0.8994438264738598,0.25405888188927667,0.8832336249761283
FairAA_MMD,10.772173450159416,5,0.9456738993480364,0.7075534648251136,0.8660734149054505,0.8467185761957732,0.23107006237609745,0.8098481250344776
FairAA_MMD,15.811388300841895,5,0.9184248602640313,0.5589514426560616,0.8398220244716352,0.8096774193548388,0.19968025914545573,1.0557459159754217
FairAA_MMD,23.207944168063882,5,0.9272225105044558,0.609034064447139,0.8492769744160178,0.8239154616240267,0.2123731281037746,0.8662371669779532
FairAA_MMD,34.064603452898055,5,0.8777626284631066,0.40326456403044997,0.746162402669633,0.7332591768631813,0.17182316638564285,0.7763435000088066
FairAA_MMD,49.99999999999999,5,0.7872536066278354,0.17607412960975632,0.6352614015572859,0.5889877641824249,0.10978337425210738,0.8193144999677315
FairAA_MMD,73.38996338110344,5,0.7322558751278042,0.09607538950272165,0.5911012235817574,0.4847608453837598,0.079582229305459,0.7665149169624783
FairAA_MMD,107.7217345015941,5,0.6857532261387276,0.0527118085495461,0.5432703003337042,0.4649610678531702,0.057782155063129025,1.0015014999662526
FairAA_MMD,158.11388300841895,5,0.6524999205289943,0.02724697339141713,0.5159065628476085,0.36507230255839823,0.04174947052662064,3.9778894999762997
FairAA_MMD,232.07944168063884,5,0.6191958214862809,0.01336759735909332,0.4745272525027809,0.34549499443826476,0.028343364270023257,1.0129974579904228
FairAA_MMD,340.64603452898035,5,0.5926941089644853,0.006090881542793136,0.4727474972191324,0.29810901001112355,0.01793554407830248,0.007418833032716066
FairAA_MMD,499.99999999999994,5,0.5748415680784156,0.0030395329188168674,0.4737486095661846,0.2555061179087875,0.011839087583985317,0.6692948340205476
FairAA_MMD,0.0,6,0.9775102779283822,1.1088626784116953,0.9935483870967742,0.9767519466073414,0.3151543197028156,1.4797076250542887
FairAA_MMD,0.5,6,0.9773721015689043,1.08537280254046,0.9838709677419356,0.9765294771968854,0.30989126443179693,0.5045880839461461
FairAA_MMD,0.7338996338110347,6,0.9772358696612872,1.0763979285543608,0.9838709677419356,0.9730812013348163,0.307835437636769,0.582726290973369
FairAA_MMD,1.077217345015942,6,0.9769446484595409,1.061277377654612,0.9769744160177976,0.9698553948832036,0.3044352468485267,0.7050121249631047
FairAA_MMD,1.5811388300841898,6,0.97636566466444,1.0398333957549344,0.9631813125695217,0.9562847608453836,0.2997187753324785,0.8616468340042047
FairAA_MMD,2.320794416806389,6,0.9752675162751061,1.0110302596213245,0.9565072302558398,0.9463848720800889,0.293486088307524,0.80827695899643
FairAA_MMD,3.4064603452898052,6,0.9735298757111985,0.977962939647592,0.9532814238042271,0.943159065628476,0.2862644998783719,0.8931607080157846
FairAA_MMD,4.999999999999999,6,0.969968343019975,0.9274660486917667,0.9399332591768632,0.9332591768631812,0.27576248344325466,0.8803586250287481
FairAA_MMD,7.338996338110344,6,0.9609239229603469,0.8243008751793299,0.9162402669632925,0.8757508342602893,0.25405888067604876,0.9257918749935925
FairAA_MMD,10.772173450159416,6,0.9456739001460057,0.7075534629869709,0.8764182424916573,0.8361512791991101,0.23107006378414757,0.758480749966111
FairAA_MMD,15.811388300841895,6,0.918424861579211,0.5589515153060974,0.8264738598442716,0.8023359288097887,0.19968026372970749,0.7999915420077741
FairAA_MMD,23.207944168063882,6,0.9272225099585882,0.6090340552011029,0.8462736373748608,0.8331479421579532,0.21237312659968,0.8558015410089865
FairAA_MMD,34.064603452898055,6,0.8777626278349344,0.40326456043431735,0.7627363737486095,0.7523915461624027,0.17182316681379756,0.7373546669841744
FairAA_MMD,49.99999999999999,6,0.787253605361793,0.17607412995957217,0.678976640711902,0.5652947719688542,0.10978337124082867,0.8486441670102067
FairAA_MMD,73.38996338110344,6,0.7322559187460924,0.09607544445621291,0.6387096774193548,0.5439377085650723,0.07958224738626385,0.7834347499883734
FairAA_MMD,107.7217345015941,6,0.68575128758721,0.05270993737995777,0.5908787541713014,0.4649610678531702,0.05778137330189988,0.9462379579781555
FairAA_MMD,158.11388300841895,6,0.6524803329687409,0.027225636212966142,0.5469410456062291,0.39154616240266965,0.041741015188746164,4.490129082987551
FairAA_MMD,232.07944168063884,6,0.6212811450651776,0.013421059687953152,0.4889877641824249,0.31056729699666297,0.02848731647448339,1.124174291966483
FairAA_MMD,340.64603452898035,6,0.5801351089100663,0.006710393596250364,0.5153503893214684,0.3473859844271413,0.01862797429306067,0.008065500005614012
FairAA_MMD,499.99999999999994,6,0.5770412693056062,0.002975357805020451,0.48220244716351496,0.2604004449388209,0.011757744799948448,0.7204707500059158
FairAA_MMD,0.0,7,0.9775102779283816,1.108862674606183,0.9967741935483871,0.9668520578420466,0.3151543166529132,1.3659281250438653
FairAA_MMD,0.5,7,0.9773721015426665,1.0853727842734089,0.9935483870967742,0.9634037819799779,0.3098912615061008,0.559000291978009
FairAA_MMD,0.7338996338110347,7,0.9772358696623876,1.0763979413430815,0.9870967741935484,0.9666295884315907,0.30783543783996326,0.5962001670268364
FairAA_MMD,1.077217345015942,7,0.9769446484275117,1.061277362230561,0.9806451612903226,0.9535038932146829,0.3044352454491349,0.6960712499567308
FairAA_MMD,1.5811388300841898,7,0.9763656646721928,1.0398333917446898,0.9636262513904338,0.946829810901001,0.29971877656591644,0.7132436670362949
FairAA_MMD,2.320794416806389,7,0.9752675162447816,1.0110302536804507,0.9535038932146829,0.9470522803114573,0.2934860871324728,0.8763283750158735
FairAA_MMD,3.4064603452898052,7,0.9735298756477758,0.9779629371402951,0.9399332591768632,0.9403781979977752,0.2862644989938533,0.7992765000090003
FairAA_MMD,4.999999999999999,7,0.9699683431665871,0.9274660497077651,0.9334816462736374,0.9302558398220244,0.27576248371554246,0.8598667089827359
FairAA_MMD,7.338996338110344,7,0.9609239230620327,0.8243008731345418,0.9097886540600667,0.8971078976640712,0.2540588802565411,0.9507450420060195
FairAA_MMD,10.772173450159416,7,0.9456738995659133,0.7075534582688766,0.8835372636262514,0.8492769744160178,0.23107006183395606,0.9113267079810612
FairAA_MMD,15.811388300841895,7,0.9184248614591937,0.558951477329197,0.8598442714126808,0.8060066740823137,0.19968026017003537,0.9370772080146708
FairAA_MMD,23.207944168063882,7,0.9272225098786332,0.609034051523949,0.8635150166852059,0.8529477196885429,0.21237312622058555,0.83209733403055
FairAA_MMD,34.064603452898055,7,0.8777626288768472,0.40326455872187694,0.789655172413793,0.7526140155728587,0.17182316627219948,0.7852201249916106
FairAA_MMD,49.99999999999999,7,0.7872536058932804,0.1760741307393317,0.6817575083426028,0.5721913236929922,0.10978337291199255,0.996122790966183
FairAA_MMD,73.38996338110344,7,0.7322557142917461,0.09607518980851532,0.6246941045606229,0.5151279199110123,0.0795821619807647,0.7689777089981362
FairAA_MMD,107.7217345015941,7,0.6857499885231966,0.05270865160206695,0.5734149054505006,0.44327030033370407,0.05778084560833474,0.9231315409997478
FairAA_MMD,158.11388300841895,7,0.6524803305774932,0.027225635237564105,0.5522803114571746,0.35672969966629586,0.041741014233599674,4.71125358302379
FairAA_MMD,232.07944168063884,7,0.6212811323611583,0.013421052522228027,0.5134593993325918,0.28954393770856507,0.028487314978592228,0.9959734159638174
FairAA_MMD,340.64603452898035,7,0.5930572298149189,0.006165499782987083,0.5020022246941045,0.289321468298109,0.018414819904883258,0.01365745801012963
FairAA_MMD,499.99999999999994,7,0.577042580944177,0.0029753555472668003,0.47630700778642937,0.2474972191323693,0.011757916953564894,0.7554046669974923
FairAA_MMD,0.0,8,0.977510277928382,1.1088626845677645,1.0,0.9487208008898775,0.3151543202162451,1.248829875024967
FairAA_MMD,0.5,8,0.9773721015707219,1.0853728029814314,0.9862068965517242,0.9487208008898778,0.3098912645490266,0.45417033397825435
FairAA_MMD,0.7338996338110347,8,0.9772358697117738,1.0763979650372375,0.9862068965517242,0.9519466073414906,0.3078354417365061,0.5420980420312844
FairAA_MMD,1.077217345015942,8,0.9769446484591555,1.0612773737700474,0.9827586206896551,0.9484983314794218,0.30443524674754807,0.7134417499764822
FairAA_MMD,1.5811388300841898,8,0.9763656646794909,1.0398333999733054,0.9655172413793103,0.9452725250278086,0.29971877572266925,0.8408876669709571
FairAA_MMD,2.320794416806389,8,0.9752675163327499,1.0110302558477915,0.9551724137931036,0.9452725250278087,0.2934860894670492,0.6967337090172805
FairAA_MMD,3.4064603452898052,8,0.97352987588733,0.9779629619192992,0.9551724137931036,0.9284760845383759,0.28626450278667936,0.8838264580117539
FairAA_MMD,4.999999999999999,8,0.9699683431146777,0.9274660530027207,0.9450500556173527,0.9121245828698552,0.27576248452711777,0.819974625017494
FairAA_MMD,7.338996338110344,8,0.9609239232173719,0.8243008736967515,0.9248053392658511,0.8914349276974416,0.25405888050147757,0.8418652079999447
FairAA_MMD,10.772173450159416,8,0.9456738993706009,0.7075534656563778,0.8918798665183537,0.8548387096774193,0.23107006229846072,0.7867402500123717
FairAA_MMD,15.811388300841895,8,0.9184248603672709,0.5589514508504547,0.8451612903225806,0.8078976640711902,0.19968025984996038,0.884643999976106
FairAA_MMD,23.207944168063882,8,0.9272225085680075,0.6090340503055962,0.8615127919911012,0.8288097886540602,0.21237312345224432,0.935302582976874
FairAA_MMD,34.064603452898055,8,0.8777626275080495,0.40326456354410295,0.7404894327030033,0.7289210233592881,0.17182316477251758,0.7755076250177808
FairAA_MMD,49.99999999999999,8,0.7872536065744307,0.17607412930208638,0.6578420467185762,0.5715239154616241,0.10978337236724206,0.7909183750161901
FairAA_MMD,73.38996338110344,8,0.7322559066549708,0.09607542992811008,0.603337041156841,0.5026696329254727,0.07958224219746646,0.7609549170010723
FairAA_MMD,107.7217345015941,8,0.6857532900584924,0.052711869599838035,0.5520578420467185,0.4239154616240267,0.05778218106330503,0.9569951670127921
FairAA_MMD,158.11388300841895,8,0.6524998835129785,0.0272469515353152,0.5378197997775306,0.35695216907675187,0.04174945872880018,4.134722416987643
FairAA_MMD,232.07944168063884,8,0.6212511881675891,0.013420348100711132,0.5210233592880978,0.29254727474972186,0.028544995200531754,1.085279792023357
FairAA_MMD,340.64603452898035,8,0.5919350545321055,0.006318582473648027,0.5259176863181312,0.2479421579532814,0.018466410849207276,0.0076597079751081765
FairAA_MMD,499.99999999999994,8,0.5780720356539923,0.0030102335719399687,0.4983314794215795,0.20945494994438266,0.012345087616760321,0.7216007089591585
FairAA_MMD,0.0,9,0.9775102779283813,1.1088626767228065,1.0,0.9558398220244717,0.3151543182781746,1.2607517910073511
FairAA_MMD,0.5,9,0.9773721015616594,1.0853727939733098,0.9935483870967742,0.9558398220244717,0.30989126363310066,0.5035402090288699
FairAA_MMD,0.7338996338110347,9,0.9772358697018692,1.076397964945031,0.9901001112347053,0.9558398220244717,0.30783544108260724,0.5056997499777935
FairAA_MMD,1.077217345015942,9,0.976944648471913,1.0612773776490796,0.9763070077864293,0.9493882091212458,0.30443524772412955,0.663320666004438
FairAA_MMD,1.5811388300841898,9,0.9763656646846703,1.039833409602308,0.9694104560622915,0.9493882091212458,0.29971877641397204,0.7381546670221724
FairAA_MMD,2.320794416806389,9,0.9752675162803096,1.0110302640513333,0.9558398220244715,0.9427141268075638,0.2934860887006843,0.732848291983828
FairAA_MMD,3.4064603452898052,9,0.9735298757553353,0.9779629443702593,0.9489432703003337,0.936040044493882,0.28626450030047357,0.7880724999704398
FairAA_MMD,4.999999999999999,9,0.9699683432514018,0.9274660541131663,0.9422691879866519,0.9157953281423804,0.27576248476563636,0.7465878749499097
FairAA_MMD,7.338996338110344,9,0.9609239230791567,0.8243008766854323,0.9020022246941044,0.8918798665183537,0.25405888125893505,0.8588011669926345
FairAA_MMD,10.772173450159416,9,0.9456738996176111,0.7075534760731544,0.8755283648498331,0.8587319243604004,0.2310700647001979,0.8586386249517091
FairAA_MMD,15.811388300841895,9,0.9184248606722619,0.5589514582131936,0.8456062291434929,0.8018909899888765,0.19968025985080934,0.9758127499953844
FairAA_MMD,23.207944168063882,9,0.9272225102972131,0.6090340635076754,0.8585094549499445,0.8419354838709676,0.21237312773823283,0.7622070830548182
FairAA_MMD,34.064603452898055,9,0.8777626289663897,0.4032645586716163,0.7418242491657396,0.7349276974416017,0.1718231689886919,0.6502284999587573
FairAA_MMD,49.99999999999999,9,0.787253606730002,0.17607413176045428,0.6555061179087875,0.5687430478309232,0.10978337579092781,0.813623457972426
FairAA_MMD,73.38996338110344,9,0.7322559156878741,0.09607544218138497,0.6147942157953282,0.5125695216907674,0.07958224580205604,0.8492785419803113
FairAA_MMD,107.7217345015941,9,0.6857576767311375,0.052716039667553394,0.5467185761957731,0.4617352614015573,0.05778394478788292,0.8346507499809377
FairAA_MMD,158.11388300841895,9,0.6524803292470107,0.027225633193038,0.5299221357063405,0.34616240266963294,0.04174101366079681,4.640823417052161
FairAA_MMD,232.07944168063884,9,0.6212811407076516,0.013421059925606604,0.5018909899888765,0.2866518353726363,0.028487310104376995,0.9910872919717804
FairAA_MMD,340.64603452898035,9,0.5894080615306548,0.006506743213023025,0.47686318131256955,0.3278086763070078,0.018629278464227163,0.0074070830014534295
FairAA_MMD,499.99999999999994,9,0.5769388202147026,0.002976443950449492,0.4645161290322581,0.23414905450500556,0.011760524401770195,0.7206641249940731
FairAA_MMD,0.0,10,0.9775102779283817,1.108862679531395,0.9765294771968854,0.9629588431590657,0.3151543192679053,1.475785624992568
FairAA_MMD,0.5,10,0.9773721015486183,1.085372786290845,0.9765294771968854,0.9597330367074527,0.3098912621940937,0.5052942500333302
FairAA_MMD,0.7338996338110347,10,0.9772358696709487,1.0763979329616373,0.9730812013348163,0.9631813125695217,0.30783543854050743,0.547415082983207
FairAA_MMD,1.077217345015942,10,0.9769446485239708,1.0612773947865493,0.9730812013348163,0.9565072302558398,0.3044352503461041,0.6710794169921428
FairAA_MMD,1.5811388300841898,10,0.9763656646810643,1.039833408674263,0.9730812013348163,0.949610678531702,0.29971877605209307,0.7493424590211362
FairAA_MMD,2.320794416806389,10,0.9752675162926866,1.0110302548398333,0.9696329254727475,0.943159065628476,0.29348608851866426,0.7674109170329757
FairAA_MMD,3.4064603452898052,10,0.9735298756912093,0.9779629391124448,0.9661846496106786,0.943159065628476,0.2862644996403073,0.8042890000506304
FairAA_MMD,4.999999999999999,10,0.9699683430745908,0.9274660496197125,0.94293659621802,0.9300333704115683,0.27576248375314794,0.8723660830291919
FairAA_MMD,7.338996338110344,10,0.9609239246668047,0.8243008929863379,0.9192436040044495,0.9056729699666297,0.2540588877533251,0.7498352080001496
FairAA_MMD,10.772173450159416,10,0.9456739000285904,0.7075534682824427,0.8794215795328142,0.8561735261401557,0.23107006436413455,0.8077952910098247
FairAA_MMD,15.811388300841895,10,0.9184248616820625,0.5589515095733704,0.8398220244716352,0.804115684093437,0.19968026298718747,0.8239148330176249
FairAA_MMD,23.207944168063882,10,0.9272225103466997,0.6090340513600874,0.8630700778642938,0.8602892102335931,0.21237312723839563,0.9407414589659311
FairAA_MMD,34.064603452898055,10,0.8777626282314676,0.4032645582883039,0.7631813125695217,0.7707452725250278,0.17182316630061917,0.7071725839632563
FairAA_MMD,49.99999999999999,10,0.7872536058605935,0.17607413093596624,0.6734149054505005,0.5972191323692992,0.10978337254812423,0.9222089170361869
FairAA_MMD,73.38996338110344,10,0.7322553760162759,0.09607476168616125,0.6165739710789766,0.5226918798665183,0.0795820222636053,0.7614661249681376
FairAA_MMD,107.7217345015941,10,0.6857511193075292,0.05270976462783861,0.5887652947719688,0.47919911012235816,0.05778130365320004,0.8540190830244683
FairAA_MMD,158.11388300841895,10,0.6524997024666614,0.027246822829783024,0.5676307007786429,0.37842046718576194,0.04174939571511565,3.6748792909784243
FairAA_MMD,232.07944168063884,10,0.6212464630024055,0.013426843129288657,0.542825361512792,0.28197997775305894,0.028523567981608718,0.9189718750421889
FairAA_MMD,340.64603452898035,10,0.5921945098538469,0.00627769880143858,0.5166852057842046,0.2927697441601779,0.018658632803932186,0.007498416001908481
FairAA_MMD,499.99999999999994,10,0.5774570141113742,0.0030034822064332056,0.5174638487208009,0.2598442714126808,0.012283201835967601,0.8235470830113627
FairAA_MMD,0.0,11,0.9775102779283821,1.1088626814761593,0.9864293659621802,0.9622914349276975,0.3151543191957173,1.5667079169652425
FairAA_MMD,0.5,11,0.9773721015541694,1.0853727917538476,0.9795328142380424,0.9590656284760846,0.3098912627318353,0.5184528750251047
FairAA_MMD,0.7338996338110347,11,0.977235869707391,1.0763979636840912,0.9795328142380424,0.9620689655172413,0.3078354413936577,0.5371909579844214
FairAA_MMD,1.077217345015942,11,0.9769446485437535,1.0612773990107753,0.9760845383759733,0.9556173526140155,0.304435251135567,0.6723623339785263
FairAA_MMD,1.5811388300841898,11,0.9763656646985418,1.0398334011832198,0.9657397107897665,0.9491657397107899,0.299718776758637,0.8644869170384482
FairAA_MMD,2.320794416806389,11,0.975267516455702,1.011030272792903,0.9657397107897665,0.9459399332591769,0.29348609372666556,0.6496307500055991
FairAA_MMD,3.4064603452898052,11,0.973529875816527,0.9779629522151012,0.9553948832035596,0.9427141268075641,0.2862645016695915,0.908310208003968
FairAA_MMD,4.999999999999999,11,0.9699683432593418,0.9274660631188667,0.9452725250278087,0.9323692992213571,0.27576248642878287,0.7700156670180149
FairAA_MMD,7.338996338110344,11,0.9609239232274482,0.8243008763550101,0.9149054505005563,0.8882091212458286,0.2540588812932051,0.9258863750146702
FairAA_MMD,10.772173450159416,11,0.9456739004628677,0.707553478059239,0.8817575083426028,0.8647385984427143,0.23107006667215466,0.8103970419615507
FairAA_MMD,15.811388300841895,11,0.9184248607119566,0.5589514599437505,0.8412680756395995,0.8042269187986651,0.1996802600605419,0.9278263750020415
FairAA_MMD,23.207944168063882,11,0.927222510127086,0.6090340581246678,0.8615127919911012,0.8479421579532813,0.21237312708785716,0.7975076669827104
FairAA_MMD,34.064603452898055,11,0.8777626303701412,0.40326454747588797,0.7641824249165741,0.757508342602892,0.17182318508293054,0.5217131249955855
FairAA_MMD,49.99999999999999,11,0.7872536079693538,0.17607413798806587,0.6838709677419355,0.6040044493882091,0.1097833828838876,0.7925327909761108
FairAA_MMD,73.38996338110344,11,0.7322559875461039,0.09607553311070355,0.6065628476084539,0.5338153503893215,0.07958227558904322,0.9500043329899199
FairAA_MMD,107.7217345015941,11,0.6857531690694871,0.052711785882517403,0.582202447163515,0.44015572858731933,0.057782138072675966,0.9585693750414066
FairAA_MMD,158.11388300841895,11,0.6524998475317182,0.0272469263903774,0.5339265850945495,0.364182424916574,0.041749446547674623,3.988100083952304
FairAA_MMD,232.07944168063884,11,0.6212511671108136,0.01342034510186374,0.5160177975528365,0.3191323692992214,0.028544976236536637,0.951351625029929
FairAA_MMD,340.64603452898035,11,0.5920413775667377,0.00634345932053515,0.4810901001112347,0.31312569521690764,0.018511298679329727,0.013843749999068677
FairAA_MMD,499.99999999999994,11,0.5780269628137586,0.003010002726061445,0.47675194660734155,0.2629588431590656,0.012345136728740567,0.6900944170192815
FairAA_MMD,0.0,12,0.9775102779283812,1.1088626775866153,0.9967741935483871,0.960400444938821,0.3151543172484481,1.4594791249837726
FairAA_MMD,0.5,12,0.9773721015420175,1.0853727886850366,0.9767519466073414,0.9535038932146831,0.3098912614759653,0.46884516603313386
FairAA_MMD,0.7338996338110347,12,0.9772358696546174,1.0763979303199278,0.9767519466073414,0.9535038932146829,0.3078354372067594,0.5797043750062585
FairAA_MMD,1.077217345015942,12,0.9769446485046759,1.0612773891745408,0.9735261401557287,0.9502780867630701,0.3044352493775573,0.6544659999781288
FairAA_MMD,1.5811388300841898,12,0.9763656646613704,1.0398334045687179,0.9666295884315905,0.9436040044493881,0.29971877527819024,0.8242548750131391
FairAA_MMD,2.320794416806389,12,0.9752675163032059,1.011030264781898,0.9530589543937709,0.9438264738598443,0.29348608935454124,0.7840762920095585
FairAA_MMD,3.4064603452898052,12,0.973529875870847,0.977962964674282,0.9429365962180201,0.9304783092324804,0.2862645026633639,0.7982278750278056
FairAA_MMD,4.999999999999999,12,0.969968343085801,0.9274660551405736,0.9261401557285873,0.9205784204671857,0.27576248462237063,0.8107284589787014
FairAA_MMD,7.338996338110344,12,0.9609239229167633,0.8243008743047059,0.9058954393770857,0.900333704115684,0.2540588804341706,0.9187520000268705
FairAA_MMD,10.772173450159416,12,0.9456738996260629,0.7075534631423193,0.8794215795328142,0.8430478309232481,0.23107006269599759,0.8680547500262037
FairAA_MMD,15.811388300841895,12,0.9184248605055927,0.5589514582965052,0.8393770856507231,0.8159065628476085,0.19968026031256678,0.9756260000285693
FairAA_MMD,23.207944168063882,12,0.9272225091981428,0.6090340541071055,0.8559510567296996,0.8329254727474972,0.21237312494967692,0.8941636249655858
FairAA_MMD,34.064603452898055,12,0.8777626279093313,0.40326456436694386,0.7454949944382647,0.7493882091212458,0.17182316593969874,0.7152122499537654
FairAA_MMD,49.99999999999999,12,0.7872536068253713,0.17607413157103652,0.6718576195773082,0.5734149054505007,0.10978337590382653,0.9153903749538586
FairAA_MMD,73.38996338110344,12,0.7322558739054444,0.096075391329218,0.6373748609566185,0.5193548387096774,0.07958222808019827,0.8017501250142232
FairAA_MMD,107.7217345015941,12,0.6857532879042866,0.05271187336110561,0.5731924360400444,0.44660734149054504,0.05778218108016057,0.883849916048348
FairAA_MMD,158.11388300841895,12,0.6524998722993967,0.02724694365354241,0.5387096774193548,0.3902113459399333,0.041749454821561865,4.046022249967791
FairAA_MMD,232.07944168063884,12,0.6193060277223981,0.013280239592505905,0.5046718576195773,0.34805339265850943,0.028447865011148092,0.9882765000220388
FairAA_MMD,340.64603452898035,12,0.594525750371663,0.006452717475848968,0.489543937708565,0.303670745272525,0.0185378230526251,0.007271500013303012
FairAA_MMD,499.99999999999994,12,0.5760621656425622,0.002971950031006698,0.47486095661846495,0.2240266963292547,0.01222325696266411,0.7417097910074517
FairAA_MMD,0.0,13,0.9775102779283814,1.1088626798474248,0.9866518353726363,0.9864293659621801,0.3151543184243537,1.3125390829518437
FairAA_MMD,0.5,13,0.9773721015547926,1.0853727937341473,0.9832035595105673,0.9797552836484982,0.3098912628471494,0.5033977910061367
FairAA_MMD,0.7338996338110347,13,0.9772358697004823,1.076397962090566,0.9832035595105673,0.9797552836484982,0.3078354409519818,0.6340813329443336
FairAA_MMD,1.077217345015942,13,0.9769446484548452,1.0612773770899628,0.9797552836484984,0.9730812013348166,0.3044352466385585,0.7796265839715488
FairAA_MMD,1.5811388300841898,13,0.9763656646886694,1.0398334105376945,0.9763070077864293,0.9664071190211347,0.2997187764367219,0.7255624999525025
FairAA_MMD,2.320794416806389,13,0.9752675162784411,1.011030254129157,0.9728587319243605,0.9631813125695217,0.2934860881191833,0.7988808749942109
FairAA_MMD,3.4064603452898052,13,0.9735298756718987,0.9779629409744697,0.9728587319243605,0.9597330367074527,0.2862644997763502,0.8592413750011474
FairAA_MMD,4.999999999999999,13,0.9699683431073082,0.9274660537635109,0.9659621802002224,0.9397107897664071,0.2757624844055717,0.7692732080467977
FairAA_MMD,7.338996338110344,13,0.9609239235949534,0.8243008767487126,0.936040044493882,0.9192436040044495,0.25405888194072,0.9499738750164397
FairAA_MMD,10.772173450159416,13,0.9456738997304401,0.7075534603018736,0.9058954393770856,0.88587319243604,0.23107006247834644,0.9847673749900423
FairAA_MMD,15.811388300841895,13,0.9184248616297793,0.5589515155608276,0.8759733036707452,0.8152391546162402,0.1996802637652521,0.8631500829942524
FairAA_MMD,23.207944168063882,13,0.9272225225339723,0.6090340687600124,0.8925472747497218,0.8789766407119022,0.21237315239985943,0.6169930420001037
FairAA_MMD,34.064603452898055,13,0.8777626285644596,0.40326455285072194,0.782091212458287,0.7919911012235819,0.171823167595494,0.7429906250326894
FairAA_MMD,49.99999999999999,13,0.787253606691391,0.17607413375033604,0.6888765294771969,0.599888765294772,0.10978337584102182,0.7773211249732412
FairAA_MMD,73.38996338110344,13,0.7322560102538297,0.09607556056375166,0.6276974416017798,0.4963292547274749,0.07958228518267768,0.7976557079819031
FairAA_MMD,107.7217345015941,13,0.6857516268911843,0.05271028098885039,0.5667408231368187,0.4845383759733036,0.05778151287373286,0.881463999976404
FairAA_MMD,158.11388300841895,13,0.6524998846671477,0.027246953851114586,0.5387096774193548,0.35984427141268077,0.04174945974474873,4.327585083025042
FairAA_MMD,232.07944168063884,13,0.6190639889909837,0.01337703990707495,0.4800889877641824,0.314238042269188,0.028387851316203305,1.0758337080478668
FairAA_MMD,340.64603452898035,13,0.5935216529619065,0.006344353147533233,0.4471635150166852,0.21713014460511681,0.01883068948612008,0.061777333030477166
FairAA_MMD,499.99999999999994,13,0.5777246233584865,0.0029269779144002195,0.44260289210233583,0.25739710789766407,0.012079516928518039,0.7091683750040829
FairAA_MMD,0.0,14,0.9775102779283814,1.1088626761618696,0.9965517241379309,0.9590656284760846,0.31515431812936767,1.3230889170081355
FairAA_MMD,0.5,14,0.9773721015581059,1.0853727903644401,0.9933259176863182,0.9590656284760846,0.30989126322162813,0.49560837500030175
FairAA_MMD,0.7338996338110347,14,0.9772358696662966,1.0763979416964173,0.9864293659621802,0.9558398220244715,0.30783543814250147,0.5849122499930672
FairAA_MMD,1.077217345015942,14,0.9769446484307388,1.0612773696915183,0.9763070077864293,0.9461624026696327,0.30443524543143247,0.8161216659937054
FairAA_MMD,1.5811388300841898,14,0.9763656648706827,1.0398333710584988,0.9694104560622915,0.9362625139043381,0.29971878867323143,0.5691835419856943
FairAA_MMD,2.320794416806389,14,0.9752675163166543,1.0110302515868692,0.9592880978865406,0.9295884315906562,0.29348608864141634,0.8804876250214875
FairAA_MMD,3.4064603452898052,14,0.973529876032395,0.9779629643797784,0.9558398220244717,0.9226918798665183,0.28626450271017345,0.7844172500190325
FairAA_MMD,4.999999999999999,14,0.9699683432502016,0.927466059908291,0.9454949944382648,0.9125695216907674,0.27576248553267146,0.7963984169764444
FairAA_MMD,7.338996338110344,14,0.9609239230370596,0.8243008779553871,0.9157953281423804,0.8819799777530589,0.2540588814198722,0.9314022089820355
FairAA_MMD,10.772173450159416,14,0.9456738995206704,0.7075534681982572,0.8755283648498331,0.8421579532814238,0.23107006311378253,0.8587577079888433
FairAA_MMD,15.811388300841895,14,0.9184248602894982,0.5589514598807297,0.8255839822024471,0.7889877641824249,0.19968026117054824,1.0095683750114404
FairAA_MMD,23.207944168063882,14,0.9272225101432771,0.6090340559978584,0.8555061179087875,0.8253615127919911,0.21237312705597036,0.7741745419916697
FairAA_MMD,34.064603452898055,14,0.8777626281700174,0.4032645585325895,0.7280311457174639,0.7084538375973304,0.1718231679498342,0.7220122919534333
FairAA_MMD,49.99999999999999,14,0.7872536068433725,0.1760741323493898,0.6440489432703004,0.5704115684093438,0.10978337542581135,0.938490417029243
FairAA_MMD,73.38996338110344,14,0.7322559124015895,0.09607543670160101,0.599888765294772,0.5082313681868744,0.07958224472065631,0.75953770900378
FairAA_MMD,107.7217345015941,14,0.6857525897005968,0.0527112053983928,0.5456062291434929,0.4718576195773081,0.05778190027047872,1.0269984590122476
FairAA_MMD,158.11388300841895,14,0.6524997063216871,0.027246825347267967,0.5384872080088987,0.36251390433815356,0.041749397127548105,3.670522791973781
FairAA_MMD,232.07944168063884,14,0.6212464532461763,0.013426842069829803,0.5026696329254727,0.28909899888765295,0.028523561072710354,0.8521686670137569
FairAA_MMD,340.64603452898035,14,0.5922820983053807,0.0062786546279902655,0.4695216907675194,0.27486095661846494,0.018668771361141034,0.007242457999382168
FairAA_MMD,499.99999999999994,14,0.5779417351774918,0.003009077699079321,0.4672969966629588,0.29343715239154616,0.012285280903773364,0.6024121670052409
FairAA_MMD,0.0,15,0.9775102779283816,1.1088626774516197,0.9870967741935484,0.9769744160177976,0.315154318484085,1.595220250019338
FairAA_MMD,0.5,15,0.9773721015632444,1.0853727997166644,0.9870967741935484,0.9672969966629589,0.30989126376855536,0.44898670801194385
FairAA_MMD,0.7338996338110347,15,0.97723586969026,1.0763979547388884,0.9836484983314794,0.9640711902113459,0.3078354400293387,0.5176194999949075
FairAA_MMD,1.077217345015942,15,0.9769446485299546,1.0612773965703675,0.9767519466073414,0.960622914349277,0.3044352505423529,0.7037827500025742
FairAA_MMD,1.5811388300841898,15,0.9763656647371658,1.0398334261929942,0.9733036707452726,0.9573971078976641,0.29971877882323134,0.7715700420085341
FairAA_MMD,2.320794416806389,15,0.9752675163768122,1.0110302522665315,0.9698553948832036,0.9474972191323694,0.29348609036998347,0.7337030419730581
FairAA_MMD,3.4064603452898052,15,0.973529875711217,0.9779629399397868,0.9634037819799778,0.9410456062291436,0.2862644999010952,0.9179700000095181
FairAA_MMD,4.999999999999999,15,0.9699683433208255,0.9274660719521437,0.9330367074527253,0.9276974416017797,0.2757624876146143,0.8022683750023134
FairAA_MMD,7.338996338110344,15,0.9609239230335591,0.824300878197822,0.9028921023359289,0.8973303670745272,0.2540588814827668,0.8598679579445161
FairAA_MMD,10.772173450159416,15,0.9456738996168127,0.7075535107230111,0.8860956618464961,0.8473859844271413,0.23107006998117052,0.789599041978363
FairAA_MMD,15.811388300841895,15,0.9184248608007726,0.5589514829931512,0.8492769744160178,0.8135706340378197,0.19968026216873877,1.0102592500043102
FairAA_MMD,23.207944168063882,15,0.9272225112849924,0.6090340698342515,0.8593993325917687,0.8404894327030032,0.2123731301974775,0.8534662920283154
FairAA_MMD,34.064603452898055,15,0.8777626297667132,0.40326455082515633,0.789210233592881,0.7442714126807565,0.17182317185337537,0.6833136670175008
FairAA_MMD,49.99999999999999,15,0.7872536088268443,0.1760741387420165,0.6989988876529477,0.5905450500556173,0.10978338501197492,0.8521887909737416
FairAA_MMD,73.38996338110344,15,0.7322559277752316,0.09607545633930736,0.6378197997775306,0.5226918798665183,0.07958225112882669,0.8898641249979846
FairAA_MMD,107.7217345015941,15,0.6857510261164241,0.05270967736930099,0.5805339265850945,0.45183537263626244,0.05778126673598461,0.8323630840168335
FairAA_MMD,158.11388300841895,15,0.6524998834410851,0.027246951729640534,0.5490545050055617,0.37563959955506115,0.04174945887242743,4.646199333015829
FairAA_MMD,232.07944168063884,15,0.6212465493389898,0.013426863685763624,0.5201334816462737,0.3192436040044494,0.02852366706625594,1.0155331660062075
FairAA_MMD,340.64603452898035,15,0.5926359664712637,0.006310709275728188,0.482202447163515,0.2591768631813126,0.018695110932409408,0.007212791999336332
FairAA_MMD,499.99999999999994,15,0.5792318648919956,0.0029936979924268803,0.48320355951056726,0.2612903225806452,0.012177876841850496,0.5966842920170166
FairAA_MMD,0.0,16,0.9775102779283817,1.108862680811241,0.9797552836484982,0.9763070077864295,0.3151543199353339,1.7639957090141252
FairAA_MMD,0.5,16,0.977372101546096,1.085372786632472,0.9694104560622915,0.9696329254727477,0.30989126192049127,0.5134861249825917
FairAA_MMD,0.7338996338110347,16,0.9772358696957254,1.0763979555116228,0.9627363737486097,0.9661846496106786,0.3078354405214044,0.5334358750260435
FairAA_MMD,1.077217345015942,16,0.9769446485363081,1.0612773968836662,0.9627363737486097,0.9629588431590657,0.30443525096977253,0.6299268750008196
FairAA_MMD,1.5811388300841898,16,0.9763656649098033,1.0398333767330277,0.9558398220244715,0.9592880978865406,0.29971879044900934,0.6233763330383226
FairAA_MMD,2.320794416806389,16,0.9752675163984689,1.0110302604889125,0.9558398220244715,0.9664071190211347,0.2934860911688557,0.7800615000305697
FairAA_MMD,3.4064603452898052,16,0.9735298758699222,0.97796295294616,0.9489432703003337,0.952836484983315,0.2862645015543409,0.7996965839993209
FairAA_MMD,4.999999999999999,16,0.9699683432328496,0.927466056597861,0.9457174638487208,0.9427141268075638,0.2757624853548741,0.7937362500233576
FairAA_MMD,7.338996338110344,16,0.9609239231562154,0.8243008771569318,0.9256952169076751,0.9020022246941044,0.2540588813315544,0.8798242500051856
FairAA_MMD,10.772173450159416,16,0.9456738996295183,0.7075534756395956,0.8957730812013347,0.8509454949944383,0.23107006443924644,0.810064124991186
FairAA_MMD,15.811388300841895,16,0.9184248605537881,0.5589514567660974,0.8654060066740822,0.8076751946607341,0.19968026004720305,0.9329148330143653
FairAA_MMD,23.207944168063882,16,0.9272225106870224,0.6090340660762983,0.8854282536151279,0.8548387096774194,0.21237312871491526,0.8424563339794986
FairAA_MMD,34.064603452898055,16,0.877762628557206,0.40326455644365383,0.7814238042269187,0.7708565072302559,0.17182316889667137,0.7277300000423566
FairAA_MMD,49.99999999999999,16,0.7872536072418125,0.17607413329589572,0.7103448275862069,0.6199110122358176,0.10978337700252422,0.9037123330053873
FairAA_MMD,73.38996338110344,16,0.732255945256654,0.09607548016758893,0.6328142380422692,0.5736373748609566,0.07958225793648835,0.8092202920233831
FairAA_MMD,107.7217345015941,16,0.6857526926349637,0.05271130645274924,0.5953281423804226,0.46662958843159075,0.05778194212865184,1.0940277919871733
FairAA_MMD,158.11388300841895,16,0.6524998712689742,0.027246943229296494,0.5513904338153504,0.37063403781979976,0.041749454683328684,3.9388832499971613
FairAA_MMD,232.07944168063884,16,0.6212714018191742,0.013419376112530634,0.5229143492769743,0.3365962180200222,0.028521241351603506,0.9484614169923589
FairAA_MMD,340.64603452898035,16,0.5937022315868805,0.006205428944472291,0.4847608453837598,0.24727474972191327,0.01813483945671268,0.0074939169571734965
FairAA_MMD,499.99999999999994,16,0.5775162151549611,0.0030041325233977068,0.47308120133481646,0.2707452725250278,0.01232506287200786,0.8395580830401741
FairAA_MMD,0.0,17,0.9775102779283823,1.1088626814726514,0.9903225806451612,0.9666295884315905,0.3151543181450531,1.631784749974031
FairAA_MMD,0.5,17,0.9773721015620679,1.0853727999799836,0.9903225806451612,0.9601779755283648,0.30989126357934027,0.42423929198412225
FairAA_MMD,0.7338996338110347,17,0.9772358696642331,1.0763979279322036,0.9870967741935484,0.9601779755283648,0.30783543786877005,0.5960451670107432
FairAA_MMD,1.077217345015942,17,0.9769446484348526,1.0612773529422528,0.9870967741935484,0.956952169076752,0.30443524588338144,0.6262892499798909
FairAA_MMD,1.5811388300841898,17,0.976365664701243,1.0398334148027013,0.9836484983314794,0.9601779755283648,0.2997187771596309,0.6952153749880381
FairAA_MMD,2.320794416806389,17,0.9752675162765614,1.0110302499406434,0.9769744160177976,0.9470522803114572,0.29348608754814864,0.8803421249613166
FairAA_MMD,3.4064603452898052,17,0.9735298756160148,0.9779629305997249,0.9601779755283648,0.9304783092324804,0.2862644985373361,0.8186204159865156
FairAA_MMD,4.999999999999999,17,0.9699683431016355,0.9274660510510238,0.9470522803114573,0.9208008898776419,0.27576248392038016,0.89514949999284
FairAA_MMD,7.338996338110344,17,0.9609239229740306,0.8243008699736313,0.9201334816462736,0.8904338153503893,0.254058879153652,0.9188033330137841
FairAA_MMD,10.772173450159416,17,0.9456738996661854,0.7075534997666184,0.8773081201334818,0.8480533926585094,0.23107006840926916,0.7178263750392944
FairAA_MMD,15.811388300841895,17,0.9184248608919868,0.5589514611519333,0.8310344827586207,0.8218020022246939,0.19968025984056914,0.8973377500078641
FairAA_MMD,23.207944168063882,17,0.9272225104645411,0.6090340589620169,0.8508342602892102,0.8413793103448276,0.212373127890977,0.8984607079764828
FairAA_MMD,34.064603452898055,17,0.877762628714415,0.403264556048874,0.7612903225806452,0.7315906562847608,0.17182316750625884,0.6610105829895474
FairAA_MMD,49.99999999999999,17,0.7872536084003932,0.17607413342859424,0.660734149054505,0.5677419354838709,0.10978337825391848,0.8327789999893866
FairAA_MMD,73.38996338110344,17,0.7322558505246586,0.0960753631753653,0.599777530589544,0.5127919911012236,0.07958221812156076,0.7418639169773087
FairAA_MMD,107.7217345015941,17,0.6857500340513702,0.05270868427929215,0.5592880978865407,0.4395995550611791,0.05778086197041335,0.8528323749778792
FairAA_MMD,158.11388300841895,17,0.6524998581290838,0.027246933893927017,0.521134593993326,0.3710789766407118,0.04174945004493255,3.8420863329665735
FairAA_MMD,232.07944168063884,17,0.6212715887561604,0.013419387122604154,0.5018909899888765,0.30411568409343714,0.028521454797952775,1.0523539159912616
FairAA_MMD,340.64603452898035,17,0.5932604384567497,0.0062692781178511625,0.46307007786429366,0.2783092324805339,0.018192193156366304,0.0072804579976946115
FairAA_MMD,499.99999999999994,17,0.5772579015990671,0.002996856593140196,0.46151279199110123,0.28298109010011124,0.012308311651550725,0.6398690000060014
FairAA_MMD,0.0,18,0.977510277928382,1.108862677765204,0.9967741935483871,0.9694104560622915,0.31515431859241194,1.3970627499511465
FairAA_MMD,0.5,18,0.9773721015529132,1.0853727875934,0.9935483870967742,0.9659621802002224,0.3098912626393489,0.4592954590334557
FairAA_MMD,0.7338996338110347,18,0.9772358696824214,1.0763979511847317,0.9935483870967742,0.9627363737486097,0.30783543946715297,0.5482578749652021
FairAA_MMD,1.077217345015942,18,0.976944648430871,1.061277371252082,0.9901001112347053,0.9627363737486097,0.304435245376633,0.7749169999733567
FairAA_MMD,1.5811388300841898,18,0.9763656646610588,1.039833406202893,0.9728587319243605,0.9595105672969966,0.29971877504138966,0.8052337499684654
FairAA_MMD,2.320794416806389,18,0.9752675163202714,1.0110302510395668,0.9694104560622915,0.9595105672969966,0.29348608907744284,0.721206207992509
FairAA_MMD,3.4064603452898052,18,0.9735298756651192,0.9779629400215635,0.9659621802002224,0.949833147942158,0.28626449965210843,0.7997823749901727
FairAA_MMD,4.999999999999999,18,0.9699683431185934,0.9274660524076116,0.9560622914349277,0.9463848720800889,0.2757624841917745,0.7646620830055326
FairAA_MMD,7.338996338110344,18,0.9609239229777378,0.8243008726533344,0.9328142380422693,0.9328142380422693,0.25405888000582666,0.8617126250173897
FairAA_MMD,10.772173450159416,18,0.945673900158171,0.70755346233943,0.9261401557285872,0.8925472747497218,0.2310700638279055,0.7594608750077896
FairAA_MMD,15.811388300841895,18,0.9184248613564365,0.5589514781484128,0.8830923248053392,0.8393770856507231,0.19968026035597167,0.9018023750395514
FairAA_MMD,23.207944168063882,18,0.92722251054177,0.6090340506935528,0.8992213570634039,0.885650723025584,0.21237312748638884,0.7577679579844698
FairAA_MMD,34.064603452898055,18,0.877762628071775,0.40326456147554635,0.7855394883203559,0.7760845383759734,0.17182316533649786,0.6948840839904733
FairAA_MMD,49.99999999999999,18,0.787253601688662,0.1760741175291573,0.7050055617352614,0.5526140155728587,0.109783353719824,0.7862074160366319
FairAA_MMD,73.38996338110344,18,0.7322559338855439,0.09607546325697242,0.6479421579532814,0.5045606229143493,0.07958225367874203,0.9607225420186296
FairAA_MMD,107.7217345015941,18,0.685751237785307,0.05270989254171965,0.6003337041156841,0.42969966629588435,0.057781353771116935,0.8887897500535473
FairAA_MMD,158.11388300841895,18,0.6524998547216927,0.027246931842850486,0.5720800889877642,0.35995550611790883,0.041749448900604745,3.9045196250081062
FairAA_MMD,232.07944168063884,18,0.6191960460087054,0.013367711586587006,0.5270300333704115,0.3590656284760846,0.028343439737935884,0.9851183749851771
FairAA_MMD,340.64603452898035,18,0.5935254756057364,0.00606634964891184,0.5047830923248053,0.27875417130144603,0.01793742278752579,0.0072651669615879655
FairAA_MMD,499.99999999999994,18,0.5748433068177805,0.0030400261716485577,0.48275862068965514,0.21779755283648497,0.011839904513805982,0.6507628329563886
FairAA_MMD,0.0,19,0.9775102779283816,1.1088626867870444,0.9901001112347053,0.956729699666296,0.3151543199134586,1.380930499988608
FairAA_MMD,0.5,19,0.9773721015709107,1.0853728025023053,0.9832035595105673,0.9535038932146829,0.3098912645085422,0.4913615830009803
FairAA_MMD,0.7338996338110347,19,0.9772358696745614,1.076397928892046,0.9832035595105673,0.9502780867630701,0.30783543870200597,0.6063168750260957
FairAA_MMD,1.077217345015942,19,0.9769446484380747,1.0612773616535047,0.9767519466073417,0.9502780867630701,0.3044352457274578,0.7292151660076343
FairAA_MMD,1.5811388300841898,19,0.9763656646635038,1.0398333930380697,0.9666295884315907,0.9438264738598441,0.2997187749368162,0.8228825830155984
FairAA_MMD,2.320794416806389,19,0.9752675162744303,1.0110302508296882,0.9666295884315907,0.9406006674082313,0.29348608769219164,0.7266098749823868
FairAA_MMD,3.4064603452898052,19,0.9735298757144081,0.9779629370480301,0.9631813125695217,0.9272525027808676,0.286264499565416,0.8529381250264123
FairAA_MMD,4.999999999999999,19,0.9699683431364724,0.9274660535887956,0.9399332591768632,0.9072302558398221,0.27576248448023466,0.926218707987573
FairAA_MMD,7.338996338110344,19,0.9609239228062298,0.824300867011994,0.9097886540600667,0.8904338153503893,0.25405887818967243,0.9118257919908501
FairAA_MMD,10.772173450159416,19,0.9456739004877518,0.707553466406834,0.8704115684093437,0.8361512791991101,0.2310700649921151,0.7419287079828791
FairAA_MMD,15.811388300841895,19,0.9184248617900272,0.5589514942131973,0.8400444938820911,0.8030033370411569,0.19968026127507996,0.9320117909810506
FairAA_MMD,23.207944168063882,19,0.9272225116266689,0.6090340976497919,0.846718576195773,0.8167964404894328,0.21237313256526566,0.768958292028401
FairAA_MMD,34.064603452898055,19,0.8777626274152591,0.4032645597803539,0.7523915461624027,0.7403781979977754,0.17182316637875233,0.6695970830041915
FairAA_MMD,49.99999999999999,19,0.7872536080491953,0.17607413329869215,0.6548387096774194,0.5655172413793104,0.10978337711877217,0.9245463329716586
FairAA_MMD,73.38996338110344,19,0.7322559468625347,0.09607547916837045,0.6113459399332591,0.5183537263626252,0.0795822591538971,0.7729057919932529
FairAA_MMD,107.7217345015941,19,0.6857520853730565,0.05271071709431141,0.5340378197997776,0.4497219132369299,0.0577816965325316,1.0784637079923414
FairAA_MMD,158.11388300841895,19,0.6524803271208824,0.02722563373994391,0.4870967741935484,0.33259176863181317,0.0417410134126211,4.261067417042796
FairAA_MMD,232.07944168063884,19,0.619064151536688,0.013377067510322194,0.4295884315906563,0.35606229143492774,0.02838784871006174,1.087131458974909
FairAA_MMD,340.64603452898035,19,0.593625544698227,0.0063550605110272995,0.43837597330367073,0.23870967741935484,0.01884379369206373,0.007262375031132251
FairAA_MMD,499.99999999999994,19,0.5776100554309407,0.002926104227594206,0.4137931034482759,0.2387096774193548,0.012074160353114621,0.7071432499797083
FairPCA_AA,0.0,0,0.6468633065109805,0.5341076123987168,0.8493882091212459,0.8591768631813125,0.15731659549550497,0.023916416976135224
FairPCA_AA,1.0,0,0.9757208782152054,1.11542080579187,0.9834260289210235,0.9733036707452726,0.31659578624100365,0.08274500002153218
FairPCA_AA,0.6812920690579608,0,0.9548658686173067,1.081174348758073,0.9765294771968854,0.9758620689655173,0.3090086528593429,0.07056875003036112
FairPCA_AA,0.46415888336127775,0,0.9187643111735885,1.0834564936713293,0.9799777530589544,0.9659621802002224,0.30678361077486793,0.29517104203114286
FairPCA_AA,0.31622776601683794,0,0.9133318350657915,1.0759497220640877,0.9767519466073414,0.9597330367074528,0.3042953728419428,0.25755370897240937
FairPCA_AA,0.21544346900318823,0,0.9124710927462081,1.0724734100885638,0.9767519466073414,0.9634037819799778,0.3034168239515489,0.5434752089786343
FairPCA_AA,0.1467799267622069,0,0.9119834857816635,1.0697339905076633,0.9802002224694105,0.9565072302558398,0.30275823373825783,0.4759252910153009
FairPCA_AA,0.1,0,0.9112948824977913,1.0673833698826058,0.9802002224694105,0.956729699666296,0.3020802977402076,0.44821133295772597
FairPCA_AA,0.06812920690579612,0,0.9111977257175191,1.067005529833916,0.9802002224694105,0.956729699666296,0.3019848247539243,0.18488474999321625
FairPCA_AA,0.046415888336127774,0,0.9111971419538826,1.067004218361494,0.9802002224694105,0.956729699666296,0.3019842810285497,0.01970716699725017
FairPCA_AA,0.03162277660168379,0,0.9111971147962501,1.0670041412246904,0.9802002224694105,0.956729699666296,0.3019842567849319,0.01924058300210163
FairPCA_AA,0.021544346900318832,0,0.911197102515606,1.0670041537821917,0.9802002224694105,0.956729699666296,0.3019842447571581,0.020773166965227574
FairPCA_AA,0.01467799267622069,0,0.9111971267422967,1.0670041221224826,0.9802002224694105,0.956729699666296,0.30198426338357665,0.020208375004585832
FairPCA_AA,0.01,0,0.9111971175780119,1.0670041345078656,0.9802002224694105,0.956729699666296,0.3019842580329829,0.01977454195730388
FairPCA_AA,0.006812920690579608,0,0.9111971261161492,1.0670041244235788,0.9802002224694105,0.9466073414905452,0.3019842639485164,0.019756417023018003
FairPCA_AA,0.004641588833612777,0,0.9111971445896577,1.0670041291034125,0.9802002224694105,0.9466073414905452,0.3019842711054074,0.01968658302212134
FairPCA_AA,0.0031622776601683794,0,0.9111971425847591,1.0670041262623053,0.9802002224694105,0.9466073414905452,0.30198427020162605,0.019702958990819752
FairPCA_AA,0.0021544346900318843,0,0.9111971433638174,1.0670041145316007,0.9802002224694105,0.956729699666296,0.3019842744652085,0.02003766701091081
FairPCA_AA,0.0014677992676220691,0,0.9111971250238041,1.0670041293703647,0.9802002224694105,0.9466073414905452,0.30198426161890835,0.0192852079635486
FairPCA_AA,0.001,0,0.9111971378489558,1.0670041183036498,0.9802002224694105,0.956729699666296,0.30198427441387643,0.020445792004466057
FairPCA_AA,0.0,1,0.6468633065109798,0.5341076177499062,0.8353726362625139,0.8658509454949943,0.15731659092609115,0.02778391697211191
FairPCA_AA,1.0,1,0.9757208766564092,1.1154208102529406,0.9758620689655173,0.9694104560622915,0.3165957972134081,0.1097918750019744
FairPCA_AA,0.6812920690579608,1,0.9548658712447272,1.0811742814030356,0.9659621802002224,0.9487208008898775,0.3090086170879654,0.09304241702193394
FairPCA_AA,0.46415888336127775,1,0.9187640124364713,1.0834557247123857,0.9664071190211345,0.9523915461624026,0.30678343747578657,0.35597074998077005
FairPCA_AA,0.31622776601683794,1,0.9133184892927203,1.0759722732144437,0.9666295884315907,0.9424916573971078,0.30428421878966816,0.24018708296352997
FairPCA_AA,0.21544346900318823,1,0.9124681052263024,1.0724735069237579,0.9666295884315907,0.9457174638487208,0.3034161976084998,0.5176405000383966
FairPCA_AA,0.1467799267622069,1,0.9119831521251281,1.0697335621014075,0.9636262513904338,0.9390433815350387,0.3027581908985416,0.5336606670171022
FairPCA_AA,0.1,1,0.9112948222426581,1.0673833102181463,0.9636262513904338,0.9390433815350387,0.30208029232641637,0.5231047910056077
FairPCA_AA,0.06812920690579612,1,0.9111984658399942,1.0670073439489398,0.9636262513904338,0.9390433815350387,0.3019855722649637,0.2296143330167979
FairPCA_AA,0.046415888336127774,1,0.9111971398815695,1.0670041682135272,0.9636262513904338,0.9390433815350387,0.3019843005609136,0.028080167016014457
FairPCA_AA,0.03162277660168379,1,0.9111971049651455,1.0670040935862657,0.9636262513904338,0.9390433815350387,0.3019842729815147,0.028688875027000904
FairPCA_AA,0.021544346900318832,1,0.9111971086622469,1.067004091719998,0.9636262513904338,0.9390433815350387,0.3019842694566116,0.028045542014297098
FairPCA_AA,0.01467799267622069,1,0.9111970954587576,1.0670040764110602,0.9636262513904338,0.9390433815350387,0.3019842706233674,0.028377290989737958
FairPCA_AA,0.01,1,0.9111971016403044,1.0670040884119327,0.9636262513904338,0.9390433815350387,0.30198426977946374,0.027874542050994933
FairPCA_AA,0.006812920690579608,1,0.9111971177790527,1.0670041104376708,0.9636262513904338,0.9457174638487207,0.3019842676300234,0.029221917036920786
FairPCA_AA,0.004641588833612777,1,0.9111971287724354,1.0670041240025703,0.9636262513904338,0.9457174638487207,0.30198426515516646,0.028332707996014506
FairPCA_AA,0.0031622776601683794,1,0.9111971183399014,1.0670041069137768,0.9636262513904338,0.9390433815350387,0.30198426916806886,0.02819291700143367
FairPCA_AA,0.0021544346900318843,1,0.9111971153763636,1.0670041061225537,0.9636262513904338,0.9390433815350387,0.30198426735748723,0.028756749990861863
FairPCA_AA,0.0014677992676220691,1,0.9111971182302677,1.0670041029710204,0.9636262513904338,0.9390433815350387,0.301984268118688,0.028732209000736475
FairPCA_AA,0.001,1,0.9111971008390118,1.0670040979135262,0.9636262513904338,0.9457174638487207,0.30198426817326995,0.0277921250090003
FairPCA_AA,0.0,2,0.6468633065109795,0.5341076000705944,0.8110122358175751,0.818464961067853,0.15731659135964143,0.025307874951977283
FairPCA_AA,1.0,2,0.9757208781014979,1.115420804142878,0.9799777530589544,0.9597330367074528,0.31659578642187636,0.08213487500324845
FairPCA_AA,0.6812920690579608,2,0.9548658673365706,1.081174353233826,0.9767519466073414,0.9463848720800889,0.30900865718421755,0.06892241694731638
FairPCA_AA,0.46415888336127775,2,0.918763882046425,1.0834563838372557,0.9698553948832036,0.9463848720800889,0.3067833695040992,0.3134343749843538
FairPCA_AA,0.31622776601683794,2,0.9133372422805057,1.0759643252392226,0.9698553948832036,0.949610678531702,0.30429032125304745,0.26066324999555945
FairPCA_AA,0.21544346900318823,2,0.9124804831887947,1.0724732307579155,0.9767519466073414,0.9463848720800889,0.303418767288085,0.5501153750228696
FairPCA_AA,0.1467799267622069,2,0.9119843720983989,1.0697358043982648,0.9735261401557287,0.949610678531702,0.30275843883733194,0.47057329199742526
FairPCA_AA,0.1,2,0.9112378447729306,1.06714772299176,0.9735261401557287,0.9463848720800889,0.30202404640705555,0.4856154590379447
FairPCA_AA,0.06812920690579612,2,0.9111979742651164,1.0670060963919528,0.9735261401557287,0.9463848720800889,0.30198507858537105,0.1432492089807056
FairPCA_AA,0.046415888336127774,2,0.9111971441391837,1.0670041769250882,0.9735261401557287,0.9463848720800889,0.30198429939304816,0.025382667023222893
FairPCA_AA,0.03162277660168379,2,0.9111971140525995,1.067004103421281,0.9735261401557287,0.9463848720800889,0.3019842714266269,0.02558316697832197
FairPCA_AA,0.021544346900318832,2,0.9111971139722449,1.0670040975596047,0.9735261401557287,0.9463848720800889,0.30198426834024467,0.025128832960035652
FairPCA_AA,0.01467799267622069,2,0.9111971088356682,1.0670040934807887,0.9735261401557287,0.9463848720800889,0.30198426837257464,0.025166042032651603
FairPCA_AA,0.01,2,0.9111971117569654,1.0670041032114237,0.9735261401557287,0.9463848720800889,0.301984268039523,0.025313584017567337
FairPCA_AA,0.006812920690579608,2,0.9111971083122478,1.0670040971737131,0.9735261401557287,0.9463848720800889,0.30198426829095965,0.025518916023429483
FairPCA_AA,0.004641588833612777,2,0.9111971272620132,1.0670041362979792,0.9735261401557287,0.949610678531702,0.30198426122123007,0.025070957955904305
FairPCA_AA,0.0031622776601683794,2,0.9111971063122457,1.067004091842901,0.9735261401557287,0.9463848720800889,0.30198426789459265,0.025317625026218593
FairPCA_AA,0.0021544346900318843,2,0.9111971363810978,1.0670041279089255,0.9735261401557287,0.949610678531702,0.30198426634005143,0.025128457986284047
FairPCA_AA,0.0014677992676220691,2,0.911197113120191,1.0670040974326334,0.9735261401557287,0.9463848720800889,0.3019842681131751,0.02517025003908202
FairPCA_AA,0.001,2,0.9111971246404068,1.067004125980691,0.9735261401557287,0.949610678531702,0.30198426346470764,0.025200749980285764
FairPCA_AA,0.0,3,0.6468633065109797,0.5341076128826823,0.8213570634037819,0.8585094549499444,0.15731659040233362,0.027712915965821594
FairPCA_AA,1.0,3,0.9757208773812011,1.1154207926257973,0.9728587319243605,0.9627363737486097,0.3165957947514385,0.08425316697685048
FairPCA_AA,0.6812920690579608,3,0.9548658683988421,1.0811743430575773,0.9664071190211345,0.9560622914349277,0.3090086520652294,0.08155587501823902
FairPCA_AA,0.46415888336127775,3,0.918763625756196,1.0834558587527918,0.9698553948832036,0.9595105672969966,0.3067831820158856,0.3318014160031453
FairPCA_AA,0.31622776601683794,3,0.9133585071849837,1.0759772536125598,0.9767519466073417,0.9562847608453838,0.304292446080433,0.30581033299677074
FairPCA_AA,0.21544346900318823,3,0.9124701184405253,1.0724767620744755,0.9767519466073417,0.9493882091212459,0.3034159482171902,0.4628621669835411
FairPCA_AA,0.1467799267622069,3,0.9119836313059055,1.0697340067250094,0.9767519466073417,0.9631813125695217,0.30275822937526126,0.4914363749558106
FairPCA_AA,0.1,3,0.9112353906231899,1.0671378462520682,0.9767519466073417,0.9631813125695217,0.3020216991983795,0.5025989169953391
FairPCA_AA,0.06812920690579612,3,0.9111975548305723,1.0670050874666237,0.9767519466073417,0.9631813125695217,0.3019846672231592,0.1115303750266321
FairPCA_AA,0.046415888336127774,3,0.9111971719212317,1.0670042305301006,0.9767519466073417,0.9631813125695217,0.3019842894904607,0.02798583300318569
FairPCA_AA,0.03162277660168379,3,0.9111971401892548,1.0670041585838583,0.9767519466073417,0.9631813125695217,0.3019842624546821,0.028298249992076308
FairPCA_AA,0.021544346900318832,3,0.9111971334294411,1.067004139444664,0.9767519466073417,0.9631813125695217,0.30198426298498,0.027756750001572073
FairPCA_AA,0.01467799267622069,3,0.911197128977963,1.0670041232067184,0.9767519466073417,0.9631813125695217,0.3019842671484942,0.027392542047891766
FairPCA_AA,0.01,3,0.911197134448528,1.067004133491925,0.9767519466073417,0.9631813125695217,0.30198426364698516,0.02846883301390335
FairPCA_AA,0.006812920690579608,3,0.9111971313351515,1.0670041263337273,0.9767519466073417,0.9631813125695217,0.3019842668540291,0.027001624985132366
FairPCA_AA,0.004641588833612777,3,0.9111971528082643,1.0670041198867775,0.9767519466073417,0.9629588431590657,0.3019842769194979,0.028473374957684427
FairPCA_AA,0.0031622776601683794,3,0.9111971370298035,1.0670041362665343,0.9767519466073417,0.9631813125695217,0.3019842628141606,0.02770691702608019
FairPCA_AA,0.0021544346900318843,3,0.9111971291090557,1.0670041246107893,0.9767519466073417,0.9631813125695217,0.30198426489024577,0.027692249976098537
FairPCA_AA,0.0014677992676220691,3,0.9111971528175378,1.067004120087668,0.9767519466073417,0.9629588431590657,0.30198427658085925,0.02823329099919647
FairPCA_AA,0.001,3,0.911197123615297,1.0670041300460418,0.9767519466073417,0.9631813125695217,0.30198426472505835,0.027867291995789856
FairPCA_AA,0.0,4,0.6468633065109795,0.5341076181497995,0.8293659621802003,0.8630700778642938,0.15731659037457862,0.023379084013868123
FairPCA_AA,1.0,4,0.9757208763204973,1.115420813460897,0.9829810901001113,0.9562847608453838,0.3165957962937245,0.09637991600902751
FairPCA_AA,0.6812920690579608,4,0.9548658718587665,1.0811742658768653,0.9730812013348163,0.9726362625139042,0.30900861005487906,0.11744270799681544
FairPCA_AA,0.46415888336127775,4,0.9187640020135306,1.0834591567279268,0.9765294771968854,0.9730812013348163,0.30678360342745925,0.31499679101398215
FairPCA_AA,0.31622776601683794,4,0.913325689798709,1.0759486749945004,0.9765294771968854,0.9664071190211347,0.30429312966514294,0.27117054199334234
FairPCA_AA,0.21544346900318823,4,0.9124779783910394,1.0724793666348327,0.9765294771968854,0.9565072302558398,0.3034170175999695,0.5262822500080802
FairPCA_AA,0.1467799267622069,4,0.911984153480588,1.069734267325481,0.9765294771968854,0.952836484983315,0.30275824106233834,0.48913479200564325
FairPCA_AA,0.1,4,0.911294903998352,1.0673834148435652,0.9765294771968854,0.952836484983315,0.30208029262242897,0.5408263329882175
FairPCA_AA,0.06812920690579612,4,0.9111977546320547,1.0670055907525287,0.9765294771968854,0.9562847608453838,0.3019848681713114,0.07580950000556186
FairPCA_AA,0.046415888336127774,4,0.9111971743890246,1.067004237956764,0.9765294771968854,0.9562847608453838,0.30198428788236514,0.024227249959949404
FairPCA_AA,0.03162277660168379,4,0.9111971374662111,1.0670041509697923,0.9765294771968854,0.9562847608453838,0.3019842630197577,0.023538707988336682
FairPCA_AA,0.021544346900318832,4,0.9111971288680804,1.067004129321854,0.9765294771968854,0.9562847608453838,0.3019842645528476,0.024632667016703635
FairPCA_AA,0.01467799267622069,4,0.9111971319147991,1.0670041395068413,0.9765294771968854,0.9562847608453838,0.30198426127265393,0.024247625027783215
FairPCA_AA,0.01,4,0.9111971322442397,1.0670041354291113,0.9765294771968854,0.9562847608453838,0.30198426128349154,0.023994166986085474
FairPCA_AA,0.006812920690579608,4,0.9111971339781509,1.0670041427625234,0.9765294771968854,0.9562847608453838,0.3019842597915421,0.023461833014152944
FairPCA_AA,0.004641588833612777,4,0.9111971302119459,1.0670041363130283,0.9765294771968854,0.9562847608453838,0.30198426241382403,0.023626083973795176
FairPCA_AA,0.0031622776601683794,4,0.9111971322253214,1.067004137306054,0.9765294771968854,0.9562847608453838,0.30198426125529804,0.02307741600088775
FairPCA_AA,0.0021544346900318843,4,0.9111971020752065,1.0670040888886723,0.9765294771968854,0.9631813125695217,0.3019842678265811,0.0243369999807328
FairPCA_AA,0.0014677992676220691,4,0.9111971319177401,1.0670041358706732,0.9765294771968854,0.9562847608453838,0.30198426185028404,0.02371904201572761
FairPCA_AA,0.001,4,0.9111971229903654,1.0670041311809366,0.9765294771968854,0.9562847608453838,0.3019842640225233,0.023414457973558456
FairPCA_AA,0.0,5,0.6468633065109807,0.5341075997794593,0.828476084538376,0.850166852057842,0.15731659089754002,0.029331665951758623
FairPCA_AA,1.0,5,0.9757208768360521,1.1154208041546532,0.9832035595105673,0.9631813125695217,0.31659579580697467,0.09171995799988508
FairPCA_AA,0.6812920690579608,5,0.9548658714203031,1.0811742973164034,0.9700778642936596,0.946607341490545,0.3090086166802873,0.08890525001334026
FairPCA_AA,0.46415888336127775,5,0.9187636398592497,1.0834538521101609,0.9670745272525029,0.9433815350389321,0.30678291329873364,0.3078050839831121
FairPCA_AA,0.31622776601683794,5,0.9133554665259989,1.0759592091839956,0.9670745272525029,0.9433815350389322,0.30429775323514696,0.32897699996829033
FairPCA_AA,0.21544346900318823,5,0.9124842171430998,1.0724696653052028,0.9739710789766407,0.946829810901001,0.30342024675195434,0.46638370800064877
FairPCA_AA,0.1467799267622069,5,0.9119847353334359,1.0697369512908175,0.9739710789766407,0.946829810901001,0.30275857739969775,0.46982245898107067
FairPCA_AA,0.1,5,0.9112949920822667,1.0673833922014577,0.9739710789766407,0.946829810901001,0.3020803332547597,0.38037708296906203
FairPCA_AA,0.06812920690579612,5,0.9111982807115379,1.0670068827578558,0.9739710789766407,0.953726362625139,0.3019853849610229,0.1048412499949336
FairPCA_AA,0.046415888336127774,5,0.9111971503275743,1.067004209484807,0.9739710789766407,0.953726362625139,0.3019842893659486,0.029461457976140082
FairPCA_AA,0.03162277660168379,5,0.9111971104807668,1.0670041333064777,0.9739710789766407,0.953726362625139,0.30198425989689337,0.02953387500019744
FairPCA_AA,0.021544346900318832,5,0.9111971087484241,1.0670041266037256,0.9739710789766407,0.953726362625139,0.30198425803327367,0.029818582988809794
FairPCA_AA,0.01467799267622069,5,0.9111971009832136,1.067004122037389,0.9739710789766407,0.953726362625139,0.30198425295141423,0.029799416020978242
FairPCA_AA,0.01,5,0.9111971119148763,1.0670041215078043,0.9739710789766407,0.953726362625139,0.3019842597026529,0.028936624992638826
FairPCA_AA,0.006812920690579608,5,0.9111971006016297,1.06700412417575,0.9739710789766407,0.953726362625139,0.3019842528759422,0.02975429204525426
FairPCA_AA,0.004641588833612777,5,0.911197111993047,1.0670041237680854,0.9739710789766407,0.953726362625139,0.30198425982471166,0.02975487499497831
FairPCA_AA,0.0031622776601683794,5,0.9111971090991574,1.0670041203119371,0.9739710789766407,0.953726362625139,0.3019842577729823,0.028994332998991013
FairPCA_AA,0.0021544346900318843,5,0.9111971111329432,1.0670041192340884,0.9739710789766407,0.953726362625139,0.3019842597120641,0.02976325002964586
FairPCA_AA,0.0014677992676220691,5,0.9111971009273228,1.0670041279451183,0.9739710789766407,0.953726362625139,0.3019842528244303,0.029348208976443857
FairPCA_AA,0.001,5,0.9111971042527248,1.0670041242396933,0.9739710789766407,0.953726362625139,0.3019842591534116,0.029156208038330078
FairPCA_AA,0.0,6,0.6468633065109783,0.5341075885817796,0.7912124582869856,0.8552836484983315,0.15731659258887656,0.02243541704956442
FairPCA_AA,1.0,6,0.9757208780517245,1.115420806501075,0.9769744160177976,0.9666295884315907,0.3165957861003849,0.06977750000078231
FairPCA_AA,0.6812920690579608,6,0.9548658666400894,1.0811743543502073,0.9640711902113459,0.960400444938821,0.30900866046983533,0.08190225000726059
FairPCA_AA,0.46415888336127775,6,0.9187633093287213,1.0834554595603183,0.957174638487208,0.9636262513904338,0.30678342518420915,0.3225892080226913
FairPCA_AA,0.31622776601683794,6,0.9133264069863873,1.075955808767461,0.960622914349277,0.9703003337041156,0.30428978317698624,0.25548637501196936
FairPCA_AA,0.21544346900318823,6,0.9124739277888414,1.0724754494096485,0.9640711902113459,0.9638487208008899,0.30341698729769184,0.48477220797212794
FairPCA_AA,0.1467799267622069,6,0.9119837370877362,1.0697341478089373,0.960845383759733,0.960400444938821,0.30275824366841225,0.4660980409826152
FairPCA_AA,0.1,6,0.911200458720457,1.067011723170041,0.960845383759733,0.960400444938821,0.30198734130352906,0.43656825000653043
FairPCA_AA,0.06812920690579612,6,0.9111975813078795,1.0670051789147355,0.960845383759733,0.960400444938821,0.3019846841896133,0.07799787499243394
FairPCA_AA,0.046415888336127774,6,0.9111971569153328,1.067004214807349,0.960845383759733,0.960400444938821,0.3019842913556414,0.023888041963800788
FairPCA_AA,0.03162277660168379,6,0.9111971237283158,1.0670041462423385,0.960845383759733,0.960400444938821,0.3019842584304918,0.023097416968084872
FairPCA_AA,0.021544346900318832,6,0.911197115795543,1.0670041535129848,0.960845383759733,0.960400444938821,0.3019842479278283,0.023006708011962473
FairPCA_AA,0.01467799267622069,6,0.9111971201119626,1.067004140456056,0.960845383759733,0.960400444938821,0.30198425520017824,0.023780582996550947
FairPCA_AA,0.01,6,0.9111971148613902,1.0670041582279162,0.960845383759733,0.960400444938821,0.3019842475526022,0.022871374967508018
FairPCA_AA,0.006812920690579608,6,0.9111971323928766,1.0670041328845674,0.960845383759733,0.957174638487208,0.30198426234994924,0.023146749997977167
FairPCA_AA,0.004641588833612777,6,0.9111971342981593,1.067004139463402,0.960845383759733,0.957174638487208,0.30198426048441135,0.021799999987706542
FairPCA_AA,0.0031622776601683794,6,0.9111970955536391,1.0670040958488578,0.960845383759733,0.957174638487208,0.3019842642841197,0.02303224999923259
FairPCA_AA,0.0021544346900318843,6,0.9111971310119862,1.0670041295643384,0.960845383759733,0.957174638487208,0.30198426350421465,0.02315912500489503
FairPCA_AA,0.0014677992676220691,6,0.9111971097862753,1.067004102204343,0.960845383759733,0.957174638487208,0.3019842661639838,0.02323541702935472
FairPCA_AA,0.001,6,0.9111971261045264,1.0670041300665656,0.960845383759733,0.957174638487208,0.30198426244441035,0.022944457945413888
FairPCA_AA,0.0,7,0.6468633065109807,0.5341076027892395,0.825250278086763,0.8497219132369299,0.15731659281894708,0.028548582980874926
FairPCA_AA,1.0,7,0.9757208783923739,1.1154207996787584,0.9733036707452726,0.960400444938821,0.3165957863213317,0.07952349999686703
FairPCA_AA,0.6812920690579608,7,0.9548658705025159,1.0811742915624383,0.9636262513904338,0.9565072302558398,0.3090086202190942,0.10315699997590855
FairPCA_AA,0.46415888336127775,7,0.9187635736848743,1.0834568292515658,0.960400444938821,0.946829810901001,0.30678340462392634,0.3176307500107214
FairPCA_AA,0.31622776601683794,7,0.9133280541979998,1.0759639489825066,0.96384872080089,0.950055617352614,0.3042883293477159,0.27675708301831037
FairPCA_AA,0.21544346900318823,7,0.9124709876861735,1.0724740737061664,0.9672969966629589,0.9532814238042269,0.3034166684128177,0.5968365419539623
FairPCA_AA,0.1467799267622069,7,0.911983437367479,1.0697338406000805,0.9672969966629589,0.9502780867630701,0.30275821566996886,0.45216870901640505
FairPCA_AA,0.1,7,0.9112401528144081,1.067157546645583,0.9672969966629589,0.9436040044493883,0.3020263635315191,0.48552870901767164
FairPCA_AA,0.06812920690579612,7,0.9111980337675476,1.0670061868134537,0.9672969966629589,0.9436040044493883,0.30198512840865965,0.1704776660189964
FairPCA_AA,0.046415888336127774,7,0.9111971196340078,1.0670041823387961,0.9672969966629589,0.9436040044493883,0.3019842869696534,0.02865008299704641
FairPCA_AA,0.03162277660168379,7,0.9111970889767749,1.067004114443294,0.9672969966629589,0.9436040044493883,0.30198425861660894,0.028162541973870248
FairPCA_AA,0.021544346900318832,7,0.9111970937455113,1.0670041115622928,0.9672969966629589,0.9436040044493883,0.3019842578835973,0.02902358304709196
FairPCA_AA,0.01467799267622069,7,0.9111971101552598,1.0670041118251572,0.9672969966629589,0.9436040044493883,0.30198426400009226,0.028689124970696867
FairPCA_AA,0.01,7,0.9111971003750281,1.0670041052970523,0.9672969966629589,0.9436040044493883,0.30198426024649627,0.028232957993168384
FairPCA_AA,0.006812920690579608,7,0.9111970825192853,1.0670041049293433,0.9672969966629589,0.9436040044493883,0.3019842543131413,0.028828834008891135
FairPCA_AA,0.004641588833612777,7,0.9111970976834722,1.067004107672224,0.9672969966629589,0.9436040044493883,0.3019842593510116,0.02790379204088822
FairPCA_AA,0.0031622776601683794,7,0.9111971291264784,1.06700412638687,0.9672969966629589,0.9468298109010013,0.301984265269024,0.028250582981854677
FairPCA_AA,0.0021544346900318843,7,0.9111971322937534,1.0670041348285455,0.9672969966629589,0.9468298109010013,0.30198426399644657,0.028604416002053767
FairPCA_AA,0.0014677992676220691,7,0.9111971314836933,1.067004122769832,0.9672969966629589,0.9436040044493883,0.30198426683019197,0.028753000020515174
FairPCA_AA,0.001,7,0.9111971309383137,1.0670041364184566,0.9672969966629589,0.9468298109010013,0.3019842639903034,0.027691458992194384
FairPCA_AA,0.0,8,0.6468633065109805,0.5341076145175343,0.7845383759733038,0.8240266963292546,0.1573165919985825,0.02535533404443413
FairPCA_AA,1.0,8,0.9757208770812247,1.1154208012059386,0.9896551724137932,0.9553948832035595,0.3165957955918073,0.08231533301295713
FairPCA_AA,0.6812920690579608,8,0.9548658711776973,1.081174290269147,0.9698553948832036,0.9284760845383759,0.30900861818460595,0.08879137499025092
FairPCA_AA,0.46415888336127775,8,0.918764346526039,1.083459408605432,0.9700778642936596,0.9224694104560622,0.3067836184308025,0.34160204202635214
FairPCA_AA,0.31622776601683794,8,0.9133242313779293,1.075949850681495,0.9735261401557287,0.9289210233592881,0.3042918645551741,0.23346508300164714
FairPCA_AA,0.21544346900318823,8,0.912475076672996,1.0724622355387572,0.9735261401557287,0.9222469410456062,0.3034198929549786,0.5251342920237221
FairPCA_AA,0.1467799267622069,8,0.9119838218688673,1.069736519732054,0.9735261401557287,0.9222469410456062,0.30275856023891534,0.48143458302365616
FairPCA_AA,0.1,8,0.9112949430522814,1.06738327606471,0.9767519466073417,0.9190211345939934,0.3020803489776866,0.4903524999972433
FairPCA_AA,0.06812920690579612,8,0.9111976773158885,1.0670053394218477,0.9767519466073417,0.9190211345939934,0.3019847772856342,0.06842770898947492
FairPCA_AA,0.046415888336127774,8,0.911197132826651,1.0670041626105768,0.9767519466073417,0.9190211345939934,0.30198429862328785,0.025514042004942894
FairPCA_AA,0.03162277660168379,8,0.9111971023697321,1.0670040991519052,0.9767519466073417,0.9190211345939934,0.3019842705824752,0.025845542026218027
FairPCA_AA,0.021544346900318832,8,0.911197105391616,1.0670040944385515,0.9767519466073417,0.9190211345939934,0.3019842677360852,0.024659832997713238
FairPCA_AA,0.01467799267622069,8,0.911197099466561,1.0670040881028573,0.9767519466073417,0.9190211345939934,0.30198426749660334,0.025468916981481016
FairPCA_AA,0.01,8,0.9111970919214194,1.0670040811547925,0.9767519466073417,0.9190211345939934,0.30198426753109775,0.02490108396159485
FairPCA_AA,0.006812920690579608,8,0.9111971019933776,1.0670040928949498,0.9767519466073417,0.9190211345939934,0.30198426741504236,0.025511999963782728
FairPCA_AA,0.004641588833612777,8,0.9111971069610678,1.0670041000488217,0.9767519466073417,0.9190211345939934,0.30198426730248173,0.024634792003780603
FairPCA_AA,0.0031622776601683794,8,0.9111971183900134,1.0670041321086747,0.9767519466073417,0.9289210233592881,0.30198425805468254,0.024632290995214134
FairPCA_AA,0.0021544346900318843,8,0.9111971039648711,1.0670040919747659,0.9767519466073417,0.9190211345939934,0.3019842673743993,0.025637750048190355
FairPCA_AA,0.0014677992676220691,8,0.9111970998717367,1.0670040902490805,0.9767519466073417,0.9190211345939934,0.3019842674492068,0.02473345899488777
FairPCA_AA,0.001,8,0.9111971177621132,1.0670041125759568,0.9767519466073417,0.9190211345939934,0.30198426731071537,0.02611983398674056
FairPCA_AA,0.0,9,0.6468633065109808,0.5341076034728303,0.807119021134594,0.8173526140155729,0.15731659190085956,0.02470775000983849
FairPCA_AA,1.0,9,0.9757208764294406,1.1154208263025103,0.9797552836484984,0.9558398220244717,0.3165957982013313,0.08976550004445016
FairPCA_AA,0.6812920690579608,9,0.9548658680897909,1.0811743717296287,0.9698553948832036,0.9519466073414904,0.3090086588422265,0.09504629200091586
FairPCA_AA,0.46415888336127775,9,0.9187635397982805,1.0834549689068245,0.9765294771968854,0.9491657397107897,0.3067832511005958,0.3260180829674937
FairPCA_AA,0.31622776601683794,9,0.9133315910215896,1.0759576841731084,0.9767519466073414,0.932591768631813,0.30429116451089816,0.24688804103061557
FairPCA_AA,0.21544346900318823,9,0.9124711458137307,1.0724743720243362,0.9767519466073417,0.9422691879866518,0.30341664019910286,0.5548328339937143
FairPCA_AA,0.1467799267622069,9,0.9119834261769699,1.0697338301535801,0.9767519466073417,0.9388209121245827,0.30275821476288145,0.438368332979735
FairPCA_AA,0.1,9,0.9112948921399896,1.0673833492738898,0.9767519466073417,0.9355951056729699,0.30208030758739185,0.4647780420491472
FairPCA_AA,0.06812920690579612,9,0.9111975741444596,1.0670051478538438,0.9767519466073417,0.9355951056729699,0.3019846935577871,0.12220229103695601
FairPCA_AA,0.046415888336127774,9,0.9111971677682509,1.067004205146732,0.9767519466073417,0.9355951056729699,0.3019842967406483,0.024181000015232712
FairPCA_AA,0.03162277660168379,9,0.9111971365230705,1.067004136155176,0.9767519466073417,0.9355951056729699,0.3019842681632862,0.02530224999645725
FairPCA_AA,0.021544346900318832,9,0.9111971430930741,1.0670041361040914,0.9767519466073417,0.9355951056729699,0.301984264935116,0.024161375011317432
FairPCA_AA,0.01467799267622069,9,0.9111971413520525,1.0670041425928163,0.9767519466073417,0.9355951056729699,0.3019842645126256,0.02457095799036324
FairPCA_AA,0.01,9,0.91119713988573,1.0670041342581407,0.9767519466073417,0.9355951056729699,0.3019842648510822,0.024337375012692064
FairPCA_AA,0.006812920690579608,9,0.91119712228517,1.0670041200383422,0.9767519466073417,0.9355951056729699,0.30198426449719556,0.025035500002559274
FairPCA_AA,0.004641588833612777,9,0.9111971375807132,1.0670041355410014,0.9767519466073417,0.9355951056729699,0.30198426511857684,0.02517404197715223
FairPCA_AA,0.0031622776601683794,9,0.9111971230689502,1.067004110816589,0.9767519466073417,0.9390433815350387,0.3019842680064982,0.02380512497620657
FairPCA_AA,0.0021544346900318843,9,0.9111971268401442,1.0670041063822682,0.9767519466073417,0.9390433815350387,0.3019842733174448,0.024506458023097366
FairPCA_AA,0.0014677992676220691,9,0.9111971323118018,1.0670041255441582,0.9767519466073417,0.9355951056729699,0.30198426609250173,0.024882083002012223
FairPCA_AA,0.001,9,0.911197126601694,1.067004101435991,0.9767519466073417,0.9390433815350387,0.3019842772480814,0.025383792002685368
FairPCA_AA,0.0,10,0.6468633065109806,0.5341076004777652,0.8353726362625139,0.8359288097886541,0.15731659247725088,0.02625645900843665
FairPCA_AA,1.0,10,0.9757208779581448,1.115420796852461,0.9661846496106786,0.9597330367074527,0.3165957848765947,0.08139858400681987
FairPCA_AA,0.6812920690579608,10,0.9548658722222078,1.0811742884754065,0.9565072302558398,0.939265850945495,0.3090086161203772,0.12269362504594028
FairPCA_AA,0.46415888336127775,10,0.918764426659806,1.0834575563164264,0.9599555061179087,0.9431590656284762,0.3067835949430984,0.3080532079911791
FairPCA_AA,0.31622776601683794,10,0.9133422334156033,1.075963965556536,0.9668520578420468,0.9424916573971078,0.30429151964658724,0.2967831250280142
FairPCA_AA,0.21544346900318823,10,0.9124728197358267,1.0724724353235258,0.9703003337041156,0.939265850945495,0.30341737182230716,0.5376859999960288
FairPCA_AA,0.1467799267622069,10,0.911983645254771,1.0697344301762965,0.9703003337041156,0.936040044493882,0.3027582859443916,0.4738943330012262
FairPCA_AA,0.1,10,0.9112948587105419,1.0673833306608103,0.9703003337041156,0.936040044493882,0.3020803002689728,0.49865525000495836
FairPCA_AA,0.06812920690579612,10,0.9111976166890022,1.0670052507332062,0.9703003337041156,0.936040044493882,0.3019847322108399,0.12226233299588785
FairPCA_AA,0.046415888336127774,10,0.9111971504131468,1.067004231560031,0.9703003337041156,0.936040044493882,0.30198428066974936,0.02393129200208932
FairPCA_AA,0.03162277660168379,10,0.9111971207865399,1.0670041489986288,0.9703003337041156,0.936040044493882,0.3019842570220962,0.023172374989371747
FairPCA_AA,0.021544346900318832,10,0.9111971167547613,1.0670041428905679,0.9703003337041156,0.936040044493882,0.30198425251663785,0.02297670900588855
FairPCA_AA,0.01467799267622069,10,0.9111971146869667,1.0670041516758613,0.9703003337041156,0.936040044493882,0.30198424856454387,0.023469374980777502
FairPCA_AA,0.01,10,0.9111971180171162,1.067004138759467,0.9703003337041156,0.936040044493882,0.30198425594695544,0.022707875003106892
FairPCA_AA,0.006812920690579608,10,0.9111971304351245,1.0670041342279952,0.9703003337041156,0.936040044493882,0.301984261023462,0.02286716701928526
FairPCA_AA,0.004641588833612777,10,0.9111971297732464,1.0670041342390577,0.9703003337041156,0.936040044493882,0.30198426305542997,0.02346104203024879
FairPCA_AA,0.0031622776601683794,10,0.9111971297573278,1.0670041308415588,0.9703003337041156,0.936040044493882,0.30198426376437987,0.02305199997499585
FairPCA_AA,0.0021544346900318843,10,0.9111971222992384,1.0670041299819926,0.9703003337041156,0.936040044493882,0.30198426095241193,0.023499167000409216
FairPCA_AA,0.0014677992676220691,10,0.9111971359432378,1.0670041271614519,0.9703003337041156,0.936040044493882,0.30198426657376787,0.023037249979097396
FairPCA_AA,0.001,10,0.9111971230847299,1.0670041206401313,0.9703003337041156,0.936040044493882,0.3019842658834199,0.024110250000376254
FairPCA_AA,0.0,11,0.6468633065109799,0.5341075919277513,0.7969966629588432,0.8447163515016685,0.1573165921345722,0.02523508301237598
FairPCA_AA,1.0,11,0.975720878127099,1.11542080168226,0.9795328142380424,0.9625139043381535,0.31659578551809264,0.06964145798701793
FairPCA_AA,0.6812920690579608,11,0.9548658720295289,1.081174278573474,0.9696329254727475,0.9553948832035596,0.3090086138087639,0.07889483304461464
FairPCA_AA,0.46415888336127775,11,0.9187634070229291,1.0834568855238347,0.9664071190211347,0.9558398220244715,0.3067833434824958,0.3440120840095915
FairPCA_AA,0.31622776601683794,11,0.9133248328661837,1.0759490591119907,0.9664071190211347,0.9422691879866519,0.3042925441335638,0.26419470901601017
FairPCA_AA,0.21544346900318823,11,0.9124783879262254,1.0724660172087999,0.9700778642936596,0.9457174638487208,0.30341980072953356,0.5490513750119135
FairPCA_AA,0.1467799267622069,11,0.9119841715737081,1.0697365145756794,0.9700778642936596,0.9457174638487208,0.30275854379415473,0.48241337505169213
FairPCA_AA,0.1,11,0.9112949212766537,1.067383310770933,0.9666295884315907,0.9491657397107897,0.3020803302639372,0.5290955409873277
FairPCA_AA,0.06812920690579612,11,0.9111976372073886,1.0670052501686529,0.9666295884315907,0.9491657397107897,0.3019847407704237,0.14283145900117233
FairPCA_AA,0.046415888336127774,11,0.9111971337230218,1.0670041689403882,0.9666295884315907,0.9491657397107897,0.3019843000641271,0.024672625004313886
FairPCA_AA,0.03162277660168379,11,0.9111970951977308,1.0670040861896866,0.9666295884315907,0.9491657397107897,0.3019842710867055,0.024602250021416694
FairPCA_AA,0.021544346900318832,11,0.9111971086944566,1.0670040961282883,0.9666295884315907,0.9491657397107897,0.3019842677270841,0.024632290995214134
FairPCA_AA,0.01467799267622069,11,0.9111971078766323,1.067004093644337,0.9666295884315907,0.9491657397107897,0.3019842679182705,0.02476262499112636
FairPCA_AA,0.01,11,0.9111971034690117,1.0670040948967954,0.9666295884315907,0.9491657397107897,0.3019842676671368,0.024371291045099497
FairPCA_AA,0.006812920690579608,11,0.9111971267373368,1.0670041246009108,0.9666295884315907,0.9491657397107899,0.301984265670946,0.02475320897065103
FairPCA_AA,0.004641588833612777,11,0.9111971234961089,1.0670041064972144,0.9666295884315907,0.9595105672969966,0.30198427030305397,0.02477700001327321
FairPCA_AA,0.0031622776601683794,11,0.9111971177519769,1.0670041078357575,0.9666295884315907,0.9491657397107897,0.30198426702456893,0.024231959017924964
FairPCA_AA,0.0021544346900318843,11,0.9111971277685874,1.0670040982964348,0.9666295884315907,0.9595105672969966,0.30198427572256353,0.02560216700658202
FairPCA_AA,0.0014677992676220691,11,0.9111971296730622,1.0670041156347216,0.9666295884315907,0.9491657397107899,0.3019842677618334,0.025032375007867813
FairPCA_AA,0.001,11,0.911197119266571,1.067004103225576,0.9666295884315907,0.9595105672969966,0.3019842721554847,0.025519874994643033
FairPCA_AA,0.0,12,0.6468633065109806,0.5341076104669924,0.8112347052280311,0.8333704115684093,0.15731659150284769,0.020954917010385543
FairPCA_AA,1.0,12,0.9757208781283357,1.1154208072959877,0.9733036707452726,0.9470522803114572,0.31659578491074103,0.07639816700248048
FairPCA_AA,0.6812920690579608,12,0.954865870362319,1.0811743021370954,0.9666295884315907,0.9431590656284762,0.3090086171346104,0.09296770900255069
FairPCA_AA,0.46415888336127775,12,0.9187633501518294,1.0834553813505379,0.9771968854282538,0.946607341490545,0.30678282638667614,0.3446487920009531
FairPCA_AA,0.31622776601683794,12,0.913351709660237,1.075959277100094,0.9771968854282538,0.9431590656284762,0.3042994543198965,0.2437383749638684
FairPCA_AA,0.21544346900318823,12,0.9124700209746475,1.0724724963812777,0.9771968854282538,0.9433815350389322,0.30341679105068897,0.5262220830190927
FairPCA_AA,0.1467799267622069,12,0.9119833579837278,1.0697339710756322,0.9771968854282538,0.9433815350389322,0.30275823686898024,0.4910841249511577
FairPCA_AA,0.1,12,0.9112948932722724,1.0673833381785545,0.9771968854282538,0.9399332591768632,0.3020803113272971,0.5178695000358857
FairPCA_AA,0.06812920690579612,12,0.9111975303422869,1.06700508415304,0.9771968854282538,0.9399332591768632,0.30198465858369605,0.10828316595871001
FairPCA_AA,0.046415888336127774,12,0.9111971663870371,1.0670042080018654,0.9771968854282538,0.9399332591768632,0.30198429614745637,0.021341499988920987
FairPCA_AA,0.03162277660168379,12,0.9111971308629403,1.067004128374318,0.9771968854282538,0.9399332591768632,0.30198427012777485,0.021457042021211237
FairPCA_AA,0.021544346900318832,12,0.9111971419109395,1.0670041400404617,0.9771968854282538,0.9399332591768632,0.3019842648597787,0.02139083296060562
FairPCA_AA,0.01467799267622069,12,0.91119714373901,1.0670041393040237,0.9771968854282538,0.9399332591768632,0.3019842644395371,0.02148654096527025
FairPCA_AA,0.01,12,0.9111971449207005,1.0670041412908824,0.9771968854282538,0.9399332591768632,0.3019842649208603,0.021343458036426455
FairPCA_AA,0.006812920690579608,12,0.9111971294860056,1.0670041312893663,0.9771968854282538,0.9399332591768632,0.3019842641437464,0.021382540988270193
FairPCA_AA,0.004641588833612777,12,0.9111971380916641,1.0670041315461147,0.9771968854282538,0.9399332591768632,0.3019842651554313,0.021318707964383066
FairPCA_AA,0.0031622776601683794,12,0.9111971317511912,1.0670041278895144,0.9771968854282538,0.9399332591768632,0.3019842660333719,0.021405333012808114
FairPCA_AA,0.0021544346900318843,12,0.9111971332125981,1.0670041346978087,0.9771968854282538,0.9399332591768632,0.30198426349972346,0.021818791050463915
FairPCA_AA,0.0014677992676220691,12,0.9111971371259392,1.0670041298417847,0.9771968854282538,0.9399332591768632,0.30198426537481904,0.020471875031944364
FairPCA_AA,0.001,12,0.9111971281605604,1.0670041339010694,0.9771968854282538,0.9399332591768632,0.30198426350770613,0.02126920799491927
FairPCA_AA,0.0,13,0.6468633065109799,0.5341076067821796,0.8144605116796442,0.8408231368186874,0.1573165907490296,0.026966082979924977
FairPCA_AA,1.0,13,0.9757208767599688,1.1154208069718916,0.9832035595105673,0.9763070077864293,0.31659579601296406,0.09017020801547915
FairPCA_AA,0.6812920690579608,13,0.9548658682101923,1.081174356558897,0.9799777530589544,0.9765294771968854,0.3090086529576412,0.07780795800499618
FairPCA_AA,0.46415888336127775,13,0.9187637689993723,1.0834559448754972,0.9733036707452725,0.9629588431590657,0.30678328546353684,0.3238612500135787
FairPCA_AA,0.31622776601683794,13,0.9133666704942353,1.0759590859380623,0.9733036707452725,0.9631813125695217,0.3043004590139677,0.27314808301161975
FairPCA_AA,0.21544346900318823,13,0.9124679629764822,1.0724752060728566,0.9765294771968854,0.9631813125695217,0.30341582512125365,0.5718879589694552
FairPCA_AA,0.1467799267622069,13,0.9119831483543648,1.0697330986037292,0.9799777530589544,0.9631813125695217,0.3027581284619583,0.5302066669682972
FairPCA_AA,0.1,13,0.9112948057122555,1.0673833395037853,0.9767519466073414,0.9631813125695217,0.3020802772450103,0.5842612080159597
FairPCA_AA,0.06812920690579612,13,0.9111975263175675,1.0670050230503476,0.9767519466073414,0.9631813125695217,0.3019846158581125,0.12183275003917515
FairPCA_AA,0.046415888336127774,13,0.911197162881545,1.0670042058619211,0.9767519466073414,0.9631813125695217,0.30198429104747293,0.027244750002864748
FairPCA_AA,0.03162277660168379,13,0.9111971363254435,1.0670041555292729,0.9767519466073414,0.9631813125695217,0.30198426098833586,0.026050624961499125
FairPCA_AA,0.021544346900318832,13,0.9111971251274913,1.0670041372335484,0.9767519466073414,0.9631813125695217,0.3019842604860015,0.025832790997810662
FairPCA_AA,0.01467799267622069,13,0.9111971248761991,1.0670041365638638,0.9767519466073414,0.9631813125695217,0.30198426020183466,0.026679541973862797
FairPCA_AA,0.01,13,0.9111971359355489,1.0670041522147515,0.9767519466073414,0.9631813125695217,0.3019842569628073,0.025963874999433756
FairPCA_AA,0.006812920690579608,13,0.9111971356720256,1.067004151780468,0.9767519466073414,0.9631813125695217,0.30198425701673565,0.026543125044554472
FairPCA_AA,0.004641588833612777,13,0.9111971207475132,1.0670041122712484,0.9767519466073414,0.9597330367074527,0.30198426807227846,0.026510958035942167
FairPCA_AA,0.0031622776601683794,13,0.9111971017134713,1.06700409062369,0.9767519466073414,0.9597330367074527,0.30198426809851386,0.02561866701580584
FairPCA_AA,0.0021544346900318843,13,0.9111971332025622,1.0670041465916384,0.9767519466073414,0.9631813125695217,0.30198425870230267,0.026958333037327975
FairPCA_AA,0.0014677992676220691,13,0.9111971118266613,1.067004103189997,0.9767519466073414,0.9597330367074527,0.3019842677746372,0.026053166948258877
FairPCA_AA,0.001,13,0.9111971185139249,1.067004114553956,0.9767519466073414,0.9597330367074527,0.3019842687673572,0.02644079102901742
FairPCA_AA,0.0,14,0.6468633065109796,0.5341076144584287,0.8211345939933258,0.8481646273637375,0.1573165906258309,0.024358749971725047
FairPCA_AA,1.0,14,0.9757208780346158,1.1154208081724557,0.9829810901001114,0.9622914349276975,0.3165957854484353,0.08455725002568215
FairPCA_AA,0.6812920690579608,14,0.9548658703996158,1.0811743331094525,0.9728587319243603,0.9523915461624026,0.30900864619081614,0.09179074998246506
FairPCA_AA,0.46415888336127775,14,0.9187640926407997,1.083458046305636,0.9733036707452726,0.9489432703003338,0.3067833803767589,0.3392076669842936
FairPCA_AA,0.31622776601683794,14,0.9133350875079402,1.0759556958094252,0.9733036707452726,0.9459399332591769,0.30429377084382003,0.2552436660043895
FairPCA_AA,0.21544346900318823,14,0.9124773501834619,1.0724741126954465,0.9767519466073417,0.9493882091212459,0.30341795266558874,0.5399270829511806
FairPCA_AA,0.1467799267622069,14,0.9119840682314659,1.0697348378696074,0.9767519466073417,0.9493882091212459,0.3027583219662377,0.5182927920250222
FairPCA_AA,0.1,14,0.9112948944396014,1.067383374641998,0.9767519466073417,0.9528364849833147,0.30208030091724203,0.537582666031085
FairPCA_AA,0.06812920690579612,14,0.911197800096757,1.067005722473223,0.9767519466073417,0.9528364849833147,0.3019848946449403,0.07244445796823129
FairPCA_AA,0.046415888336127774,14,0.9111971649803577,1.0670042287536334,0.9767519466073417,0.9528364849833147,0.30198428737266764,0.024167166033294052
FairPCA_AA,0.03162277660168379,14,0.9111971303249099,1.067004151879419,0.9767519466073417,0.9528364849833147,0.30198425975870336,0.024235541990492493
FairPCA_AA,0.021544346900318832,14,0.9111971333844343,1.0670041558346586,0.9767519466073417,0.9528364849833147,0.3019842550916348,0.02347933396231383
FairPCA_AA,0.01467799267622069,14,0.9111971257631334,1.0670041362848222,0.9767519466073417,0.9528364849833147,0.3019842595046973,0.023320292006246746
FairPCA_AA,0.01,14,0.9111971232866426,1.0670041272086375,0.9767519466073417,0.9528364849833147,0.30198426089364805,0.022910291037987918
FairPCA_AA,0.006812920690579608,14,0.9111971259972156,1.0670041411873155,0.9767519466073417,0.9528364849833147,0.301984257171612,0.02307162497891113
FairPCA_AA,0.004641588833612777,14,0.9111971445452799,1.067004135904293,0.9767519466073417,0.9459399332591769,0.3019842668588003,0.022690667014103383
FairPCA_AA,0.0031622776601683794,14,0.9111971065464254,1.0670040883434577,0.9767519466073417,0.9459399332591769,0.3019842701771859,0.02438683301443234
FairPCA_AA,0.0021544346900318843,14,0.911197112532291,1.0670041041127665,0.9767519466073417,0.9459399332591769,0.30198426766531206,0.0238133329548873
FairPCA_AA,0.0014677992676220691,14,0.9111971238205472,1.0670041339881937,0.9767519466073417,0.9528364849833147,0.30198425930458456,0.023929750022944063
FairPCA_AA,0.001,14,0.911197099418005,1.0670040953209021,0.9767519466073417,0.9459399332591769,0.30198426862079525,0.022920250019524246
FairPCA_AA,0.0,15,0.6468633065109806,0.5341075967176789,0.8530589543937708,0.8317018909899889,0.15731658985364003,0.021596833015792072
FairPCA_AA,1.0,15,0.9757208767241208,1.1154208048548693,0.9802002224694105,0.9636262513904338,0.3165957964593025,0.07629958301549777
FairPCA_AA,0.6812920690579608,15,0.9548658715432432,1.081174272366378,0.9804226918798665,0.9539488320355952,0.30900861522567336,0.07969670800957829
FairPCA_AA,0.46415888336127775,15,0.9187634408067981,1.0834553073242392,0.9705228031145718,0.9440489432703003,0.3067831162230224,0.3530639999662526
FairPCA_AA,0.31622776601683794,15,0.9133336784815356,1.0759632018217908,0.9739710789766407,0.9505005561735261,0.3042897500966054,0.25641095801256597
FairPCA_AA,0.21544346900318823,15,0.9124701390395586,1.0724790255272352,0.9741935483870968,0.9505005561735261,0.30341549466656637,0.5068223330308683
FairPCA_AA,0.1467799267622069,15,0.9119833338767354,1.0697330533741607,0.9741935483870968,0.9505005561735261,0.3027581139973431,0.5269697909825481
FairPCA_AA,0.1,15,0.9112948115117452,1.0673833374707296,0.9741935483870968,0.9440489432703003,0.3020802800817561,0.5347489580162801
FairPCA_AA,0.06812920690579612,15,0.9111975613155654,1.067005138592255,0.9741935483870968,0.9472747497219132,0.3019846920067021,0.23581391701009125
FairPCA_AA,0.046415888336127774,15,0.9111971366922793,1.0670041779748272,0.9741935483870968,0.9472747497219132,0.30198429595244414,0.021889916970394552
FairPCA_AA,0.03162277660168379,15,0.9111970882146992,1.0670040833757823,0.9741935483870968,0.9472747497219132,0.3019842695130585,0.021662957966327667
FairPCA_AA,0.021544346900318832,15,0.9111971058492404,1.0670041014781995,0.9741935483870968,0.9472747497219132,0.30198426562574776,0.020841457997448742
FairPCA_AA,0.01467799267622069,15,0.911197092365072,1.0670040841641448,0.9741935483870968,0.9472747497219132,0.301984266168287,0.021902292035520077
FairPCA_AA,0.01,15,0.9111970919120054,1.0670040876982512,0.9741935483870968,0.9472747497219132,0.30198426610902046,0.022830875008367002
FairPCA_AA,0.006812920690579608,15,0.9111971083750601,1.0670041278960052,0.9741935483870968,0.9403781979977752,0.3019842569078762,0.02201241598231718
FairPCA_AA,0.004641588833612777,15,0.9111971077942239,1.0670041203728935,0.9741935483870968,0.9403781979977752,0.30198425797968526,0.021549041965045035
FairPCA_AA,0.0031622776601683794,15,0.9111971672338014,1.067004116666916,0.9741935483870968,0.9505005561735261,0.3019842838290703,0.022887750004883856
FairPCA_AA,0.0021544346900318843,15,0.9111971041444642,1.0670040997876185,0.9741935483870968,0.9472747497219132,0.30198426553471786,0.021884667046833783
FairPCA_AA,0.0014677992676220691,15,0.9111971080734497,1.0670041037638023,0.9741935483870968,0.9472747497219132,0.30198426602289685,0.02226237498689443
FairPCA_AA,0.001,15,0.9111970954247322,1.0670040950017334,0.9741935483870968,0.9472747497219132,0.3019842655951625,0.021625333989504725
FairPCA_AA,0.0,16,0.6468633065109802,0.5341076060825367,0.8149054505005562,0.8479421579532815,0.1573165900942639,0.02721445803763345
FairPCA_AA,1.0,16,0.9757208780437377,1.1154207977848474,0.9661846496106786,0.9691879866518353,0.3165957850066628,0.06859583401819691
FairPCA_AA,0.6812920690579608,16,0.9548658711296655,1.0811742900481285,0.9530589543937709,0.9459399332591769,0.3090086198714177,0.08742829202674329
FairPCA_AA,0.46415888336127775,16,0.9187641984304521,1.0834567003298272,0.9565072302558398,0.9528364849833147,0.3067834875460205,0.3499657080392353
FairPCA_AA,0.31622776601683794,16,0.913318558884225,1.0759524793276474,0.9530589543937709,0.9461624026696331,0.3042879443294235,0.2826422500074841
FairPCA_AA,0.21544346900318823,16,0.9124699486408215,1.07246986877099,0.9530589543937709,0.9565072302558398,0.3034173077170387,0.5474671660340391
FairPCA_AA,0.1467799267622069,16,0.9119833217595841,1.0697342485100614,0.9532814238042269,0.943159065628476,0.3027582759747715,0.4775708749657497
FairPCA_AA,0.1,16,0.9112948240034973,1.0673832996284993,0.9532814238042269,0.94293659621802,0.30208029615754695,0.42591354198521003
FairPCA_AA,0.06812920690579612,16,0.9111973648060283,1.0670049016190304,0.9532814238042269,0.94293659621802,0.3019845466743909,0.07570979098090902
FairPCA_AA,0.046415888336127774,16,0.9111971092283577,1.0670041937213826,0.9532814238042269,0.94293659621802,0.30198427818351314,0.026770791970193386
FairPCA_AA,0.03162277660168379,16,0.9111970885153732,1.0670041225226106,0.9532814238042269,0.94293659621802,0.3019842535001388,0.025990333000663668
FairPCA_AA,0.021544346900318832,16,0.9111970449722502,1.067004119616243,0.9532814238042269,0.94293659621802,0.30198423275476993,0.026364374964032322
FairPCA_AA,0.01467799267622069,16,0.9111970543971106,1.0670041178745495,0.9532814238042269,0.94293659621802,0.30198423733656493,0.0264621659880504
FairPCA_AA,0.01,16,0.9111970940580585,1.0670041168299125,0.9532814238042269,0.94293659621802,0.30198425429669673,0.0257182500208728
FairPCA_AA,0.006812920690579608,16,0.9111971141074994,1.0670041278838602,0.9532814238042269,0.9397107897664071,0.301984259241742,0.02641554200090468
FairPCA_AA,0.004641588833612777,16,0.9111971180181555,1.0670041231115452,0.9532814238042269,0.9397107897664071,0.30198426073592805,0.025889083044603467
FairPCA_AA,0.0031622776601683794,16,0.9111971086219551,1.0670040986573897,0.9532814238042269,0.9463848720800889,0.30198426690086155,0.027038625034037977
FairPCA_AA,0.0021544346900318843,16,0.9111971032646972,1.0670040983251026,0.9532814238042269,0.9463848720800889,0.30198426538371226,0.02563587500480935
FairPCA_AA,0.0014677992676220691,16,0.9111971138454148,1.067004133012384,0.9532814238042269,0.9397107897664071,0.3019842568059433,0.027659917017444968
FairPCA_AA,0.001,16,0.9111971114440103,1.0670041244833097,0.9532814238042269,0.9397107897664071,0.30198426043872795,0.026792791963089257
FairPCA_AA,0.0,17,0.6468633065109801,0.5341075920854657,0.8496106785317018,0.8374860956618464,0.1573165909451304,0.028170416015200317
FairPCA_AA,1.0,17,0.9757208771638255,1.1154208015787628,0.9802002224694105,0.9634037819799778,0.31659579563442236,0.08302929199999198
FairPCA_AA,0.6812920690579608,17,0.9548658715648275,1.081174267574302,0.9737486095661847,0.9472747497219132,0.3090086152973345,0.09115300001576543
FairPCA_AA,0.46415888336127775,17,0.9187636553810004,1.0834567331248444,0.9739710789766407,0.9410456062291435,0.3067833563725712,0.3301014169701375
FairPCA_AA,0.31622776601683794,17,0.9133423457114099,1.075958090451405,0.9774193548387096,0.960622914349277,0.3042958241643898,0.25090320798335597
FairPCA_AA,0.21544346900318823,17,0.9124684929935333,1.0724739397696312,0.9741935483870968,0.9505005561735261,0.30341618883522425,0.5296500420081429
FairPCA_AA,0.1467799267622069,17,0.9119831845453744,1.069733376282648,0.9741935483870968,0.9472747497219132,0.30275816433908714,0.4923483330057934
FairPCA_AA,0.1,17,0.9112948090741448,1.0673833186593618,0.9741935483870968,0.9440489432703003,0.302080284746092,0.4961274169618264
FairPCA_AA,0.06812920690579612,17,0.9111975693394192,1.0670052490577737,0.9741935483870968,0.9440489432703003,0.3019847136354912,0.07603325002128258
FairPCA_AA,0.046415888336127774,17,0.9111970922800231,1.0670041998049833,0.9741935483870968,0.9440489432703003,0.3019842696034595,0.026824707980267704
FairPCA_AA,0.03162277660168379,17,0.9111970876455247,1.0670041302629691,0.9741935483870968,0.9440489432703003,0.30198425230177794,0.027069624979048967
FairPCA_AA,0.021544346900318832,17,0.9111970703182568,1.0670041176404201,0.9741935483870968,0.9440489432703003,0.30198424478981634,0.027156083029694855
FairPCA_AA,0.01467799267622069,17,0.9111971002594113,1.067004115479966,0.9741935483870968,0.9440489432703003,0.30198425619171776,0.027077707985881716
FairPCA_AA,0.01,17,0.9111970887167054,1.067004121010605,0.9741935483870968,0.9440489432703003,0.30198425164228876,0.026965291996020824
FairPCA_AA,0.006812920690579608,17,0.9111970983114825,1.0670041144446183,0.9741935483870968,0.9408231368186876,0.30198425813647806,0.02788954199058935
FairPCA_AA,0.004641588833612777,17,0.9111971079235553,1.0670041151337557,0.9741935483870968,0.9440489432703003,0.30198426056193745,0.027812667016405612
FairPCA_AA,0.0031622776601683794,17,0.9111970483485669,1.0670041082276063,0.9741935483870968,0.9408231368186876,0.3019842390430736,0.02708170795813203
FairPCA_AA,0.0021544346900318843,17,0.9111970873998039,1.067004118725626,0.9741935483870968,0.9440489432703003,0.30198425124517314,0.027524792007170618
FairPCA_AA,0.0014677992676220691,17,0.9111970906978011,1.067004119572363,0.9741935483870968,0.9440489432703003,0.3019842515455985,0.0281861670082435
FairPCA_AA,0.001,17,0.9111971198399302,1.0670041309502483,0.9741935483870968,0.9408231368186876,0.30198426119361266,0.0270827499916777
FairPCA_AA,0.0,18,0.6468633065109806,0.5341075990880502,0.8355951056729699,0.8290322580645162,0.15731659307962084,0.02461412496631965
FairPCA_AA,1.0,18,0.9757208778618173,1.1154208071971141,0.9797552836484984,0.9694104560622915,0.3165957863454168,0.0810833340510726
FairPCA_AA,0.6812920690579608,18,0.9548658711068404,1.0811742948799064,0.9666295884315907,0.9627363737486097,0.3090086139088,0.08005804097047076
FairPCA_AA,0.46415888336127775,18,0.918763487025807,1.0834562345918701,0.9666295884315907,0.9664071190211347,0.30678296811394523,0.34839945897692814
FairPCA_AA,0.31622776601683794,18,0.9133542645164119,1.0759599925022036,0.9735261401557287,0.9597330367074527,0.30429896818402724,0.2507048340048641
FairPCA_AA,0.21544346900318823,18,0.9124795395114204,1.0724608663595525,0.9735261401557287,0.9595105672969966,0.30342107637657867,0.5102415410219692
FairPCA_AA,0.1467799267622069,18,0.9119842969934284,1.0697375016450592,0.9703003337041156,0.9526140155728587,0.3027586714766797,0.549270165967755
FairPCA_AA,0.1,18,0.911294920748874,1.0673832891024715,0.9703003337041156,0.9560622914349277,0.3020803365139697,0.5252808340010233
FairPCA_AA,0.06812920690579612,18,0.91119780025904,1.0670056809491382,0.9703003337041156,0.9560622914349277,0.3019849111258771,0.08426258398685604
FairPCA_AA,0.046415888336127774,18,0.9111971826308367,1.0670042114123186,0.9703003337041156,0.9560622914349277,0.3019843003024254,0.02498933399328962
FairPCA_AA,0.03162277660168379,18,0.9111971503703187,1.0670041448927496,0.9703003337041156,0.9560622914349277,0.3019842707821347,0.024620500043965876
FairPCA_AA,0.021544346900318832,18,0.9111971291913197,1.06700412587282,0.9703003337041156,0.9560622914349277,0.301984266628056,0.025372417003381997
FairPCA_AA,0.01467799267622069,18,0.9111971469375111,1.0670041375237056,0.9703003337041156,0.9560622914349277,0.3019842675730643,0.0250691250548698
FairPCA_AA,0.01,18,0.911197131086939,1.0670041229086973,0.9703003337041156,0.9560622914349277,0.30198426693839375,0.024321457953192294
FairPCA_AA,0.006812920690579608,18,0.9111971468389922,1.0670041373436683,0.9703003337041156,0.9560622914349277,0.30198426754221486,0.02497683302499354
FairPCA_AA,0.004641588833612777,18,0.9111971364281765,1.0670041318924974,0.9703003337041156,0.9528364849833147,0.3019842661031103,0.02548725000815466
FairPCA_AA,0.0031622776601683794,18,0.911197142514801,1.06700413258408,0.9703003337041156,0.9627363737486097,0.30198426731329414,0.02477908303262666
FairPCA_AA,0.0021544346900318843,18,0.9111971442718958,1.0670041345962529,0.9703003337041156,0.9627363737486097,0.3019842676048352,0.025302792026195675
FairPCA_AA,0.0014677992676220691,18,0.9111971334168987,1.067004121615018,0.9703003337041156,0.9627363737486097,0.30198426691890135,0.02486145799048245
FairPCA_AA,0.001,18,0.9111971229237577,1.067004126874999,0.9703003337041156,0.9528364849833147,0.3019842641574511,0.025096874975133687
FairPCA_AA,0.0,19,0.6468633065109799,0.5341076060909282,0.8114571746384872,0.8253615127919911,0.15731659083067068,0.021540874964557588
FairPCA_AA,1.0,19,0.9757208780068531,1.115420813476409,0.9836484983314794,0.9470522803114573,0.3165957867928419,0.08323441701941192
FairPCA_AA,0.6812920690579608,19,0.9548658712426403,1.081174298414068,0.9737486095661847,0.946829810901001,0.3090086202305212,0.12790520797716454
FairPCA_AA,0.46415888336127775,19,0.9187643509482145,1.0834555750619885,0.9703003337041156,0.9438264738598443,0.306783480936753,0.33213887497549877
FairPCA_AA,0.31622776601683794,19,0.9133173613691145,1.0759710257691752,0.9737486095661847,0.9369299221357063,0.3042841939523026,0.2869192080106586
FairPCA_AA,0.21544346900318823,19,0.9124794956213748,1.0724714126799886,0.9838709677419356,0.9502780867630701,0.3034189344549487,0.5099992089672014
FairPCA_AA,0.1467799267622069,19,0.9119842890542087,1.0697357606087,0.9838709677419356,0.9502780867630699,0.3027584366616343,0.4991562080103904
FairPCA_AA,0.1,19,0.911294913706278,1.0673833909597432,0.9838709677419356,0.9502780867630699,0.3020803034703101,0.43595395801821724
FairPCA_AA,0.06812920690579612,19,0.9111975808028665,1.067005168436646,0.9838709677419356,0.9502780867630699,0.30198468812649837,0.06725795898819342
FairPCA_AA,0.046415888336127774,19,0.9111971444669744,1.067004200324507,0.9838709677419356,0.9502780867630699,0.301984288015516,0.021521625050809234
FairPCA_AA,0.03162277660168379,19,0.9111971140274063,1.0670041355303344,0.9838709677419356,0.9502780867630699,0.30198425983441174,0.021692291018553078
FairPCA_AA,0.021544346900318832,19,0.9111971134368793,1.0670041272132123,0.9838709677419356,0.9502780867630699,0.3019842581763831,0.021047958987765014
FairPCA_AA,0.01467799267622069,19,0.91119711116127,1.067004125707439,0.9838709677419356,0.9502780867630699,0.30198425657813555,0.02254308300325647
FairPCA_AA,0.01,19,0.9111971066776419,1.0670041323744104,0.9838709677419356,0.9502780867630699,0.30198425318938826,0.022075291024520993
FairPCA_AA,0.006812920690579608,19,0.9111971111326372,1.0670041231964529,0.9838709677419356,0.9502780867630699,0.30198425834587195,0.021375457989051938
FairPCA_AA,0.004641588833612777,19,0.9111971181780715,1.067004124249887,0.9838709677419356,0.9502780867630699,0.30198425999911327,0.02063450001878664
FairPCA_AA,0.0031622776601683794,19,0.911197108377948,1.067004129565197,0.9838709677419356,0.9502780867630699,0.3019842549979126,0.020758708007633686
FairPCA_AA,0.0021544346900318843,19,0.9111971016588909,1.0670040895078179,0.9838709677419356,0.953726362625139,0.3019842682276008,0.020765541004948318
FairPCA_AA,0.0014677992676220691,19,0.9111971121343112,1.0670041010008853,0.9838709677419356,0.953726362625139,0.3019842668889508,0.020992000005207956
FairPCA_AA,0.001,19,0.9111971131572286,1.0670041050074235,0.9838709677419356,0.953726362625139,0.3019842680295925,0.021656416996847838
