method,lambda,seed,auc,acc,f1,dp_gap,eo_gap,eopp_gap,ev,mmd_alpha,linsep_alpha,nonlinsep_alpha,dp_alpha
Raw,,0,0.5870888661899898,0.618,0.18025751072961374,0.009945444889682797,0.18,0.18,,,,,
AA,,0,0.5993054136874362,0.572,0.21897810218978103,0.06580408439144497,0.09999999999999998,0.09999999999999998,0.25763983777459587,0.00849847213505489,0.5111111111111111,0.49629629629629635,0.015507929008277294
FairAA,0.0,0,0.5993054136874362,0.572,0.21897810218978103,0.06580408439144497,0.09999999999999998,0.09999999999999998,0.25763984393981276,0.008498464963052177,0.5111111111111111,0.49629629629629635,0.015507929424898023
FairAA,0.03,0,0.59926455566905,0.572,0.21897810218978103,0.06580408439144497,0.09999999999999998,0.09999999999999998,0.2576501019815556,0.008463519012943843,0.5111111111111111,0.49940955448201835,0.015455980583915585
FairAA,0.1,0,0.5986925434116446,0.568,0.22302158273381295,0.06458101997135451,0.0802697322988179,0.06666666666666665,0.25764967512216974,0.008184023913812732,0.5108964036500268,0.4911433172302738,0.015011041735150462
FairAA,0.3,0,0.5983656792645556,0.568,0.21739130434782608,0.04909959928547286,0.09999999999999998,0.09999999999999998,0.2576408555475176,0.006634989090447685,0.5032206119162642,0.5274825550187868,0.012380285704723422
FairAA,1.0,0,0.597752808988764,0.574,0.2140221402214022,0.030512238690677318,0.1333333333333333,0.1333333333333333,0.25734854974502885,0.004306005258933376,0.4885131508319914,0.5904455179817498,0.00625885503086919
FairAA,3.0,0,0.6076813074565883,0.604,0.2265625,0.01498253914610792,0.1333333333333333,0.1333333333333333,0.2567493680956531,0.004222481680971446,0.47300053676865267,0.7117552334943639,0.0015415570086022175
FairAA,10.0,0,0.5720326864147088,0.632,0.21367521367521367,0.021709393456605386,0.1933333333333334,0.1933333333333334,-0.004735257931750336,0.014064210324973292,0.5153515834675255,0.5088030059044552,0.023510476378994494
FairAA,30.0,0,0.5720326864147088,0.632,0.21367521367521367,0.021709393456605386,0.1933333333333334,0.1933333333333334,-0.004735257931750336,0.014064210324973292,0.5153515834675255,0.5088030059044552,0.023510476378994494
FairAA,100.0,0,0.5720326864147088,0.632,0.21367521367521367,0.021709393456605386,0.1933333333333334,0.1933333333333334,-0.004735257931750336,0.014064210324973292,0.5153515834675255,0.5088030059044552,0.023510476378994494
FairAA_3Moment,0.0,0,0.5993054136874362,0.572,0.21897810218978103,0.06580408439144497,0.09999999999999998,0.09999999999999998,0.2576398483019736,0.008498241168669207,0.5111111111111111,0.49629629629629635,0.015507928961731254
FairAA_3Moment,0.03,0,0.5986516853932584,0.568,0.21739130434782608,0.04909959928547286,0.09999999999999998,0.09999999999999998,0.25762860111184493,0.005858083832313843,0.5042404723564144,0.5177670424047236,0.011374717202240656
FairAA_3Moment,0.1,0,0.5986108273748724,0.572,0.21323529411764705,0.026183234361673025,0.1333333333333333,0.1333333333333333,0.2575471093545626,0.0043400561995093345,0.4940955448201826,0.5422973698336018,0.008629456625959276
FairAA_3Moment,0.3,0,0.5989785495403473,0.576,0.21481481481481482,0.01874829012375484,0.1333333333333333,0.1333333333333333,0.2573437635456185,0.003097163836628447,0.48641975308641977,0.5835748792270532,0.0061337245111526386
FairAA_3Moment,1.0,0,0.5990194075587334,0.574,0.2140221402214022,0.022465762242713905,0.1333333333333333,0.1333333333333333,0.2568677637520608,0.002205334443502238,0.4767042404723564,0.6280193236714975,0.0035174871178988904
FairAA_3Moment,3.0,0,0.6056384065372831,0.654,0.2311111111111111,0.020438050177827127,0.08666666666666667,0.08666666666666667,0.25620829683925206,0.0018826893683833723,0.4674181427804617,0.6416532474503489,0.0018114569230794186
FairAA_3Moment,10.0,0,0.5628396322778345,0.536,0.2,0.020679444471266017,0.20666666666666667,0.20666666666666667,-0.07211283201042051,0.010407093324268257,0.5020933977455716,0.5179817498658078,0.016974741539038284
FairAA_3Moment,30.0,0,0.5628396322778345,0.536,0.2,0.020679444471266017,0.20666666666666667,0.20666666666666667,-0.07211283201042051,0.010407093324268257,0.5020933977455716,0.5179817498658078,0.016974741539038284
FairAA_3Moment,100.0,0,0.5628396322778345,0.536,0.2,0.020679444471266017,0.20666666666666667,0.20666666666666667,-0.07211283201042051,0.010407093324268257,0.5020933977455716,0.5179817498658078,0.016974741539038284
FairAA_Adv,0.0,0,0.5993054136874362,0.572,0.21897810218978103,0.06580408439144497,0.09999999999999998,0.09999999999999998,0.25763984393981276,0.008498464963052177,0.5111111111111111,0.49629629629629635,0.015507929424898023
FairAA_Adv,0.03,0,0.5993054136874362,0.572,0.21897810218978103,0.06580408439144497,0.09999999999999998,0.09999999999999998,0.2576486278971565,0.008401979258270964,0.5111111111111111,0.5121846484165326,0.015364274218545923
FairAA_Adv,0.1,0,0.5990194075587334,0.572,0.21897810218978103,0.06580408439144497,0.09999999999999998,0.09999999999999998,0.25765361566515066,0.008182327231957831,0.5108964036500268,0.5122383252818036,0.015031301448405124
FairAA_Adv,0.3,0,0.5974259448416752,0.57,0.21818181818181817,0.05342860361447721,0.09999999999999998,0.09999999999999998,0.25765326468176664,0.007644639134101738,0.5077831454643049,0.5155126140633388,0.014220869891971952
FairAA_Adv,1.0,0,0.5972625127681307,0.568,0.21739130434782608,0.04909959928547286,0.09999999999999998,0.09999999999999998,0.2576328985831787,0.0065075155147222286,0.5032206119162642,0.5221685453569511,0.012297747016025507
FairAA_Adv,3.0,0,0.6074770173646578,0.592,0.23308270676691728,0.036064307439772125,0.14,0.14,0.2575505531626042,0.005210002093742894,0.4967793880837359,0.5637681159420289,0.009290700817409557
FairAA_Adv,10.0,0,0.6197344228804903,0.588,0.23134328358208955,0.027406298781763483,0.06666666666666665,0.06666666666666665,0.2573403507332427,0.004317007225141778,0.4870638754696726,0.6011808910359635,0.005809386800873298
FairAA_Adv,30.0,0,0.5930949948927478,0.802,0.2204724409448819,0.005922206665701091,0.19333333333333333,0.19333333333333333,0.2569793017096409,0.004065614508418913,0.47858293075684377,0.6675791733762748,0.002848438185057827
FairAA_Adv,100.0,0,0.5267620020429009,0.502,0.22429906542056074,0.4756111298862228,0.48381199983751066,0.41333333333333333,-0.17484114851301902,2.495451005150203,0.9938271604938272,0.9938271604938272,0.1864776060979071
FairPCA_AA,0.0,0,0.583043922369765,0.554,0.21201413427561838,0.02948228970533806,0.17333333333333334,0.17333333333333334,0.2568162104895092,0.007670187582147436,0.5064949006977992,0.5217391304347826,0.012895532632968679
FairPCA_AA,0.03,0,0.583043922369765,0.554,0.21201413427561838,0.02948228970533806,0.17333333333333334,0.17333333333333334,0.24883123619947922,0.007670232060499105,0.5064949006977992,0.5219538378958669,0.012895452046224278
FairPCA_AA,0.1,0,0.583043922369765,0.554,0.21201413427561838,0.02948228970533806,0.17333333333333334,0.17333333333333334,0.2502983935557944,0.007670210743534411,0.5064949006977992,0.5219538378958669,0.01289529718164408
FairPCA_AA,0.3,0,0.583043922369765,0.554,0.21201413427561838,0.02948228970533806,0.17333333333333334,0.17333333333333334,0.24546557474241515,0.007670166041936488,0.5064949006977992,0.5217391304347826,0.012895503361031277
FairPCA_AA,1.0,0,0.5834933605720123,0.554,0.21201413427561838,0.02948228970533806,0.17333333333333334,0.17333333333333334,0.24768974569453517,0.007668627124489902,0.5064949006977992,0.53064949006978,0.012901178849302747
FairPCA_AA,3.0,0,0.5842696629213483,0.554,0.21201413427561838,0.02948228970533806,0.17333333333333334,0.17333333333333334,0.24828924769046434,0.007669301639515291,0.5050456253354805,0.5260869565217391,0.013077716345991384
FairPCA_AA,10.0,0,0.5854954034729315,0.556,0.2127659574468085,0.0171068089283703,0.17333333333333334,0.17333333333333334,0.24925817025981734,0.007629076040522986,0.5052603327965646,0.5177670424047236,0.013294971402642977
FairPCA_AA,30.0,0,0.5861899897854954,0.56,0.20863309352517986,0.023930220956243253,0.20666666666666667,0.20666666666666667,0.24968110332230364,0.007623518157999831,0.5056897477187332,0.5537305421363392,0.013379278227570977
FairPCA_AA,100.0,0,0.5868437180796732,0.56,0.20863309352517986,0.03197669740420672,0.20666666666666667,0.20666666666666667,0.24327509032766348,0.007602802074443249,0.5069243156199678,0.5342995169082124,0.013415146949417924
Raw,,1,0.48395270270270274,0.57,0.16988416988416988,0.02566906845084921,0.2717948717948718,0.2717948717948718,,,,,
AA,,1,0.4664977477477477,0.542,0.15498154981549817,0.00997169325784869,0.08974358974358976,0.08974358974358976,0.22682976994480386,0.005306419552998876,0.49071428571428566,0.5278571428571428,0.006366121385486578
FairAA,0.0,1,0.4664977477477477,0.542,0.15498154981549817,0.00997169325784869,0.08974358974358976,0.08974358974358976,0.226829928061272,0.005306333656571571,0.49071428571428566,0.5278571428571428,0.006366158143165515
FairAA,0.03,1,0.46649774774774777,0.542,0.15498154981549817,0.00997169325784869,0.08974358974358976,0.08974358974358976,0.2268278438642195,0.005305907771880669,0.49071428571428566,0.5260714285714285,0.006359587938703494
FairAA,0.1,1,0.46657818532818535,0.542,0.15498154981549817,0.00997169325784869,0.08974358974358976,0.08974358974358976,0.22682778801379055,0.005289480069036734,0.49071428571428566,0.5364285714285714,0.0062980699831307885
FairAA,0.3,1,0.46641731016731014,0.54,0.15441176470588236,0.00624034997426659,0.08974358974358976,0.08974358974358976,0.22679938385421927,0.005179846445185876,0.49071428571428566,0.5246428571428572,0.00581323786613534
FairAA,1.0,1,0.46569337194337196,0.538,0.15384615384615385,0.0025090066906845454,0.08974358974358976,0.08974358974358976,0.22673116611353028,0.0050648714871733835,0.47339285714285717,0.5558928571428572,0.0030950052314999746
FairAA,3.0,1,0.49243886743886744,0.636,0.18018018018018017,0.02393206381883689,0.05128205128205132,0.05128205128205132,0.22654494114724466,0.0055639414527684505,0.47821428571428576,0.5810714285714285,0.000609934292848858
FairAA,10.0,1,0.47972972972972977,0.428,0.17341040462427745,0.035705095213587223,0.03956922574855182,0.00512820512820511,0.08010866460666488,0.00563877471381391,0.48142857142857143,0.45999999999999996,0.012148339637939563
FairAA,30.0,1,0.47972972972972977,0.428,0.17341040462427745,0.035705095213587223,0.03956922574855182,0.00512820512820511,0.08010866460666488,0.00563877471381391,0.48142857142857143,0.45999999999999996,0.012148339637939563
FairAA,100.0,1,0.47972972972972977,0.428,0.17341040462427745,0.035705095213587223,0.03956922574855182,0.00512820512820511,0.08010866460666488,0.00563877471381391,0.48142857142857143,0.45999999999999996,0.012148339637939563
FairAA_3Moment,0.0,1,0.4664977477477477,0.542,0.15498154981549817,0.00997169325784869,0.08974358974358976,0.08974358974358976,0.22682993203292212,0.005306333350931225,0.49071428571428566,0.5278571428571428,0.006366158108822073
FairAA_3Moment,0.03,1,0.46633687258687256,0.54,0.15441176470588236,0.00624034997426659,0.08974358974358976,0.08974358974358976,0.22680774848994845,0.004995259669711705,0.48964285714285716,0.52625,0.0057373419634842784
FairAA_3Moment,0.1,1,0.4661759974259974,0.538,0.15384615384615385,0.0025090066906845454,0.08974358974358976,0.08974358974358976,0.22674078764155814,0.004456531441804579,0.47803571428571434,0.5287499999999999,0.004649273282924727
FairAA_3Moment,0.3,1,0.46629665379665375,0.538,0.15384615384615385,0.0025090066906845454,0.08974358974358976,0.08974358974358976,0.22655579430666994,0.0036801005999508862,0.4748214285714286,0.525,0.0031060954971644412
FairAA_3Moment,1.0,1,0.46669884169884174,0.54,0.15441176470588236,0.0018013381369016979,0.08974358974358976,0.08974358974358976,0.22631500153863182,0.002939632072361087,0.4746428571428572,0.5203571428571429,0.0015205166523898327
FairAA_3Moment,3.0,1,0.49444980694980695,0.59,0.15637860082304528,0.025990735975295942,0.08461538461538465,0.08461538461538465,0.22592317361970948,0.0026201710184523552,0.4730357142857143,0.5301785714285714,0.0006355208188540233
FairAA_3Moment,10.0,1,0.4762910231660232,0.474,0.17034700315457413,0.0008363355635614411,0.038461538461538436,0.038461538461538436,0.0796465940654727,0.003622294996368902,0.48892857142857143,0.485,0.010146292335412385
FairAA_3Moment,30.0,1,0.4762910231660232,0.474,0.17034700315457413,0.0008363355635614411,0.038461538461538436,0.038461538461538436,0.0796465940654727,0.003622294996368902,0.48892857142857143,0.485,0.010146292335412385
FairAA_3Moment,100.0,1,0.4762910231660232,0.474,0.17034700315457413,0.0008363355635614411,0.038461538461538436,0.038461538461538436,0.0796465940654727,0.003622294996368902,0.48892857142857143,0.485,0.010146292335412385
FairAA_Adv,0.0,1,0.4664977477477477,0.542,0.15498154981549817,0.00997169325784869,0.08974358974358976,0.08974358974358976,0.226829928061272,0.005306333656571571,0.49071428571428566,0.5278571428571428,0.006366158143165515
FairAA_Adv,0.03,1,0.46645752895752896,0.542,0.15498154981549817,0.00997169325784869,0.08974358974358976,0.08974358974358976,0.22682997091920598,0.00529843247407441,0.49071428571428566,0.5342857142857144,0.00633064255695718
FairAA_Adv,0.1,1,0.4667390604890605,0.542,0.15498154981549817,0.00997169325784869,0.08974358974358976,0.08974358974358976,0.22682980476218984,0.005282923392012584,0.49071428571428566,0.53125,0.006261131521419231
FairAA_Adv,0.3,1,0.46694015444015446,0.538,0.15384615384615385,0.0025090066906845454,0.08974358974358976,0.08974358974358976,0.22682842121670288,0.005247703778011759,0.49196428571428574,0.5278571428571428,0.006096894589545861
FairAA_Adv,1.0,1,0.4669401544401544,0.534,0.15272727272727274,0.011129696345856976,0.08974358974358976,0.08974358974358976,0.22682095544860292,0.005164462813407988,0.4853571428571429,0.5169642857142858,0.005641548905741978
FairAA_Adv,3.0,1,0.48182110682110685,0.53,0.15770609318996415,0.004246011322696863,0.05641025641025643,0.05641025641025643,0.22679131454852486,0.005065512301693498,0.47910714285714284,0.5419642857142858,0.004686967185549718
FairAA_Adv,10.0,1,0.470479407979408,0.548,0.15671641791044777,0.029207411219763224,0.03063555519295097,0.017948717948717996,0.22667923140878965,0.0051892274420364815,0.4691071428571429,0.5725,0.0026254433561748365
FairAA_Adv,30.0,1,0.4857223294723295,0.518,0.18305084745762712,0.00887802367472984,0.038461538461538436,0.038461538461538436,0.22652342877586595,0.0054939472753994245,0.4767857142857143,0.5848214285714286,0.0009170882969808947
FairAA_Adv,100.0,1,0.5037001287001288,0.528,0.18055555555555555,1.0,1.0,1.0,-0.06126023141686199,2.75127430923821,1.0,1.0,0.3333333304992394
FairPCA_AA,0.0,1,0.472208815958816,0.546,0.14339622641509434,0.008234688625836373,0.08461538461538465,0.08461538461538465,0.22680965628262817,0.008280603556779897,0.5048214285714285,0.5196428571428571,0.011379338695328865
FairPCA_AA,0.03,1,0.472208815958816,0.546,0.14339622641509434,0.008234688625836373,0.08461538461538465,0.08461538461538465,0.21726874104690475,0.008280588342048645,0.5048214285714285,0.5196428571428571,0.011379318883391235
FairPCA_AA,0.1,1,0.472208815958816,0.546,0.14339622641509434,0.008234688625836373,0.08461538461538465,0.08461538461538465,0.2145831004892763,0.008280582091572397,0.5048214285714285,0.5196428571428571,0.011379304649529487
FairPCA_AA,0.3,1,0.4721685971685971,0.546,0.14339622641509434,0.008234688625836373,0.08461538461538465,0.08461538461538465,0.21415825254396947,0.008280457747425252,0.5048214285714285,0.5194642857142857,0.011379314412241789
FairPCA_AA,1.0,1,0.47136422136422135,0.544,0.14285714285714285,0.01254503345342256,0.08461538461538465,0.08461538461538465,0.21419030222372515,0.008256141273699502,0.5048214285714285,0.5201785714285714,0.011379052117862179
FairPCA_AA,3.0,1,0.46995656370656363,0.54,0.1417910447761194,0.02116572310859499,0.08461538461538465,0.08461538461538465,0.21446135354771223,0.007924598966122187,0.5044642857142858,0.5276785714285714,0.011142679091070853
FairPCA_AA,10.0,1,0.4712837837837837,0.544,0.14925373134328357,0.013124034997426648,0.12307692307692308,0.12307692307692308,0.2152151893049037,0.007276140310690349,0.4973214285714286,0.5196428571428571,0.010512233594720513
FairPCA_AA,30.0,1,0.47128378378378377,0.544,0.14925373134328357,0.013124034997426648,0.12307692307692308,0.12307692307692308,0.21843848966840607,0.006946733069223998,0.49589285714285725,0.5171428571428571,0.010036370498578728
FairPCA_AA,100.0,1,0.4710826898326898,0.544,0.14925373134328357,0.013124034997426648,0.12307692307692308,0.12307692307692308,0.2184544784649337,0.006822893562228316,0.4983928571428571,0.5339285714285714,0.009838453366791556
Raw,,2,0.5592645556690501,0.564,0.20437956204379562,0.1623618017670062,0.2733333333333333,0.2733333333333333,,,,,
AA,,2,0.5439019407558734,0.578,0.21561338289962825,0.12768148827628384,0.14136572287443633,0.013333333333333308,0.20704438978908624,0.013633634605328737,0.5144927536231885,0.4903918411164788,0.017795873678206505
FairAA,0.0,2,0.5439019407558734,0.578,0.21561338289962825,0.12768148827628384,0.14136572287443633,0.013333333333333308,0.20704438978908624,0.013633634612646217,0.5144927536231885,0.4903918411164788,0.017795873777771188
FairAA,0.03,2,0.5439019407558734,0.578,0.21561338289962825,0.12768148827628384,0.14136572287443633,0.013333333333333308,0.2070428740165775,0.01357422397094149,0.5157273215244229,0.489801395598497,0.017741678612191725
FairAA,0.1,2,0.5441879468845761,0.578,0.21561338289962825,0.12768148827628384,0.14136572287443633,0.013333333333333308,0.20704206015784044,0.01299142011683202,0.5181964573268921,0.4829307568438003,0.017244866999061872
FairAA,0.3,2,0.5447599591419816,0.584,0.21804511278195488,0.10043611902347965,0.11073648291830845,0.013333333333333308,0.20700355553278793,0.009488018533475862,0.4990874932903919,0.45566290928609776,0.013863858773388504
FairAA,1.0,2,0.5461491317671092,0.58,0.21641791044776118,0.035452775229726896,0.0377584596010887,0.013333333333333308,0.20661432489756126,0.004332358171771078,0.4972088030059044,0.4626945786366076,0.004572220925910145
FairAA,3.0,2,0.5595097037793667,0.564,0.20437956204379562,0.009478749255700913,0.020000000000000018,0.020000000000000018,0.20627122364544148,0.004407408284061998,0.4944176060118089,0.502361782071927,0.0006680480113994327
FairAA,10.0,2,0.5022063329928499,0.672,0.10869565217391304,0.03699769870773589,0.11333333333333334,0.11333333333333334,0.02943808732855613,0.013399345811188512,0.5238862050456253,0.5163714439076759,0.025004065624974897
FairAA,30.0,2,0.5022063329928499,0.672,0.10869565217391304,0.03699769870773589,0.11333333333333334,0.11333333333333334,0.02943808732855613,0.013399345811188512,0.5238862050456253,0.5163714439076759,0.025004065624974897
FairAA,100.0,2,0.5022063329928499,0.672,0.10869565217391304,0.03699769870773589,0.11333333333333334,0.11333333333333334,0.02943808732855613,0.013399345811188512,0.5238862050456253,0.5163714439076759,0.025004065624974897
FairAA_3Moment,0.0,2,0.5439019407558734,0.578,0.21561338289962825,0.12768148827628384,0.14136572287443633,0.013333333333333308,0.20704439344701464,0.013633634583736731,0.5144927536231885,0.4903918411164788,0.01779587457338276
FairAA_3Moment,0.03,2,0.5450459652706844,0.582,0.21722846441947566,0.08806063824651184,0.09684364463582079,0.013333333333333308,0.20695905384261737,0.007872837878526051,0.4928609769189479,0.44868491680085876,0.01230443998027859
FairAA_3Moment,0.1,2,0.5461899897854954,0.578,0.21561338289962825,0.0552632002446129,0.06001949872039647,0.013333333333333308,0.20671345778588157,0.0043407162350513895,0.4962426194310252,0.4437466451959205,0.007411762717313752
FairAA_3Moment,0.3,2,0.5482328907048007,0.576,0.21481481481481482,0.03484124301968167,0.03708819108745992,0.013333333333333308,0.2063750648582856,0.002489305850983503,0.4938808373590982,0.44208266237251737,0.003823433681145593
FairAA_3Moment,1.0,2,0.5490909090909091,0.572,0.21323529411764705,0.026183234361673025,0.027379453223382255,0.013333333333333308,0.20604484126061595,0.0017060119763355752,0.4911433172302738,0.4387546967257112,0.0015850141904005805
FairAA_3Moment,3.0,2,0.5530949948927476,0.504,0.2,0.0065176459228504235,0.006666666666666599,0.006666666666666599,0.20579071804211668,0.0014188767131221303,0.49071390230810524,0.4370907139023081,0.0006696771039933573
FairAA_3Moment,10.0,2,0.5398569969356487,0.484,0.17834394904458598,0.06966639308646744,0.19999999999999996,0.19999999999999996,-0.02919331516191015,0.011773829353659782,0.5114868491680087,0.5012882447665056,0.018659177113382223
FairAA_3Moment,30.0,2,0.5398569969356487,0.484,0.17834394904458598,0.06966639308646744,0.19999999999999996,0.19999999999999996,-0.02919331516191015,0.011773829353659782,0.5114868491680087,0.5012882447665056,0.018659177113382223
FairAA_3Moment,100.0,2,0.5398569969356487,0.484,0.17834394904458598,0.06966639308646744,0.19999999999999996,0.19999999999999996,-0.02919331516191015,0.011773829353659782,0.5114868491680087,0.5012882447665056,0.018659177113382223
FairAA_Adv,0.0,2,0.5439019407558734,0.578,0.21561338289962825,0.12768148827628384,0.14136572287443633,0.013333333333333308,0.20704438978908624,0.013633634612646217,0.5144927536231885,0.4903918411164788,0.017795873777771188
FairAA_Adv,0.03,2,0.5439019407558733,0.578,0.21561338289962825,0.12768148827628384,0.14136572287443633,0.013333333333333308,0.2070435445751061,0.013394164322638735,0.5169618894256576,0.48851315083199137,0.017588393355313106
FairAA_Adv,0.1,2,0.5439427987742593,0.578,0.21561338289962825,0.12768148827628384,0.14136572287443633,0.013333333333333308,0.20704204723428565,0.012901392232513353,0.5179817498658078,0.47573805689747717,0.017155027462119284
FairAA_Adv,0.3,2,0.5443922369765065,0.574,0.2140221402214022,0.1190234796182752,0.13165698501035866,0.013333333333333308,0.20703527699528335,0.011732111435974746,0.5129898013955985,0.4687063875469672,0.016087037153602272
FairAA_Adv,1.0,2,0.5443922369765065,0.572,0.21323529411764705,0.08250856949741708,0.09064873867652434,0.013333333333333308,0.20698788512392097,0.009039896919394774,0.49887278582930766,0.44702093397745574,0.013340306617508152
FairAA_Adv,3.0,2,0.5427170582226762,0.564,0.21014492753623187,0.05714607573343633,0.062192793597920126,0.013333333333333308,0.2068097924033615,0.005803077017730085,0.490499194847021,0.4705314009661835,0.009096761411285119
FairAA_Adv,10.0,2,0.5395301327885598,0.464,0.1927710843373494,0.015883744508279896,0.039999999999999925,0.039999999999999925,0.2064304787357384,0.004215253048245382,0.49634997316156737,0.46913580246913583,0.0035017256512724667
FairAA_Adv,30.0,2,0.5548110316649643,0.582,0.19305019305019305,0.03418143195094864,0.09999999999999998,0.09999999999999998,0.2062634426939397,0.004332594214786212,0.49361245303274287,0.5091787439613527,0.0012603995453956591
FairAA_Adv,100.0,2,0.5384269662921348,0.53,0.1696113074204947,0.987012987012987,0.9902912621359223,0.96,-0.1710078603898446,3.070671717415774,1.0,1.0,0.28320276430371155
FairPCA_AA,0.0,2,0.5481103166496425,0.566,0.21660649819494585,0.12523535943610287,0.13450054840151116,0.046666666666666634,0.21063735061302957,0.013574194579914989,0.49232420826623724,0.4783682232957595,0.018604690004536087
FairPCA_AA,0.03,2,0.5481103166496425,0.566,0.21660649819494585,0.12523535943610287,0.13450054840151116,0.046666666666666634,0.1946147375730719,0.01357416855986937,0.49232420826623724,0.4783682232957595,0.01860467324629349
FairPCA_AA,0.1,2,0.5481103166496425,0.566,0.21660649819494585,0.12523535943610287,0.13450054840151116,0.046666666666666634,0.19443826674082842,0.013574195869223427,0.49232420826623724,0.4783682232957595,0.018604693107764563
FairPCA_AA,0.3,2,0.5481103166496425,0.566,0.21660649819494585,0.12523535943610287,0.13450054840151116,0.046666666666666634,0.1943311675493028,0.013574366314612618,0.49232420826623724,0.48083735909822867,0.01860602475715472
FairPCA_AA,1.0,2,0.5486414708886619,0.558,0.2078853046594982,0.12462382722605769,0.13801438030629237,0.013333333333333308,0.19303895407558636,0.013599397148047532,0.49500805152979066,0.4709071390230811,0.01872734992592298
FairPCA_AA,3.0,2,0.5489274770173647,0.558,0.2078853046594982,0.1326703036740211,0.1470528496567413,0.013333333333333308,0.2020547270276285,0.013757234735315316,0.4971014492753623,0.4825013419216318,0.0184179497767361
FairPCA_AA,10.0,2,0.5463738508682329,0.554,0.21201413427561838,0.11535428635800382,0.13248974286062482,0.026666666666666727,0.20434231820734805,0.013612334093139111,0.49608158883521203,0.481105743424584,0.017607638247475924
FairPCA_AA,30.0,2,0.5457201225740552,0.56,0.21428571428571427,0.10420187000112652,0.11993744160539466,0.026666666666666727,0.20427205620016897,0.01365231544141815,0.49753086419753084,0.4734836285560924,0.01757209857143795
FairPCA_AA,100.0,2,0.54535240040858,0.558,0.21352313167259787,0.10791934212008558,0.12412154202380471,0.026666666666666727,0.20500264250330458,0.013655683353150594,0.4989801395598497,0.4774557165861514,0.017548804345989752
Raw,,3,0.5608171603677222,0.584,0.2,0.029852427621944344,0.1333333333333333,0.1333333333333333,,,,,
AA,,3,0.5147701736465782,0.59,0.14937759336099585,0.063824651185246,0.08666666666666661,0.08666666666666661,0.23263299743827703,0.00968681955383588,0.49554482018250134,0.48679549114331727,0.013934813801482962
FairAA,0.0,3,0.5147701736465782,0.59,0.14937759336099585,0.063824651185246,0.08666666666666661,0.08666666666666661,0.23263302413751952,0.009686689349331423,0.49554482018250134,0.48679549114331727,0.013934735694875078
FairAA,0.03,3,0.5150153217568948,0.59,0.14937759336099585,0.063824651185246,0.08666666666666661,0.08666666666666661,0.23263509795389703,0.009631033633907049,0.49554482018250134,0.49280730005367684,0.013874727629917094
FairAA,0.1,3,0.5147701736465782,0.59,0.14937759336099585,0.063824651185246,0.08666666666666661,0.08666666666666661,0.2326345262679167,0.00919331862954742,0.4920021470746108,0.4967257112184648,0.013381286587895188
FairAA,0.3,3,0.5138712972420838,0.592,0.15,0.060107179066286875,0.08666666666666661,0.08666666666666661,0.23262604858040903,0.006828255414097428,0.4879763821792807,0.47396672034353193,0.010291446272921249
FairAA,1.0,3,0.5127681307456589,0.592,0.15,0.044014226170359994,0.08666666666666661,0.08666666666666661,0.23259397330643827,0.0038223863114912326,0.4948470209339774,0.4867418142780462,0.0035180740171121424
FairAA,3.0,3,0.4884167517875383,0.586,0.16194331983805668,0.05394357810714684,0.05985700938375921,0.006666666666666654,0.2324395604519467,0.0034463585815879827,0.4917337627482555,0.5284487385936661,0.0006138779130554691
FairAA,10.0,3,0.5003472931562819,0.48,0.17721518987341772,0.10124076666827603,0.10720233984644756,0.053333333333333344,0.10885749601942507,0.010117837703985888,0.509339774557166,0.5107353730542137,0.015147676112492093
FairAA,30.0,3,0.5003472931562819,0.48,0.17721518987341772,0.10124076666827603,0.10720233984644756,0.053333333333333344,0.10885749601942507,0.010117837703985888,0.509339774557166,0.5107353730542137,0.015147676112492093
FairAA,100.0,3,0.5003472931562819,0.48,0.17721518987341772,0.10124076666827603,0.10720233984644756,0.053333333333333344,0.10885749601942507,0.010117837703985888,0.509339774557166,0.5107353730542137,0.015147676112492093
FairAA_3Moment,0.0,3,0.5147701736465782,0.59,0.14937759336099585,0.063824651185246,0.08666666666666661,0.08666666666666661,0.23263302863569735,0.009686680089580124,0.49554482018250134,0.48679549114331727,0.013934736636449686
FairAA_3Moment,0.03,3,0.5125229826353422,0.592,0.15,0.05206070261832341,0.08666666666666661,0.08666666666666661,0.23260430389882314,0.005746547953252634,0.47987117552334946,0.4828234031132582,0.008775985567479288
FairAA_3Moment,0.1,3,0.5117875383043923,0.594,0.1506276150627615,0.04834323049936429,0.08666666666666661,0.08666666666666661,0.23252258155982497,0.003923522702062143,0.48722490606548574,0.4626945786366076,0.005510672080863924
FairAA_3Moment,0.3,3,0.509826353421859,0.592,0.15,0.044014226170359994,0.08666666666666661,0.08666666666666661,0.2324158252653269,0.0029132642515186657,0.49463231347289316,0.4682232957595277,0.0033432546159022926
FairAA_3Moment,1.0,3,0.5079877425944842,0.592,0.15,0.044014226170359994,0.08666666666666661,0.08666666666666661,0.23222740057529911,0.0022489060570952124,0.4971014492753623,0.46677402039720883,0.0012311151350497516
FairAA_3Moment,3.0,3,0.5059856996935648,0.588,0.1557377049180328,0.018651732406379296,0.046666666666666634,0.046666666666666634,0.23203985192900367,0.0020816535771882583,0.4958668813741277,0.4729468599033817,0.0005132343669476761
FairAA_3Moment,10.0,3,0.4832073544433095,0.598,0.14468085106382977,0.03347334202352786,0.12666666666666665,0.12666666666666665,0.06072889373026236,0.008027759510922716,0.5163177670424046,0.49892646269457863,0.015347675405507404
FairAA_3Moment,30.0,3,0.4832073544433095,0.598,0.14468085106382977,0.03347334202352786,0.12666666666666665,0.12666666666666665,0.06072889373026236,0.008027759510922716,0.5163177670424046,0.49892646269457863,0.015347675405507404
FairAA_3Moment,100.0,3,0.4832073544433095,0.598,0.14468085106382977,0.03347334202352786,0.12666666666666665,0.12666666666666665,0.06072889373026236,0.008027759510922716,0.5163177670424046,0.49892646269457863,0.015347675405507404
FairAA_Adv,0.0,3,0.5147701736465782,0.59,0.14937759336099585,0.063824651185246,0.08666666666666661,0.08666666666666661,0.23263302413751952,0.009686689349331423,0.49554482018250134,0.48679549114331727,0.013934735694875078
FairAA_Adv,0.03,3,0.5150153217568948,0.59,0.14937759336099585,0.063824651185246,0.08666666666666661,0.08666666666666661,0.23263328784283444,0.009557041882104766,0.4938808373590982,0.48781535158346745,0.013789829508531276
FairAA_Adv,0.1,3,0.5148518896833504,0.59,0.14937759336099585,0.063824651185246,0.08666666666666661,0.08666666666666661,0.23263393686371747,0.009275173568905615,0.49345142243692963,0.4853998926462695,0.013473361380899078
FairAA_Adv,0.3,3,0.5144433094994892,0.59,0.14937759336099585,0.063824651185246,0.08666666666666661,0.08666666666666661,0.23263412175921394,0.008580921682231846,0.4925925925925926,0.48083735909822867,0.012654014877904554
FairAA_Adv,1.0,3,0.514361593462717,0.59,0.14937759336099585,0.063824651185246,0.08666666666666661,0.08666666666666661,0.23262190114741543,0.006868838501455199,0.48921095008051524,0.4756307031669351,0.010355052565391718
FairAA_Adv,3.0,3,0.5153830439223698,0.584,0.14754098360655737,0.050837638198233004,0.08666666666666661,0.08666666666666661,0.23256823211559607,0.005016428402206785,0.4856146001073537,0.48185721953837896,0.007051140481637318
FairAA_Adv,10.0,3,0.5525638406537283,0.544,0.22972972972972974,0.02138753439868679,0.1133333333333334,0.1133333333333334,0.23245927416024048,0.003858819122188162,0.4948470209339774,0.49790660225442834,0.0035294714762855125
FairAA_Adv,30.0,3,0.5492543411644536,0.57,0.22382671480144403,0.019601216627238904,0.06666666666666665,0.06666666666666665,0.23234087275513604,0.0035389386263591782,0.49565217391304345,0.5353193773483629,0.001103711098169961
FairAA_Adv,100.0,3,0.5015730337078652,0.5,0.1987179487179487,0.7102302901559407,0.7266666666666666,0.7266666666666666,-0.12028772176895064,3.013168030959278,1.0,1.0,0.28960118337425617
FairPCA_AA,0.0,3,0.5052502553626149,0.596,0.15126050420168066,0.03657928193244181,0.08666666666666661,0.08666666666666661,0.2259618511215744,0.009251168653386654,0.4964036500268384,0.4926999463231347,0.010276336825171152
FairPCA_AA,0.03,3,0.5052502553626149,0.596,0.15126050420168066,0.03657928193244181,0.08666666666666661,0.08666666666666661,0.21791359634415164,0.009251232628267048,0.4964036500268384,0.4957595276435856,0.010276410010135463
FairPCA_AA,0.1,3,0.5052502553626149,0.596,0.15126050420168066,0.03657928193244181,0.08666666666666661,0.08666666666666661,0.21729323342557083,0.00925104096439816,0.4964036500268384,0.4926999463231347,0.010276226845037588
FairPCA_AA,0.3,3,0.505331971399387,0.596,0.15126050420168066,0.03657928193244181,0.08666666666666661,0.08666666666666661,0.21689663688876837,0.009249690424106116,0.4964036500268384,0.49516908212560384,0.010274705824967527
FairPCA_AA,1.0,3,0.5055362614913176,0.596,0.15833333333333333,0.03596774972239658,0.12,0.12,0.21547152794314717,0.009128211664053476,0.4957595276435856,0.49060654857756314,0.010137249078027625
FairPCA_AA,3.0,3,0.5034525025536261,0.592,0.15,0.044014226170359994,0.16000000000000003,0.16000000000000003,0.22131624256550542,0.008610507896512465,0.49736983360171766,0.4900161030595814,0.009588896209996452
FairPCA_AA,10.0,3,0.5005107252298264,0.592,0.14285714285714285,0.052672234828368636,0.2,0.2,0.22324260439002896,0.009122658180902354,0.49742351046698874,0.4950080515297907,0.010487268520230695
FairPCA_AA,30.0,3,0.49903983656792644,0.592,0.14285714285714285,0.052672234828368636,0.2,0.2,0.22501084442786434,0.009615900163074287,0.49930220075147613,0.49871175523349437,0.011622909499795083
FairPCA_AA,100.0,3,0.49875383043922367,0.594,0.14345991561181434,0.057001239157372985,0.2,0.2,0.22498146125066765,0.009832995832773417,0.49559849704777237,0.49463231347289316,0.012041439526398301
Raw,,4,0.5325842696629213,0.586,0.2188679245283019,0.015932023366967585,0.01998618840638583,0.013333333333333308,,,,,
AA,,4,0.5326046986721145,0.552,0.19424460431654678,0.023930220956243253,0.09333333333333332,0.09333333333333332,0.24045433397410043,0.008501861576243608,0.4975845410628018,0.5064412238325282,0.012778083273543177
FairAA,0.0,4,0.5326659856996936,0.552,0.19424460431654678,0.023930220956243253,0.09333333333333332,0.09333333333333332,0.2404543243119862,0.008502058092489162,0.4975845410628018,0.5052066559312935,0.01277813634448842
FairAA,0.03,4,0.5327068437180796,0.552,0.19424460431654678,0.023930220956243253,0.09333333333333332,0.09333333333333332,0.24046069199726483,0.008484322209753314,0.4975845410628018,0.49468599033816424,0.012742823188531953
FairAA,0.1,4,0.5325229826353423,0.55,0.1935483870967742,0.020212748837284134,0.09333333333333332,0.09333333333333332,0.24044849503927979,0.008315417095715871,0.49511540526033276,0.5009125067096082,0.012422723452063559
FairAA,0.3,4,0.5331562819203269,0.55,0.199288256227758,0.020824281047329418,0.12666666666666665,0.12666666666666665,0.24038092711698533,0.007456184164936042,0.4975845410628019,0.5254965110037574,0.010393985999905049
FairAA,1.0,4,0.5309908069458631,0.56,0.2028985507246377,0.000820740597692271,0.12666666666666665,0.12666666666666665,0.24015217513310594,0.0068021267428365895,0.4716049382716049,0.5899624261943103,0.004861369774201071
FairAA,3.0,4,0.5450868232890705,0.522,0.19528619528619529,0.02571653872769114,0.06000000000000005,0.06000000000000005,0.23979197378572226,0.007397504647499553,0.46967257112184646,0.6475577026301664,0.001171691232704065
FairAA,10.0,4,0.5098672114402452,0.618,0.16593886462882096,0.021017396482080508,0.026666666666666672,0.026666666666666672,0.02302579081459677,0.005718461398338537,0.4769726247987117,0.5134728931830381,0.010554140636797486
FairAA,30.0,4,0.5098672114402452,0.618,0.16593886462882096,0.021017396482080508,0.026666666666666672,0.026666666666666672,0.02302579081459677,0.005718461398338537,0.4769726247987117,0.5134728931830381,0.010554140636797486
FairAA,100.0,4,0.5098672114402452,0.618,0.16593886462882096,0.021017396482080508,0.026666666666666672,0.026666666666666672,0.02302579081459677,0.005718461398338537,0.4769726247987117,0.5134728931830381,0.010554140636797486
FairAA_3Moment,0.0,4,0.5326659856996936,0.552,0.19424460431654678,0.023930220956243253,0.09333333333333332,0.09333333333333332,0.24045432858981186,0.008502058187172423,0.4975845410628018,0.5052066559312935,0.012778136953377811
FairAA_3Moment,0.03,4,0.5322982635342186,0.55,0.199288256227758,0.01277780459936595,0.12666666666666665,0.12666666666666665,0.24035761251609267,0.006119031203833447,0.48915727321524416,0.5163714439076758,0.009306423111916533
FairAA_3Moment,0.1,4,0.5327885597548518,0.556,0.2014388489208633,0.00020920838764704186,0.12666666666666665,0.12666666666666665,0.24019530732581984,0.005049801247460073,0.4837895866881373,0.5205045625335479,0.0067725079275587395
FairAA_3Moment,0.3,4,0.532093973442288,0.558,0.20216606498194944,0.003508263731312078,0.12666666666666665,0.12666666666666665,0.23991998172419737,0.004134322265017365,0.4728395061728395,0.525228126677402,0.004671095895345919
FairAA_3Moment,1.0,4,0.5327477017364658,0.554,0.20640569395017794,0.011361624744524346,0.15999999999999998,0.15999999999999998,0.23935535395154695,0.003243474027011861,0.47096081588835215,0.5542673107890499,0.0024232236487211323
FairAA_3Moment,3.0,4,0.5159959141981614,0.64,0.18181818181818182,0.009897166030995053,0.08000000000000002,0.08000000000000002,0.23853851285154293,0.002633755448428643,0.4698872785829307,0.5812667740203972,0.0009880842747611602
FairAA_3Moment,10.0,4,0.5236159346271705,0.458,0.18126888217522658,0.012166272389320776,0.09999999999999998,0.09999999999999998,-0.15228846704796717,0.006604280735356682,0.46629092860976923,0.4902844873859366,0.006724117557240825
FairAA_3Moment,30.0,4,0.5236159346271705,0.458,0.18126888217522658,0.012166272389320776,0.09999999999999998,0.09999999999999998,-0.15228846704796717,0.006604280735356682,0.46629092860976923,0.4902844873859366,0.006724117557240825
FairAA_3Moment,100.0,4,0.5236159346271705,0.458,0.18126888217522658,0.012166272389320776,0.09999999999999998,0.09999999999999998,-0.15228846704796717,0.006604280735356682,0.46629092860976923,0.4902844873859366,0.006724117557240825
FairAA_Adv,0.0,4,0.5326659856996936,0.552,0.19424460431654678,0.023930220956243253,0.09333333333333332,0.09333333333333332,0.2404543243119862,0.008502058092489162,0.4975845410628018,0.5052066559312935,0.01277813634448842
FairAA_Adv,0.03,4,0.5323799795709908,0.552,0.19424460431654678,0.023930220956243253,0.09333333333333332,0.09333333333333332,0.24046669758373096,0.008500508361321657,0.49634997316156737,0.5194847020933977,0.0126978769737433
FairAA_Adv,0.1,4,0.5323391215526047,0.552,0.19424460431654678,0.023930220956243253,0.09333333333333332,0.09333333333333332,0.24046783161166774,0.008375826252535579,0.49634997316156737,0.5147611379495437,0.01242740775701572
FairAA_Adv,0.3,4,0.5329111338100101,0.55,0.199288256227758,0.020824281047329418,0.12666666666666665,0.12666666666666665,0.24045728904282837,0.008079533226928504,0.49511540526033276,0.5186258722490606,0.011744775586208699
FairAA_Adv,1.0,4,0.5344637385086823,0.546,0.1978798586572438,0.013389336809411179,0.12666666666666665,0.12666666666666665,0.24041658685869682,0.007421232166330782,0.49323671497584537,0.52512077294686,0.009898288895407115
FairAA_Adv,3.0,4,0.5387946884576098,0.538,0.20069204152249134,0.0071774569915833974,0.08666666666666667,0.08666666666666667,0.24029990112051203,0.0068218646480135425,0.47901234567901224,0.5587224906065485,0.007080681064451716
FairAA_Adv,10.0,4,0.5757711950970377,0.566,0.24390243902439024,0.017573504562352182,0.1399999999999999,0.1399999999999999,0.24000632944019695,0.006779676945323387,0.47117552334943646,0.6132581857219539,0.0035378128862177546
FairAA_Adv,30.0,4,0.522288049029622,0.59,0.20233463035019456,0.002607058369140103,0.013333333333333308,0.013333333333333308,0.23976946943636213,0.007072069793921165,0.46843800322061196,0.6524959742351047,0.00140830817579854
FairAA_Adv,100.0,4,0.5227783452502555,0.526,0.17421602787456447,0.9962825278810409,1.0,1.0,-0.31531488609031877,2.91370885025861,1.0,1.0,0.27676175965372213
FairPCA_AA,0.0,4,0.5049642492339121,0.562,0.18587360594795538,0.10566632871465587,0.1130519559653898,0.046666666666666634,0.23880972968095138,0.020950976000096933,0.5387546967257112,0.5553408480944713,0.022132089410010825
FairPCA_AA,0.03,4,0.5049642492339121,0.562,0.18587360594795538,0.10566632871465587,0.1130519559653898,0.046666666666666634,0.21175688235213053,0.020950972005927382,0.5387546967257112,0.5575952764358562,0.022132187205704566
FairPCA_AA,0.1,4,0.5049642492339121,0.562,0.18587360594795538,0.10566632871465587,0.1130519559653898,0.046666666666666634,0.2115735491063897,0.020950753134268973,0.5387546967257112,0.5588298443370906,0.022132070911457424
FairPCA_AA,0.3,4,0.5050459652706843,0.562,0.18587360594795538,0.10566632871465587,0.1130519559653898,0.046666666666666634,0.2086497057887916,0.020950126606225694,0.5387546967257112,0.5546967257112184,0.022131528668622797
FairPCA_AA,1.0,4,0.504923391215526,0.556,0.18382352941176472,0.09451391235777856,0.10049965471015965,0.046666666666666634,0.20960305467889806,0.020858101479520552,0.5387546967257112,0.5528180354267311,0.022086396691489124
FairPCA_AA,3.0,4,0.5076200204290092,0.55,0.18181818181818182,0.07531501955293779,0.08794735345492954,0.026666666666666672,0.21476720361576662,0.020765007136188784,0.5416532474503489,0.5420826623725175,0.022130604826037074
FairPCA_AA,10.0,4,0.5182839632277835,0.548,0.19285714285714287,0.06477413540610566,0.07539505219969939,0.020000000000000018,0.22005268276319712,0.019965433397811427,0.5426731078904993,0.5132045088566828,0.02201268546188971
FairPCA_AA,30.0,4,0.5230643513789581,0.556,0.1956521739130435,0.04745811809008832,0.16666666666666663,0.16666666666666663,0.22136374733207675,0.01948743431316452,0.5399892646269457,0.5130434782608695,0.02187275664738054
FairPCA_AA,100.0,4,0.5248212461695607,0.558,0.19636363636363635,0.043129113761084026,0.16666666666666663,0.16666666666666663,0.22182315306905687,0.01931271082375452,0.5412238325281804,0.5281266774020398,0.021829852072534888
Raw,,5,0.5407014157014157,0.568,0.19402985074626866,0.08337622233659292,0.29230769230769227,0.29230769230769227,,,,,
AA,,5,0.5159668597168597,0.572,0.19548872180451127,0.06787184765826043,0.1487179487179487,0.1487179487179487,0.23103377028040128,0.010033550896685783,0.5226785714285714,0.5089285714285715,0.017034187004770867
FairAA,0.0,5,0.5159668597168597,0.572,0.19548872180451127,0.06787184765826043,0.1487179487179487,0.1487179487179487,0.23103354623355266,0.010033548645167256,0.5226785714285714,0.5089285714285715,0.01703416178918721
FairAA,0.03,5,0.5157456563706563,0.572,0.19548872180451127,0.06787184765826043,0.1487179487179487,0.1487179487179487,0.231032269589868,0.009983915881795813,0.5239285714285715,0.5201785714285714,0.01698267025145034
FairAA,0.1,5,0.5156249999999999,0.57,0.1947565543071161,0.06356150283067424,0.1487179487179487,0.1487179487179487,0.23103146544775188,0.009530364488733678,0.5237499999999999,0.4923214285714286,0.01647326166235967
FairAA,0.3,5,0.5154037966537967,0.568,0.19402985074626866,0.043167781780751424,0.1487179487179487,0.1487179487179487,0.23099710582030086,0.007046139462979661,0.5178571428571428,0.5096428571428572,0.013269115820673999
FairAA,1.0,5,0.5129504504504504,0.56,0.19117647058823528,0.009843026248069986,0.07692307692307693,0.07692307692307693,0.23078571608908272,0.003913091735083474,0.4978571428571429,0.5387500000000001,0.0051571190412448625
FairAA,3.0,5,0.48898005148005147,0.518,0.18855218855218855,0.04162377766340708,0.07179487179487176,0.07179487179487176,0.2303765854275318,0.0038555791521067695,0.4876785714285714,0.6380357142857143,0.0011864597185934367
FairAA,10.0,5,0.5156048906048906,0.602,0.19433198380566802,0.045226453937210476,0.15384615384615385,0.15384615384615385,0.029476340789802546,0.007085793435214316,0.48517857142857146,0.47017857142857145,0.015625290138190473
FairAA,30.0,5,0.5156048906048906,0.602,0.19433198380566802,0.045226453937210476,0.15384615384615385,0.15384615384615385,0.029476340789802546,0.007085793435214316,0.48517857142857146,0.47017857142857145,0.015625290138190473
FairAA,100.0,5,0.5156048906048906,0.602,0.19433198380566802,0.045226453937210476,0.15384615384615385,0.15384615384615385,0.029476340789802546,0.007085793435214316,0.48517857142857146,0.47017857142857145,0.015625290138190473
FairAA_3Moment,0.0,5,0.5159467503217503,0.572,0.19548872180451127,0.06787184765826043,0.1487179487179487,0.1487179487179487,0.23103355075673582,0.010033431992162944,0.5226785714285714,0.5089285714285715,0.017034163374081916
FairAA_3Moment,0.03,5,0.5143379987129986,0.556,0.18382352941176472,0.025926402470406618,0.11538461538461536,0.11538461538461536,0.23092133291108774,0.0057555703445233974,0.5092857142857143,0.5207142857142857,0.011879089154148663
FairAA_3Moment,0.1,5,0.5135135135135136,0.556,0.1897810218978102,0.017305712815234187,0.07692307692307693,0.07692307692307693,0.23071457031492337,0.0035219377322890377,0.51,0.5383928571428571,0.007892759487567342
FairAA_3Moment,0.3,5,0.5135537323037322,0.564,0.1925925925925926,0.002380339680905841,0.07692307692307693,0.07692307692307693,0.23035214937188964,0.002357598199554667,0.4992857142857143,0.5176785714285714,0.0050532699279576794
FairAA_3Moment,1.0,5,0.5138352638352638,0.568,0.19402985074626866,0.0029593412249099282,0.07692307692307693,0.07692307692307693,0.22997644099011016,0.0017918934106843643,0.4946428571428571,0.5478571428571428,0.002418482986167218
FairAA_3Moment,3.0,5,0.5257802445302445,0.53,0.20875420875420875,0.009457025218733928,0.24358974358974356,0.24358974358974356,0.22947879855766018,0.0015675950453820642,0.4930357142857143,0.5614285714285714,0.0011762172072476516
FairAA_3Moment,10.0,5,0.5421492921492922,0.652,0.24347826086956523,0.07025218733916622,0.28717948717948716,0.28717948717948716,-0.1301104669121127,0.007202721732563533,0.510892857142857,0.5337500000000001,0.013875574420947223
FairAA_3Moment,30.0,5,0.5421492921492922,0.652,0.24347826086956523,0.07025218733916622,0.28717948717948716,0.28717948717948716,-0.1301104669121127,0.007202721732563533,0.510892857142857,0.5337500000000001,0.013875574420947223
FairAA_3Moment,100.0,5,0.5421492921492922,0.652,0.24347826086956523,0.07025218733916622,0.28717948717948716,0.28717948717948716,-0.1301104669121127,0.007202721732563533,0.510892857142857,0.5337500000000001,0.013875574420947223
FairAA_Adv,0.0,5,0.5159668597168597,0.572,0.19548872180451127,0.06787184765826043,0.1487179487179487,0.1487179487179487,0.23103354623355266,0.010033548645167256,0.5226785714285714,0.5089285714285715,0.01703416178918721
FairAA_Adv,0.03,5,0.5158663127413128,0.57,0.1947565543071161,0.06356150283067424,0.1487179487179487,0.1487179487179487,0.23103343026226975,0.0098789991041911,0.5239285714285715,0.5105357142857143,0.016851535906952455
FairAA_Adv,0.1,5,0.5160271879021878,0.57,0.1947565543071161,0.06356150283067424,0.1487179487179487,0.1487179487179487,0.23103450348672416,0.009552070749207497,0.5239285714285715,0.5098214285714285,0.01646667049259531
FairAA_Adv,0.3,5,0.5157054375804375,0.566,0.19330855018587362,0.05494081317550181,0.1487179487179487,0.1487179487179487,0.23103512339732457,0.008772313801716669,0.51875,0.5089285714285714,0.01551550105427143
FairAA_Adv,1.0,5,0.5158260939510939,0.562,0.20363636363636364,0.03712043232115286,0.14358974358974358,0.14358974358974358,0.2310178036931656,0.00698645117942831,0.5091071428571429,0.5280357142857143,0.013015566088442787
FairAA_Adv,3.0,5,0.5156451093951093,0.57,0.2066420664206642,0.030236747297992805,0.14358974358974358,0.14358974358974358,0.2308811020084327,0.004919554832853612,0.5116071428571429,0.5341071428571429,0.008803053354947228
FairAA_Adv,10.0,5,0.49955759330759325,0.492,0.20625,0.02007205352547603,0.2384615384615384,0.2384615384615384,0.2307151360376689,0.003903121191208503,0.4939285714285714,0.5676785714285714,0.004152596778080673
FairAA_Adv,30.0,5,0.44260778635778636,0.606,0.13973799126637554,0.09431291816778181,0.11915640042424736,0.10256410256410253,0.1271494412287295,0.4651400453178057,0.8003571428571428,0.8017857142857142,0.11564792811070539
FairAA_Adv,100.0,5,0.4867277992277993,0.528,0.18055555555555555,1.0,1.0,1.0,-0.358427215054403,3.011251151465313,1.0,0.9974999999999999,0.27847930109530195
FairPCA_AA,0.0,5,0.5128700128700129,0.558,0.19636363636363635,0.029078744209984575,0.11025641025641025,0.11025641025641025,0.21616541496937858,0.009273785019247527,0.5125,0.5417857142857143,0.013908286644314401
FairPCA_AA,0.03,5,0.5128700128700129,0.558,0.19636363636363635,0.029078744209984575,0.11025641025641025,0.11025641025641025,0.19406888664709365,0.00927398506604532,0.5125,0.5417857142857143,0.013908517803134249
FairPCA_AA,0.1,5,0.5128700128700129,0.558,0.19636363636363635,0.029078744209984575,0.11025641025641025,0.11025641025641025,0.19342245331815278,0.009273917400427656,0.5125,0.5417857142857143,0.013908360690626058
FairPCA_AA,0.3,5,0.5127895752895753,0.558,0.19636363636363635,0.029078744209984575,0.11025641025641025,0.11025641025641025,0.19305923476207687,0.009273946272176148,0.5125,0.5449999999999999,0.013912865760941563
FairPCA_AA,1.0,5,0.5123069498069498,0.56,0.19708029197080293,0.025347400926402475,0.11025641025641025,0.11025641025641025,0.1946146350921102,0.009322875369737249,0.5125,0.5417857142857143,0.01424334524212096
FairPCA_AA,3.0,5,0.5108992921492922,0.572,0.19548872180451127,0.051788471435923855,0.1487179487179487,0.1487179487179487,0.21484152418457347,0.010637089729997717,0.5110714285714286,0.5392857142857143,0.018765455629059163
FairPCA_AA,10.0,5,0.5085666023166023,0.582,0.19923371647509577,0.04921513124034993,0.1487179487179487,0.1487179487179487,0.22006843347662142,0.011071798134469513,0.51375,0.5339285714285714,0.018412524879454027
FairPCA_AA,30.0,5,0.5105775418275418,0.582,0.19305019305019305,0.08196088522902728,0.18717948717948718,0.18717948717948718,0.21679776151244212,0.011631454523729767,0.5175,0.5473214285714286,0.017497744651447
FairPCA_AA,100.0,5,0.5101351351351351,0.586,0.19455252918287938,0.07449819866186308,0.18717948717948718,0.18717948717948718,0.2169605212538518,0.011617218012136166,0.5189285714285714,0.5519642857142857,0.01742451419653533
Raw,,6,0.5586516853932584,0.578,0.23272727272727273,0.03733565071855033,0.039999999999999925,0.039999999999999925,,,,,
AA,,6,0.5210418794688457,0.528,0.18620689655172415,0.020679444471266017,0.020676768087094288,0.020000000000000018,0.21871454855411154,0.005866003283550858,0.48786902844873853,0.49565217391304356,0.009597530803182517
FairAA,0.0,6,0.5210418794688457,0.528,0.18620689655172415,0.020679444471266017,0.020676768087094288,0.020000000000000018,0.21872097419563907,0.005866128932692283,0.48786902844873853,0.504723564143854,0.009597272643901653
FairAA,0.03,6,0.5209601634320735,0.528,0.18620689655172415,0.020679444471266017,0.020676768087094288,0.020000000000000018,0.21868645097056194,0.005853508795399975,0.48786902844873853,0.49994632313472903,0.009567962604991102
FairAA,0.1,6,0.5210418794688458,0.528,0.18620689655172415,0.020679444471266017,0.020676768087094288,0.020000000000000018,0.21862798501968317,0.00575089637787729,0.48765432098765427,0.49855072463768113,0.009315498585627243
FairAA,0.3,6,0.520755873340143,0.526,0.17993079584775087,0.025008448800270366,0.06,0.06,0.21862958444695102,0.005100561376406354,0.48824476650563603,0.5057971014492753,0.007644612795800139
FairAA,1.0,6,0.5203064351378958,0.522,0.17869415807560138,0.01635044014226167,0.06,0.06,0.21852836936498532,0.00407870910007696,0.49275362318840576,0.5,0.003238958463657616
FairAA,3.0,6,0.4953830439223697,0.42,0.18994413407821228,0.024252080014161792,0.18666666666666665,0.18666666666666665,0.21836833855295557,0.004137931033193654,0.4921095008051529,0.5351583467525497,0.0006305326382870791
FairAA,10.0,6,0.5697446373850868,0.536,0.21621621621621623,0.06712370652891098,0.07909168460819765,0.033333333333333326,0.0032882934874834957,0.007216144572594674,0.47987117552334946,0.4957058507783145,0.01076253913499618
FairAA,30.0,6,0.5697446373850868,0.536,0.21621621621621623,0.06712370652891098,0.07909168460819765,0.033333333333333326,0.0032882934874834957,0.007216144572594674,0.47987117552334946,0.4957058507783145,0.01076253913499618
FairAA,100.0,6,0.5697446373850868,0.536,0.21621621621621623,0.06712370652891098,0.07909168460819765,0.033333333333333326,0.0032882934874834957,0.007216144572594674,0.47987117552334946,0.4957058507783145,0.01076253913499618
FairAA_3Moment,0.0,6,0.5210418794688457,0.528,0.18620689655172415,0.020679444471266017,0.020676768087094288,0.020000000000000018,0.2187209780711311,0.00586612893449584,0.48786902844873853,0.504723564143854,0.009597272041146238
FairAA_3Moment,0.03,6,0.521491317671093,0.526,0.17993079584775087,0.025008448800270366,0.06,0.06,0.21866764334331334,0.004398821968888467,0.48803005904455177,0.4826623725174449,0.006623723364566972
FairAA_3Moment,0.1,6,0.5227579162410623,0.518,0.17747440273037543,0.007692431484253026,0.06,0.06,0.21856824304228295,0.0034667712035181264,0.49006977992485234,0.48561460010735374,0.0046715526649541966
FairAA_3Moment,0.3,6,0.5228804902962206,0.518,0.17747440273037543,0.007692431484253026,0.06,0.06,0.21844891447642534,0.0028241198214021823,0.4925389157273215,0.49962426194310244,0.0029762533724867865
FairAA_3Moment,1.0,6,0.5224514811031664,0.518,0.17747440273037543,0.007692431484253026,0.06,0.06,0.21822032392964996,0.0024831907416590915,0.4884057971014492,0.4814814814814815,0.0014345092759069581
FairAA_3Moment,3.0,6,0.5212665985699694,0.532,0.18181818181818182,0.005809555995429594,0.013333333333333308,0.013333333333333308,0.21792150925351872,0.0023977150848939477,0.4894256575415995,0.48668813741277506,0.0005928466067438998
FairAA_3Moment,10.0,6,0.5600408580183861,0.538,0.20069204152249134,0.0008690194563800713,0.1333333333333333,0.1333333333333333,0.00043922249638050914,0.002797014843169132,0.4838432635534085,0.4672571121846484,0.005182794002439296
FairAA_3Moment,30.0,6,0.5600408580183861,0.538,0.20069204152249134,0.0008690194563800713,0.1333333333333333,0.1333333333333333,0.00043922249638050914,0.002797014843169132,0.4838432635534085,0.4672571121846484,0.005182794002439296
FairAA_3Moment,100.0,6,0.5600408580183861,0.538,0.20069204152249134,0.0008690194563800713,0.1333333333333333,0.1333333333333333,0.00043922249638050914,0.002797014843169132,0.4838432635534085,0.4672571121846484,0.005182794002439296
FairAA_Adv,0.0,6,0.5210418794688457,0.528,0.18620689655172415,0.020679444471266017,0.020676768087094288,0.020000000000000018,0.21872097419563907,0.005866128932692283,0.48786902844873853,0.504723564143854,0.009597272643901653
FairAA_Adv,0.03,6,0.5206741573033707,0.526,0.18556701030927836,0.024396916590225137,0.024860868505504286,0.020000000000000018,0.21859063803041945,0.005831036387453192,0.48910359634997314,0.4977455716586151,0.009506196846247619
FairAA_Adv,0.1,6,0.5206741573033707,0.528,0.18620689655172415,0.020679444471266017,0.020676768087094288,0.020000000000000018,0.21858759859343246,0.005734257225996964,0.4888888888888888,0.4816425120772947,0.009288590627482723
FairAA_Adv,0.3,6,0.5201430030643514,0.528,0.18620689655172415,0.020679444471266017,0.020676768087094288,0.020000000000000018,0.21858505015469587,0.005500893562053688,0.48867418142780455,0.4940418679549115,0.008739796802033423
FairAA_Adv,1.0,6,0.5176506639427988,0.522,0.18430034129692832,0.015738907932216495,0.020000000000000018,0.020000000000000018,0.21857957342695034,0.004952961462248218,0.48824476650563603,0.48287707997852924,0.007264229655784749
FairAA_Adv,3.0,6,0.5154443309499489,0.528,0.18620689655172415,0.012632968023302549,0.020000000000000018,0.020000000000000018,0.21854971579913718,0.004302671196842689,0.4892646269457863,0.49345142243692974,0.004831265954402387
FairAA_Adv,10.0,6,0.5057201225740551,0.476,0.19631901840490798,0.0016253882424885902,0.033333333333333326,0.033333333333333326,0.21846577801030886,0.004039159856440766,0.4896403650026838,0.5337090713902308,0.002089151277287616
FairAA_Adv,30.0,6,0.490194075587334,0.682,0.1497326203208556,0.032314649415021185,0.19333333333333333,0.19333333333333333,0.21844318066355206,0.004097678251779924,0.49087493290391837,0.5444444444444445,0.0007799546063488512
FairAA_Adv,100.0,6,0.45683350357507657,0.474,0.1597444089456869,0.1785995912389965,0.18854856400048753,0.09999999999999998,-0.1454166431589583,2.8731964023635577,1.0,1.0,0.25960833817325296
FairPCA_AA,0.0,6,0.5645352400408581,0.526,0.20202020202020202,0.038655272856016276,0.12,0.12,0.194580029605128,0.004886390063577717,0.48083735909822867,0.5418679549114331,0.0057412607304855616
FairPCA_AA,0.03,6,0.5644943820224719,0.526,0.20202020202020202,0.038655272856016276,0.12,0.12,0.1749639326052712,0.004885976323582786,0.48083735909822867,0.5422973698336018,0.005741220086540647
FairPCA_AA,0.1,6,0.5644943820224719,0.526,0.20202020202020202,0.038655272856016276,0.12,0.12,0.17496320151330225,0.0048850508383404545,0.48083735909822867,0.5389694041867955,0.005741519517813408
FairPCA_AA,0.3,6,0.5644943820224719,0.526,0.20202020202020202,0.038655272856016276,0.12,0.12,0.17383575527706308,0.004884231207663237,0.48083735909822867,0.5402039720880301,0.005741693085017904
FairPCA_AA,1.0,6,0.5723799795709908,0.524,0.20666666666666667,0.0015288305251131007,0.006666666666666599,0.006666666666666599,0.18430413160606018,0.003741740851562092,0.47852925389157275,0.4540526033279656,0.00493559611724544
FairPCA_AA,3.0,6,0.5643309499489275,0.528,0.20270270270270271,0.042984277185020625,0.12,0.12,0.17113330169877117,0.004910767361631763,0.48083735909822867,0.5353193773483629,0.0057458652150111445
FairPCA_AA,10.0,6,0.5613074565883555,0.526,0.20202020202020202,0.03060879640805292,0.12,0.12,0.1709935779613735,0.005073631814011659,0.4806226516371444,0.5092860976918948,0.005832096854838708
FairPCA_AA,30.0,6,0.575076608784474,0.572,0.2246376811594203,0.016913693493619153,0.07999999999999996,0.07999999999999996,0.18828950949091994,0.003873394805280872,0.4896403650026838,0.47364465915190557,0.003914325976927349
FairPCA_AA,100.0,6,0.56,0.528,0.20270270270270271,0.018844847841130385,0.12,0.12,0.17137887379987848,0.005202028771274514,0.4793880837359098,0.5018786902844874,0.0059083618257007005
Raw,,7,0.5378458815958815,0.564,0.19852941176470587,0.017884714359238274,0.038461538461538436,0.038461538461538436,,,,,
AA,,7,0.5355131917631918,0.532,0.19863013698630136,0.03621976325270204,0.1769230769230769,0.1769230769230769,0.23720103355515576,0.015841762976723683,0.5398214285714286,0.5164285714285713,0.02042339652200597
FairAA,0.0,7,0.5355131917631918,0.532,0.19863013698630136,0.03621976325270204,0.1769230769230769,0.1769230769230769,0.23720130305258225,0.01584177070924997,0.5398214285714286,0.5164285714285713,0.020423426485471536
FairAA,0.03,7,0.5355534105534107,0.53,0.19795221843003413,0.03995110653628409,0.1769230769230769,0.1769230769230769,0.23720956676436522,0.015810320930367272,0.5383928571428571,0.50625,0.020391144430764143
FairAA,0.1,7,0.5357142857142857,0.53,0.19795221843003413,0.03995110653628409,0.1769230769230769,0.1769230769230769,0.2372090058266506,0.015408236594276703,0.5369642857142857,0.5133928571428571,0.019985536641704733
FairAA,0.3,7,0.5358349420849421,0.524,0.19594594594594594,0.035061760164693756,0.1769230769230769,0.1769230769230769,0.2372173192944167,0.012930615057415384,0.525,0.5173214285714286,0.017201712239211405
FairAA,1.0,7,0.5343870656370656,0.518,0.1939799331103679,0.022130725681935137,0.1769230769230769,0.1769230769230769,0.23723062547159368,0.007478473946289921,0.49535714285714283,0.5494642857142857,0.007716089309386654
FairAA,3.0,7,0.5350305662805663,0.522,0.20066889632107024,0.006047349459598561,0.1384615384615384,0.1384615384615384,0.23644784441579714,0.006487691278498631,0.4821428571428571,0.7130357142857143,0.001575605410516182
FairAA,10.0,7,0.49644063706563707,0.572,0.17692307692307693,0.02940041173443131,0.12051282051282053,0.12051282051282053,0.07185112507550406,0.013261308835277319,0.5255357142857143,0.5257142857142858,0.019736975728632464
FairAA,30.0,7,0.49644063706563707,0.572,0.17692307692307693,0.02940041173443131,0.12051282051282053,0.12051282051282053,0.07185112507550406,0.013261308835277319,0.5255357142857143,0.5257142857142858,0.019736975728632464
FairAA,100.0,7,0.49644063706563707,0.572,0.17692307692307693,0.02940041173443131,0.12051282051282053,0.12051282051282053,0.07185112507550406,0.013261308835277319,0.5255357142857143,0.5257142857142858,0.019736975728632464
FairAA_3Moment,0.0,7,0.5355131917631918,0.532,0.19863013698630136,0.03621976325270204,0.1769230769230769,0.1769230769230769,0.2372013077424029,0.015841548598013344,0.5398214285714286,0.5164285714285713,0.020423427147311525
FairAA_3Moment,0.03,7,0.5363175675675677,0.528,0.20270270270270271,0.035061760164693756,0.1384615384615384,0.1384615384615384,0.23713162821035616,0.010992092007210297,0.51,0.5239285714285715,0.015369683442274804
FairAA_3Moment,0.1,7,0.5360762548262548,0.526,0.21262458471760798,0.02155172413793105,0.06153846153846154,0.06153846153846154,0.23691004738482468,0.007669374936717599,0.5014285714285714,0.5194642857142857,0.010625366043126564
FairAA_3Moment,0.3,7,0.5360360360360361,0.524,0.2119205298013245,0.009199691199176518,0.06153846153846154,0.06153846153846154,0.2366288011962392,0.0049732317337720655,0.4932142857142857,0.5342857142857144,0.006798503964382008
FairAA_3Moment,1.0,7,0.5371219433719434,0.526,0.21262458471760798,0.005468347915594418,0.06153846153846154,0.06153846153846154,0.2360194382194758,0.003137865047589783,0.48732142857142857,0.5616071428571429,0.00345242889099686
FairAA_3Moment,3.0,7,0.5264237451737451,0.486,0.17363344051446947,0.07494853319608852,0.18205128205128202,0.18205128205128202,0.003430073180986315,0.015975386221019405,0.5126785714285714,0.48249999999999993,0.025766590104095183
FairAA_3Moment,10.0,7,0.5264237451737451,0.486,0.17363344051446947,0.07494853319608852,0.18205128205128202,0.18205128205128202,0.003430073180986315,0.015975386221019405,0.5126785714285714,0.48249999999999993,0.025766590104095183
FairAA_3Moment,30.0,7,0.5264237451737451,0.486,0.17363344051446947,0.07494853319608852,0.18205128205128202,0.18205128205128202,0.003430073180986315,0.015975386221019405,0.5126785714285714,0.48249999999999993,0.025766590104095183
FairAA_3Moment,100.0,7,0.5264237451737451,0.486,0.17363344051446947,0.07494853319608852,0.18205128205128202,0.18205128205128202,0.003430073180986315,0.015975386221019405,0.5126785714285714,0.48249999999999993,0.025766590104095183
FairAA_Adv,0.0,7,0.5355131917631918,0.532,0.19863013698630136,0.03621976325270204,0.1769230769230769,0.1769230769230769,0.23720130305258225,0.01584177070924997,0.5398214285714286,0.5164285714285713,0.020423426485471536
FairAA_Adv,0.03,7,0.5355534105534107,0.53,0.19795221843003413,0.03995110653628409,0.1769230769230769,0.1769230769230769,0.23720443537038738,0.01565893634141674,0.5369642857142857,0.5169642857142858,0.020240954877494766
FairAA_Adv,0.1,7,0.5347088159588159,0.536,0.2,0.03679876479670613,0.1769230769230769,0.1769230769230769,0.2372072542342708,0.015284360028882726,0.5364285714285714,0.5089285714285714,0.019862965597012363
FairAA_Adv,0.3,7,0.5344272844272843,0.54,0.20689655172413793,0.03679876479670613,0.1384615384615384,0.1384615384615384,0.23720867099495346,0.014448779649904042,0.5325,0.5080357142857144,0.018960917050438293
FairAA_Adv,1.0,7,0.5355131917631918,0.526,0.20202020202020202,0.030751415337107568,0.1384615384615384,0.1384615384615384,0.23718891424117028,0.01230181183411666,0.5223214285714286,0.5230357142857143,0.016358987948033664
FairAA_Adv,3.0,7,0.5294401544401545,0.542,0.20761245674740483,0.04110910962429232,0.1384615384615384,0.1384615384615384,0.23706308777328577,0.00942283241654035,0.5101785714285716,0.5292857142857142,0.011881199454132968
FairAA_Adv,10.0,7,0.5308478120978122,0.432,0.20224719101123595,0.017691713844570245,0.02251774496206249,0.02051282051282055,0.23669297057038097,0.00706012631707964,0.48964285714285716,0.5832142857142857,0.006034596566326304
FairAA_Adv,30.0,7,0.5576737451737451,0.502,0.20447284345047922,0.01003602676273807,0.06153846153846154,0.06153846153846154,0.2362814582041376,0.00658674707463569,0.4903571428571428,0.6816071428571429,0.002519892081858944
FairAA_Adv,100.0,7,0.5284145752895754,0.472,0.18518518518518517,1.0,1.0,1.0,-0.05494558460141019,2.751274344430951,1.0,1.0,0.3333333271051459
FairPCA_AA,0.0,7,0.5203507078507079,0.488,0.2,0.08440555841482239,0.1333333333333333,0.1333333333333333,0.23992546534010162,0.017159985523861776,0.5332142857142858,0.5164285714285716,0.02118624606493473
FairPCA_AA,0.03,7,0.5203507078507079,0.488,0.2,0.08440555841482239,0.1333333333333333,0.1333333333333333,0.22604858472694234,0.01716000547846619,0.5332142857142858,0.517857142857143,0.02118668995676214
FairPCA_AA,0.1,7,0.5203507078507079,0.488,0.2,0.08440555841482239,0.1333333333333333,0.1333333333333333,0.22464839395396496,0.01715988198101398,0.5332142857142858,0.5176785714285714,0.021186099465612993
FairPCA_AA,0.3,7,0.5203909266409266,0.488,0.2,0.08440555841482239,0.1333333333333333,0.1333333333333333,0.22387088005636258,0.017160141587325872,0.5332142857142858,0.5123214285714286,0.021185668832588208
FairPCA_AA,1.0,7,0.519747425997426,0.488,0.2,0.08440555841482239,0.1333333333333333,0.1333333333333333,0.2209171277433306,0.017193391022840898,0.5332142857142858,0.5096428571428572,0.021143329412838946
FairPCA_AA,3.0,7,0.5194658944658945,0.494,0.20189274447949526,0.08125321667524443,0.1333333333333333,0.1333333333333333,0.22445491113362748,0.01741550586246432,0.5375,0.4832142857142857,0.02096157755664853
FairPCA_AA,10.0,7,0.5190234877734878,0.496,0.20253164556962025,0.09360524961399896,0.1333333333333333,0.1333333333333333,0.226161767433242,0.017398342420853585,0.53625,0.49803571428571436,0.020809071497054295
FairPCA_AA,30.0,7,0.518983268983269,0.496,0.20253164556962025,0.07752187339166239,0.1333333333333333,0.1333333333333333,0.22761595345758956,0.017372164024792358,0.5416071428571427,0.4926785714285714,0.02069591870014848
FairPCA_AA,100.0,7,0.518782175032175,0.496,0.20253164556962025,0.07752187339166239,0.1333333333333333,0.1333333333333333,0.22771996038789677,0.01733224976331571,0.5428571428571428,0.49660714285714286,0.020626125100265475
Raw,,8,0.5592824967824968,0.588,0.1953125,0.030558414822439484,0.0435897435897436,0.0435897435897436,,,,,
AA,,8,0.5737210424710425,0.566,0.20512820512820512,0.05378281008749358,0.06057762910989639,0.0,0.20901309784126632,0.01475393733543695,0.5021428571428571,0.5089285714285714,0.014360145514569005
FairAA,0.0,8,0.5737210424710425,0.566,0.20512820512820512,0.05378281008749358,0.06057762910989639,0.0,0.20901309784257538,0.014753937324006872,0.5021428571428571,0.5089285714285714,0.01436014552763785
FairAA,0.03,8,0.57380148005148,0.566,0.20512820512820512,0.05378281008749358,0.06057762910989639,0.0,0.2090172166119978,0.014720853182652871,0.5005357142857143,0.5169642857142858,0.014313558468087661
FairAA,0.1,8,0.573640604890605,0.566,0.20512820512820512,0.05378281008749358,0.06057762910989639,0.0,0.20901470819650403,0.01429608390745113,0.4973214285714286,0.49642857142857144,0.013864411518354186
FairAA,0.3,8,0.5736003861003861,0.566,0.2109090909090909,0.029078744209984575,0.038461538461538436,0.038461538461538436,0.20896698647004963,0.011799150014677962,0.4923214285714286,0.49196428571428574,0.010938522062485695
FairAA,1.0,8,0.5752493564993565,0.568,0.20588235294117646,0.0018013381369016979,0.07179487179487176,0.07179487179487176,0.20867309118833322,0.00786477904695132,0.4766071428571429,0.5039285714285715,0.0034439507162944065
FairAA,3.0,8,0.5768581081081081,0.57,0.2066420664206642,0.001930005146680347,0.07179487179487176,0.07179487179487176,0.208538322942607,0.007139380675422968,0.47750000000000004,0.5103571428571428,0.0007327305162593238
FairAA,10.0,8,0.5355131917631918,0.472,0.18012422360248448,0.04361811631497692,0.053969160479725886,0.038461538461538436,-0.07120337075664485,0.00633880687765076,0.49089285714285713,0.5019642857142858,0.01625633316408672
FairAA,30.0,8,0.5355131917631918,0.472,0.18012422360248448,0.04361811631497692,0.053969160479725886,0.038461538461538436,-0.07120337075664485,0.00633880687765076,0.49089285714285713,0.5019642857142858,0.01625633316408672
FairAA,100.0,8,0.5355131917631918,0.472,0.18012422360248448,0.04361811631497692,0.053969160479725886,0.038461538461538436,-0.07120337075664485,0.00633880687765076,0.49089285714285713,0.5019642857142858,0.01625633316408672
FairAA_3Moment,0.0,8,0.5737210424710425,0.566,0.20512820512820512,0.05378281008749358,0.06057762910989639,0.0,0.20901309973983728,0.014753133770046611,0.5021428571428571,0.5064285714285715,0.014360131304485135
FairAA_3Moment,0.03,8,0.5729568854568855,0.564,0.20437956204379562,0.025347400926402475,0.07179487179487176,0.07179487179487176,0.20895557093601058,0.00999146003159257,0.48410714285714285,0.4933928571428572,0.009732817950173951
FairAA_3Moment,0.1,8,0.574002574002574,0.564,0.20437956204379562,0.009264024704065899,0.07179487179487176,0.07179487179487176,0.2088256218303558,0.006340000220640352,0.4789285714285715,0.4891071428571429,0.006032028845970833
FairAA_3Moment,0.3,8,0.5770994208494208,0.566,0.20512820512820512,0.005532681420483798,0.07179487179487176,0.07179487179487176,0.2086252162952088,0.0037796662968108685,0.47678571428571426,0.50625,0.0031806142138174017
FairAA_3Moment,1.0,8,0.5795929858429858,0.566,0.20512820512820512,0.005532681420483798,0.07179487179487176,0.07179487179487176,0.2083890786192264,0.002400758962006866,0.47625,0.49071428571428577,0.0012763325415903629
FairAA_3Moment,3.0,8,0.6091537966537967,0.59,0.21455938697318008,0.02316006176016472,0.07179487179487176,0.07179487179487176,0.20821507241663273,0.0020277321895532663,0.47625,0.48946428571428574,0.00046707911035271326
FairAA_3Moment,10.0,8,0.5574525418275418,0.46,0.20118343195266272,0.030944415851775542,0.03679530064452963,0.015384615384615441,-0.1801126655119749,0.005213415587461467,0.48428571428571426,0.5044642857142858,0.01250520695987351
FairAA_3Moment,30.0,8,0.5574525418275418,0.46,0.20118343195266272,0.030944415851775542,0.03679530064452963,0.015384615384615441,-0.1801126655119749,0.005213415587461467,0.48428571428571426,0.5044642857142858,0.01250520695987351
FairAA_3Moment,100.0,8,0.5574525418275418,0.46,0.20118343195266272,0.030944415851775542,0.03679530064452963,0.015384615384615441,-0.1801126655119749,0.005213415587461467,0.48428571428571426,0.5044642857142858,0.01250520695987351
FairAA_Adv,0.0,8,0.5737210424710425,0.566,0.20512820512820512,0.05378281008749358,0.06057762910989639,0.0,0.20901309784257538,0.014753937324006872,0.5021428571428571,0.5089285714285714,0.01436014552763785
FairAA_Adv,0.03,8,0.5736003861003862,0.566,0.20512820512820512,0.05378281008749358,0.06057762910989639,0.0,0.20901242987230317,0.014590512381983112,0.5017857142857143,0.5155357142857143,0.014170251441783145
FairAA_Adv,0.1,8,0.5735199485199485,0.566,0.20512820512820512,0.05378281008749358,0.06057762910989639,0.0,0.20901283050565178,0.014225615731167596,0.4973214285714286,0.4996428571428571,0.013768032993534551
FairAA_Adv,0.3,8,0.5749678249678248,0.57,0.2066420664206642,0.04632012352032944,0.052174267765358606,0.0,0.20900610868774505,0.013351156277783494,0.4982142857142858,0.4973214285714286,0.012776693136829003
FairAA_Adv,1.0,8,0.5752493564993565,0.566,0.2109090909090909,0.012995367987647999,0.038461538461538436,0.038461538461538436,0.2089672304276048,0.011378905714294452,0.4883928571428572,0.4992857142857143,0.010253422812755443
FairAA_Adv,3.0,8,0.5591216216216216,0.562,0.20363636363636364,0.003088008234688633,0.0034674063800277377,0.0,0.20885193916975775,0.00905819753085857,0.4696428571428572,0.4869642857142857,0.006279795022682402
FairAA_Adv,10.0,8,0.5996621621621622,0.542,0.22372881355932203,0.023288728769943423,0.16666666666666663,0.16666666666666663,0.2086924217427717,0.0077216957533406405,0.47714285714285715,0.5135714285714286,0.002674193402837182
FairAA_Adv,30.0,8,0.5567889317889317,0.472,0.2,0.04934379825012869,0.09487179487179487,0.09487179487179487,0.20858498546928728,0.007326199196077909,0.47874999999999995,0.4951785714285714,0.0009869960749795544
FairAA_Adv,100.0,8,0.5419079794079793,0.532,0.19310344827586207,0.9603705609881626,0.963775801582769,0.9333333333333333,-0.6195585226404086,2.810358191724057,1.0,1.0,0.22205224786395625
FairPCA_AA,0.0,8,0.5559443371943372,0.56,0.2028985507246377,0.05693515182707154,0.07318267112670312,0.07179487179487176,0.20651082896402584,0.01368780180379392,0.49874999999999997,0.4989285714285714,0.013715244723782485
FairPCA_AA,0.03,8,0.5559443371943372,0.56,0.2028985507246377,0.05693515182707154,0.07318267112670312,0.07179487179487176,0.19665478353450316,0.013687729025537276,0.49874999999999997,0.4989285714285714,0.013715287320739733
FairPCA_AA,0.1,8,0.5559443371943372,0.56,0.2028985507246377,0.05693515182707154,0.07318267112670312,0.07179487179487176,0.19685655526078505,0.013687589256678678,0.49874999999999997,0.4989285714285714,0.013715574114285261
FairPCA_AA,0.3,8,0.5559443371943372,0.56,0.2028985507246377,0.05693515182707154,0.07318267112670312,0.07179487179487176,0.1948255224291494,0.013687686044719816,0.49874999999999997,0.4992857142857143,0.013715620876736287
FairPCA_AA,1.0,8,0.5545768983268984,0.56,0.2028985507246377,0.05693515182707154,0.07318267112670312,0.07179487179487176,0.19596719315516775,0.013673588886912613,0.4998214285714285,0.48482142857142857,0.01377204085998753
FairPCA_AA,3.0,8,0.5520431145431146,0.566,0.20512820512820512,0.06182449819866187,0.0786897283185119,0.07179487179487176,0.1948057454604083,0.013867424704024467,0.49803571428571425,0.5319642857142858,0.014015332381390232
FairPCA_AA,10.0,8,0.550796332046332,0.568,0.20588235294117646,0.05809315491507977,0.07448804764624295,0.07179487179487176,0.19700461530747182,0.014388957361775145,0.5044642857142858,0.5325000000000001,0.014191564913015214
FairPCA_AA,30.0,8,0.5507561132561133,0.562,0.20363636363636364,0.04516212043232115,0.07179487179487176,0.07179487179487176,0.1972005313103241,0.01459947814718865,0.5030357142857144,0.5112500000000001,0.014183378437289326
FairPCA_AA,100.0,8,0.550595238095238,0.562,0.20363636363636364,0.04516212043232115,0.07179487179487176,0.07179487179487176,0.19982893291317028,0.014690116480489346,0.5055357142857143,0.5121428571428572,0.014136513496259996
Raw,,9,0.5367926455566904,0.56,0.17293233082706766,0.05215726033569901,0.10666666666666669,0.10666666666666669,,,,,
AA,,9,0.5527272727272727,0.574,0.20224719101123595,0.07196768535058495,0.07809643742129424,0.020000000000000018,0.2429140921666214,0.008364211158170154,0.49420289855072463,0.5095544820182502,0.015239820362685489
FairAA,0.0,9,0.5527272727272726,0.574,0.20224719101123595,0.07196768535058495,0.07809643742129424,0.020000000000000018,0.24291402142304763,0.008364220664936528,0.49420289855072463,0.5095544820182502,0.015239825469016621
FairAA,0.03,9,0.5527272727272727,0.574,0.20224719101123595,0.07196768535058495,0.07809643742129424,0.020000000000000018,0.2429157872126667,0.0083362597102965,0.49420289855072463,0.5048309178743962,0.015204754114021612
FairAA,0.1,9,0.5526046986721144,0.574,0.20224719101123595,0.07196768535058495,0.07809643742129424,0.020000000000000018,0.24291543537187377,0.008081782422744821,0.4923242082662373,0.49822866344605476,0.014864975227533656
FairAA,0.3,9,0.5531358529111338,0.572,0.20149253731343283,0.0676386810215806,0.07324206848925541,0.020000000000000018,0.24288587687931118,0.006539120180994673,0.4871175523349437,0.4845410628019323,0.01252147044218864
FairAA,1.0,9,0.550561797752809,0.568,0.2,0.03484124301968167,0.053333333333333344,0.053333333333333344,0.24276157490111971,0.0039279455600643165,0.48132045088566827,0.5106816961889425,0.005185789145624059
FairAA,3.0,9,0.5524004085801838,0.56,0.21428571428571427,0.0084488002703616,0.026666666666666727,0.026666666666666727,0.2423762249072683,0.004031208196690617,0.47724100912506706,0.564573268921095,0.0009908818126142377
FairAA,10.0,9,0.49556690500510725,0.65,0.16267942583732056,0.06556269009800608,0.2,0.2,0.06033600737551925,0.005137465946952191,0.4880837359098228,0.4712828770799785,0.011708740537727212
FairAA,30.0,9,0.49556690500510725,0.65,0.16267942583732056,0.06556269009800608,0.2,0.2,0.06033600737551925,0.005137465946952191,0.4880837359098228,0.4712828770799785,0.011708740537727212
FairAA,100.0,9,0.49556690500510725,0.65,0.16267942583732056,0.06556269009800608,0.2,0.2,0.06033600737551925,0.005137465946952191,0.4880837359098228,0.4712828770799785,0.011708740537727212
FairAA_3Moment,0.0,9,0.5527272727272727,0.574,0.20224719101123595,0.07196768535058495,0.07809643742129424,0.020000000000000018,0.2429140259348298,0.008364220787023036,0.49420289855072463,0.5095544820182502,0.015239826339731782
FairAA_3Moment,0.03,9,0.5529724208375894,0.574,0.20224719101123595,0.06392120890262154,0.06905796807084535,0.020000000000000018,0.2428734084810127,0.005511760214474026,0.4899624261943103,0.46763285024154594,0.011352254938766293
FairAA_3Moment,0.1,9,0.5522778345250255,0.57,0.20074349442379183,0.04721672379664943,0.050310760856318804,0.020000000000000018,0.2427779120056185,0.0035631185486949546,0.48904991948470206,0.46994095544820186,0.008057653211016409
FairAA_3Moment,0.3,9,0.5525638406537283,0.568,0.2,0.03484124301968167,0.053333333333333344,0.053333333333333344,0.24257286197200112,0.002272830888259525,0.48378958668813743,0.4773483628556092,0.005059606929317067
FairAA_3Moment,1.0,9,0.5541164453524003,0.568,0.2,0.03484124301968167,0.053333333333333344,0.053333333333333344,0.24215633467545483,0.0015808892317132894,0.4793880837359098,0.5010735373054214,0.002490094796448114
FairAA_3Moment,3.0,9,0.5575076608784474,0.57,0.2066420664206642,0.014419285794750492,0.053333333333333344,0.053333333333333344,0.2415534459072608,0.0013800553919878777,0.4863660762211487,0.5015029522275899,0.0010965405395993906
FairAA_3Moment,10.0,9,0.5169560776302349,0.632,0.1559633027522936,0.09901993916863805,0.12666666666666665,0.12666666666666665,-0.01998196568589594,0.004344719388729823,0.4789586688137413,0.4778851315083199,0.011934237423597888
FairAA_3Moment,30.0,9,0.5169560776302349,0.632,0.1559633027522936,0.09901993916863805,0.12666666666666665,0.12666666666666665,-0.01998196568589594,0.004344719388729823,0.4789586688137413,0.4778851315083199,0.011934237423597888
FairAA_3Moment,100.0,9,0.5169560776302349,0.632,0.1559633027522936,0.09901993916863805,0.12666666666666665,0.12666666666666665,-0.01998196568589594,0.004344719388729823,0.4789586688137413,0.4778851315083199,0.011934237423597888
FairAA_Adv,0.0,9,0.5527272727272726,0.574,0.20224719101123595,0.07196768535058495,0.07809643742129424,0.020000000000000018,0.24291402142304763,0.008364220664936528,0.49420289855072463,0.5095544820182502,0.015239825469016621
FairAA_Adv,0.03,9,0.55244126659857,0.574,0.20224719101123595,0.07196768535058495,0.07809643742129424,0.020000000000000018,0.24291334758665906,0.00826444942666793,0.4913043478260869,0.5095544820182502,0.015098992938845842
FairAA_Adv,0.1,9,0.552849846782431,0.574,0.20224719101123595,0.07196768535058495,0.07809643742129424,0.020000000000000018,0.24291377703754324,0.00805835373360092,0.48985507246376814,0.4996242619431025,0.014806328140842082
FairAA_Adv,0.3,9,0.5526455566905005,0.574,0.20224719101123595,0.07196768535058495,0.07809643742129424,0.020000000000000018,0.24290983703461977,0.007594325612445385,0.48797638217928074,0.5033279656468063,0.014123885734560667
FairAA_Adv,1.0,9,0.5529724208375894,0.572,0.20149253731343283,0.0676386810215806,0.07324206848925541,0.020000000000000018,0.24289204427783784,0.006479559016393632,0.4856682769726248,0.49634997316156737,0.012309537103551536
FairAA_Adv,3.0,9,0.56,0.554,0.19494584837545126,0.028677642060541686,0.053333333333333344,0.053333333333333344,0.24280912403647337,0.004931924103287855,0.48040794417606014,0.4916800858829845,0.00890958571171707
FairAA_Adv,10.0,9,0.5658018386108274,0.566,0.2109090909090909,0.03733565071855033,0.06000000000000005,0.06000000000000005,0.2426042078944456,0.003944289234569687,0.47777777777777775,0.5216317767042404,0.004607070596174213
FairAA_Adv,30.0,9,0.5104392236976507,0.606,0.1825726141078838,0.19366259514958395,0.19957752772474308,0.14666666666666667,0.14306044069184998,0.4424269768147654,0.7873322597960278,0.8267310789049921,0.1100716307775974
FairAA_Adv,100.0,9,0.5303575076608785,0.472,0.18518518518518517,1.0,1.0,1.0,-0.053144083633316574,2.7512743465911496,1.0,1.0,0.33333332710846714
FairPCA_AA,0.0,9,0.5147293156281921,0.578,0.17254901960784313,0.05149744926696598,0.14666666666666667,0.14666666666666667,0.23473672397147438,0.00852861553656814,0.5073000536768653,0.5033816425120773,0.015412038434505296
FairPCA_AA,0.03,9,0.5147293156281921,0.578,0.17254901960784313,0.05149744926696598,0.14666666666666667,0.14666666666666667,0.2231730952741099,0.008529039232843427,0.5073000536768653,0.5046162104133118,0.01541220274623413
FairPCA_AA,0.1,9,0.5147293156281921,0.578,0.17254901960784313,0.05149744926696598,0.14666666666666667,0.14666666666666667,0.2196460526097147,0.008528651608838644,0.5073000536768653,0.5033816425120773,0.015412078676182267
FairPCA_AA,0.3,9,0.514688457609806,0.578,0.17254901960784313,0.05149744926696598,0.14666666666666667,0.14666666666666667,0.22053154949977538,0.008530438454401545,0.5073000536768653,0.5062801932367149,0.015413635761269617
FairPCA_AA,1.0,9,0.5146884576098059,0.57,0.16988416988416988,0.050274384846875575,0.14666666666666667,0.14666666666666667,0.22237986232445295,0.008679989206007599,0.5060654857756307,0.5075684380032206,0.015555334566238374
FairPCA_AA,3.0,9,0.5185699693564862,0.57,0.18250950570342206,0.0410048439788217,0.06666666666666665,0.06666666666666665,0.2236713592415589,0.009385349162200185,0.5098765432098766,0.4797638217928073,0.01624253065608792
FairPCA_AA,10.0,9,0.5237180796731359,0.574,0.19011406844106463,0.04905132042678512,0.05165129788357642,0.026666666666666672,0.2258962390253737,0.009695121505397308,0.5113258185721954,0.4746645195920559,0.016170475636431213
FairPCA_AA,30.0,9,0.527191011235955,0.568,0.18181818181818182,0.05276879254574418,0.06666666666666665,0.06666666666666665,0.22641238041940837,0.009966647907328596,0.5115405260332796,0.49323671497584537,0.01635782008244951
FairPCA_AA,100.0,9,0.5282124616956078,0.568,0.18181818181818182,0.05276879254574418,0.06666666666666665,0.06666666666666665,0.22721643831622262,0.010037168028912802,0.5129898013955986,0.47321524422973693,0.01637813038535735
Raw,,10,0.5626608751608752,0.594,0.2339622641509434,0.03235975295934124,0.11538461538461542,0.11538461538461542,,,,,
AA,,10,0.5657577220077221,0.552,0.2222222222222222,0.03737776634071022,0.04340376927470019,0.01025641025641022,0.23081325098165395,0.017010782327202767,0.5292857142857142,0.4987500000000001,0.02555847977357212
FairAA,0.0,10,0.565757722007722,0.552,0.2222222222222222,0.03737776634071022,0.04340376927470019,0.01025641025641022,0.23081325098165428,0.01701078211242557,0.5292857142857142,0.4987500000000001,0.025558479750873442
FairAA,0.03,10,0.565757722007722,0.552,0.2222222222222222,0.03737776634071022,0.04340376927470019,0.01025641025641022,0.2308143665919059,0.016957309272395305,0.5278571428571428,0.4973214285714286,0.025502329028849125
FairAA,0.1,10,0.5658783783783783,0.552,0.2222222222222222,0.03737776634071022,0.04340376927470019,0.01025641025641022,0.23081352849180192,0.01642322388680284,0.52375,0.4998214285714285,0.024982680414246523
FairAA,0.3,10,0.5670045045045046,0.552,0.2222222222222222,0.03737776634071022,0.04340376927470019,0.01025641025641022,0.23078564642698296,0.013107256709654735,0.5171428571428571,0.5108928571428571,0.021235782491463174
FairAA,1.0,10,0.567286036036036,0.554,0.2229965156794425,0.04972979927946475,0.057314187811046746,0.01025641025641022,0.2301881744315991,0.008081640707228721,0.4817857142857143,0.5948214285714285,0.008176897101327086
FairAA,3.0,10,0.579753861003861,0.482,0.2359882005899705,0.005532681420483798,0.11282051282051286,0.11282051282051286,0.22939206931821232,0.009477017790416153,0.48678571428571427,0.6867857142857143,0.0014098820964695419
FairAA,10.0,10,0.4989945302445302,0.578,0.1593625498007968,0.011901698404529037,0.05128205128205132,0.05128205128205132,0.06362431802203261,0.012845971142215085,0.5191071428571428,0.5108928571428573,0.019989528258378287
FairAA,30.0,10,0.4989945302445302,0.578,0.1593625498007968,0.011901698404529037,0.05128205128205132,0.05128205128205132,0.06362431802203261,0.012845971142215085,0.5191071428571428,0.5108928571428573,0.019989528258378287
FairAA,100.0,10,0.4989945302445302,0.578,0.1593625498007968,0.011901698404529037,0.05128205128205132,0.05128205128205132,0.06362431802203261,0.012845971142215085,0.5191071428571428,0.5108928571428573,0.019989528258378287
FairAA_3Moment,0.0,10,0.565757722007722,0.552,0.2222222222222222,0.03737776634071022,0.04340376927470019,0.01025641025641022,0.23081325487718762,0.017010781633759353,0.5292857142857142,0.4987500000000001,0.02555848022501316
FairAA_3Moment,0.03,10,0.5666023166023166,0.552,0.2222222222222222,0.03737776634071022,0.04340376927470019,0.01025641025641022,0.23071213934979795,0.011710028751591772,0.5083928571428571,0.5094642857142857,0.019367834238613008
FairAA_3Moment,0.1,10,0.5671653796653797,0.552,0.2222222222222222,0.02933607822954193,0.03434771967039246,0.01025641025641022,0.2303970173394292,0.008561880422632007,0.48375,0.5283928571428571,0.013409658159802012
FairAA_3Moment,0.3,10,0.5681306306306306,0.55,0.22145328719723184,0.03306742151312403,0.038549400342661355,0.01025641025641022,0.22969061026530835,0.005811823127824689,0.49250000000000005,0.5321428571428571,0.006970264699756631
FairAA_3Moment,1.0,10,0.5684925997425997,0.55,0.22145328719723184,0.03306742151312403,0.038549400342661355,0.01025641025641022,0.22855916309948454,0.004171875587481555,0.4866071428571429,0.5283928571428571,0.0028645514341028694
FairAA_3Moment,3.0,10,0.5900498712998713,0.458,0.22792022792022792,0.02509006690684512,0.10256410256410264,0.10256410256410264,0.22741272341758167,0.0034185944028249926,0.48410714285714285,0.5178571428571429,0.0010893063398710867
FairAA_3Moment,10.0,10,0.5391731016731016,0.518,0.1718213058419244,0.008363355635615022,0.09999999999999998,0.09999999999999998,-0.027781336061428963,0.011062994991282049,0.5203571428571429,0.5207142857142857,0.018631615442988053
FairAA_3Moment,30.0,10,0.5391731016731016,0.518,0.1718213058419244,0.008363355635615022,0.09999999999999998,0.09999999999999998,-0.027781336061428963,0.011062994991282049,0.5203571428571429,0.5207142857142857,0.018631615442988053
FairAA_3Moment,100.0,10,0.5391731016731016,0.518,0.1718213058419244,0.008363355635615022,0.09999999999999998,0.09999999999999998,-0.027781336061428963,0.011062994991282049,0.5203571428571429,0.5207142857142857,0.018631615442988053
FairAA_Adv,0.0,10,0.565757722007722,0.552,0.2222222222222222,0.03737776634071022,0.04340376927470019,0.01025641025641022,0.23081325098165428,0.01701078211242557,0.5292857142857142,0.4987500000000001,0.025558479750873442
FairAA_Adv,0.03,10,0.5657979407979408,0.552,0.2222222222222222,0.03737776634071022,0.04340376927470019,0.01025641025641022,0.23081349144623287,0.01679011304700523,0.525,0.5121428571428571,0.02534426160228528
FairAA_Adv,0.1,10,0.5656370656370656,0.552,0.2222222222222222,0.03737776634071022,0.04340376927470019,0.01025641025641022,0.23081334334747328,0.016357053401108712,0.52375,0.515,0.024915317405295206
FairAA_Adv,0.3,10,0.5660794723294724,0.552,0.2222222222222222,0.03737776634071022,0.04340376927470019,0.01025641025641022,0.2308091810062305,0.015300474374892181,0.525892857142857,0.5067857142857143,0.023823905457560534
FairAA_Adv,1.0,10,0.5661196911196911,0.542,0.21843003412969283,0.0319094184251158,0.037244023823121475,0.01025641025641022,0.23076541786086846,0.01270578829019664,0.5169642857142857,0.5107142857142857,0.020716187282955205
FairAA_Adv,3.0,10,0.5632239382239382,0.538,0.21694915254237288,0.023288728769943423,0.02753528595904381,0.01025641025641022,0.23056520000072966,0.009496484964121865,0.4816071428571428,0.5346428571428572,0.015116877649824884
FairAA_Adv,10.0,10,0.47506435006435005,0.568,0.15625,0.014475038600102963,0.1948717948717949,0.1948717948717949,0.22995476963030614,0.00827222716395093,0.4805357142857144,0.6464285714285715,0.006554514567100517
FairAA_Adv,30.0,10,0.5333815958815958,0.682,0.1497326203208556,0.025862068965517238,0.1794871794871795,0.1794871794871795,0.22943881384933562,0.009317268925481847,0.4828571428571428,0.6889285714285714,0.0022970886832524386
FairAA_Adv,100.0,10,0.5365990990990991,0.472,0.18518518518518517,1.0,1.0,1.0,-0.03778062559241557,2.7512743095839047,1.0,1.0,0.33333333050543074
FairPCA_AA,0.0,10,0.4984314671814672,0.678,0.15706806282722513,0.05114513638703039,0.05727339479481111,0.002564102564102555,0.21970105106754778,0.013462035528016225,0.5396428571428572,0.5323214285714285,0.020825618607486492
FairPCA_AA,0.03,10,0.4984314671814672,0.678,0.15706806282722513,0.05114513638703039,0.05727339479481111,0.002564102564102555,0.20504200249547888,0.013462055735154854,0.5396428571428572,0.5323214285714286,0.02082561010569704
FairPCA_AA,0.1,10,0.4984314671814672,0.678,0.15706806282722513,0.05114513638703039,0.05727339479481111,0.002564102564102555,0.20512305346779314,0.01346213612408198,0.5396428571428572,0.5337500000000001,0.020825615827502204
FairPCA_AA,0.3,10,0.49843146718146725,0.678,0.15706806282722513,0.05114513638703039,0.05727339479481111,0.002564102564102555,0.20491744574540072,0.013462149658358291,0.5396428571428572,0.5305357142857143,0.02082588707479657
FairPCA_AA,1.0,10,0.49923584298584295,0.69,0.16216216216216217,0.0413664436438497,0.04625928041119359,0.002564102564102555,0.20440010098542383,0.013484239676823218,0.5396428571428572,0.53375,0.020860812285594988
FairPCA_AA,3.0,10,0.4915540540540541,0.626,0.1762114537444934,0.021358723623262965,0.05128205128205132,0.05128205128205132,0.20962804359793774,0.01483182157727364,0.5344642857142856,0.5437500000000001,0.02192712808297519
FairPCA_AA,10.0,10,0.5086068211068211,0.544,0.16176470588235295,0.009843026248069986,0.05641025641025643,0.05641025641025643,0.21644520606794992,0.015882085151759817,0.5291071428571429,0.5041071428571428,0.02325913828629717
FairPCA_AA,30.0,10,0.51994851994852,0.556,0.1956521739130435,0.008685023160061756,0.033333333333333326,0.033333333333333326,0.2171542671774882,0.01623082599273662,0.5310714285714286,0.49910714285714286,0.02370047418210308
FairPCA_AA,100.0,10,0.5243725868725868,0.554,0.2007168458781362,0.003795676788471425,0.004283266704740163,0.0,0.21738527488822335,0.016286520872557053,0.5285714285714286,0.49803571428571425,0.02379181070863518
Raw,,11,0.5970881595881595,0.59,0.2490842490842491,0.010550694801852778,0.05641025641025643,0.05641025641025643,,,,,
AA,,11,0.5417471042471043,0.558,0.17843866171003717,0.014732372619660317,0.015297381088357709,0.010256410256410275,0.2571466612838561,0.010164815276152817,0.5133928571428571,0.5217857142857142,0.01396890648053513
FairAA,0.0,11,0.5417471042471043,0.558,0.17843866171003717,0.014732372619660317,0.015297381088357709,0.010256410256410275,0.2571466933010985,0.010164816914187358,0.5133928571428571,0.5217857142857142,0.013968913145192429
FairAA,0.03,11,0.541787323037323,0.558,0.17843866171003717,0.014732372619660317,0.015297381088357709,0.010256410256410275,0.2571483125074412,0.010140914307444127,0.5133928571428571,0.5248214285714285,0.013936774446367031
FairAA,0.1,11,0.5418677606177607,0.558,0.17843866171003717,0.014732372619660317,0.015297381088357709,0.010256410256410275,0.2571480021434922,0.009910249963929085,0.5130357142857143,0.515,0.013643566568254403
FairAA,0.3,11,0.5422699485199485,0.558,0.17843866171003717,0.014732372619660317,0.015297381088357709,0.010256410256410275,0.2571128894102591,0.008587710879645383,0.5096428571428572,0.5158928571428572,0.012062341798659228
FairAA,1.0,11,0.5411036036036037,0.564,0.17424242424242425,0.03628409675759131,0.04871794871794871,0.04871794871794871,0.2566475983634806,0.006173455664191196,0.4983928571428572,0.5533928571428571,0.006230741371015174
FairAA,3.0,11,0.5463119369369369,0.524,0.18493150684931506,0.07642820380854354,0.11025641025641025,0.11025641025641025,0.2559260746657338,0.006337983510141421,0.4760714285714286,0.6517857142857143,0.0013738918743251064
FairAA,10.0,11,0.5205920205920206,0.448,0.19767441860465115,0.029207411219763335,0.03483723586521992,0.015384615384615441,0.044942685645654956,0.016042449053694563,0.5301785714285715,0.54375,0.016824490433752382
FairAA,30.0,11,0.5205920205920206,0.448,0.19767441860465115,0.029207411219763335,0.03483723586521992,0.015384615384615441,0.044942685645654956,0.016042449053694563,0.5301785714285715,0.54375,0.016824490433752382
FairAA,100.0,11,0.5205920205920206,0.448,0.19767441860465115,0.029207411219763335,0.03483723586521992,0.015384615384615441,0.044942685645654956,0.016042449053694563,0.5301785714285715,0.54375,0.016824490433752382
FairAA_3Moment,0.0,11,0.5417471042471043,0.558,0.17843866171003717,0.014732372619660317,0.015297381088357709,0.010256410256410275,0.25714669784906063,0.010164790901175058,0.5133928571428571,0.5217857142857142,0.013968913944970398
FairAA_3Moment,0.03,11,0.5426118082368082,0.562,0.1797752808988764,0.01531137416366446,0.015950069348127593,0.010256410256410275,0.25712223800767064,0.007693430382995581,0.5119642857142856,0.5201785714285714,0.01125715237321293
FairAA_3Moment,0.1,11,0.5419079794079794,0.56,0.17293233082706766,0.027663407102418935,0.04871794871794871,0.04871794871794871,0.2569994309399003,0.005995451174942323,0.5067857142857142,0.4957142857142857,0.008669990545239056
FairAA_3Moment,0.3,11,0.541324806949807,0.562,0.17358490566037735,0.04001544004117341,0.04871794871794871,0.04871794871794871,0.2566512509162979,0.004447084243347665,0.49660714285714286,0.5180357142857142,0.005774701702055368
FairAA_3Moment,1.0,11,0.5406008687258688,0.56,0.17293233082706766,0.04374678332475551,0.04871794871794871,0.04871794871794871,0.2558417974511422,0.003291197144522362,0.47446428571428567,0.5264285714285715,0.002823946424578535
FairAA_3Moment,3.0,11,0.5392736486486486,0.52,0.2,0.01782038085434895,0.020722852247695156,0.00512820512820511,0.25494286539535305,0.00290375220005884,0.47874999999999995,0.5294642857142857,0.001150103802408032
FairAA_3Moment,10.0,11,0.5546573359073359,0.58,0.20454545454545456,0.05217447246525991,0.10512820512820509,0.10512820512820509,-0.03331704967742377,0.0055023862948648805,0.49750000000000005,0.51875,0.013089905280832329
FairAA_3Moment,30.0,11,0.5546573359073359,0.58,0.20454545454545456,0.05217447246525991,0.10512820512820509,0.10512820512820509,-0.03331704967742377,0.0055023862948648805,0.49750000000000005,0.51875,0.013089905280832329
FairAA_3Moment,100.0,11,0.5546573359073359,0.58,0.20454545454545456,0.05217447246525991,0.10512820512820509,0.10512820512820509,-0.03331704967742377,0.0055023862948648805,0.49750000000000005,0.51875,0.013089905280832329
FairAA_Adv,0.0,11,0.5417471042471043,0.558,0.17843866171003717,0.014732372619660317,0.015297381088357709,0.010256410256410275,0.2571466933010985,0.010164816914187358,0.5133928571428571,0.5217857142857142,0.013968913145192429
FairAA_Adv,0.03,11,0.541787323037323,0.558,0.17843866171003717,0.014732372619660317,0.015297381088357709,0.010256410256410275,0.2571469391691569,0.010088267620997515,0.5146428571428572,0.5267857142857142,0.0138626997429631
FairAA_Adv,0.1,11,0.5418677606177605,0.558,0.17843866171003717,0.014732372619660317,0.015297381088357709,0.010256410256410275,0.2571462605146798,0.00992575584774491,0.5144642857142857,0.5082142857142857,0.013633581522452975
FairAA_Adv,0.3,11,0.5422699485199485,0.56,0.1791044776119403,0.011001029336078272,0.01109570041608876,0.010256410256410275,0.25714272382864123,0.009509165146981857,0.51125,0.5133928571428571,0.013048213012597986
FairAA_Adv,1.0,11,0.5432754182754183,0.564,0.18045112781954886,0.019621718991250647,0.020804438280166426,0.010256410256410275,0.2571171489326831,0.00849471477385022,0.5069642857142858,0.5208928571428573,0.01165802805711534
FairAA_Adv,3.0,11,0.5439993564993565,0.554,0.17712177121771217,0.022195059186824517,0.023700742432895494,0.010256410256410275,0.2570217271968903,0.007227953159199052,0.5041071428571429,0.510357142857143,0.009282693446381128
FairAA_Adv,10.0,11,0.5316722972972973,0.552,0.2,0.0236103962943901,0.026597046585624562,0.0,0.2566707649805009,0.006153016878730544,0.4926785714285714,0.5826785714285714,0.005205189428185333
FairAA_Adv,30.0,11,0.5075410231660231,0.626,0.20425531914893616,0.00045033453422538283,0.06153846153846154,0.06153846153846154,0.25612920962251007,0.006252667432726511,0.47785714285714287,0.6528571428571428,0.0019942382993663604
FairAA_Adv,100.0,11,0.53623712998713,0.528,0.18620689655172415,0.9844956253216676,0.9867422697234234,0.9666666666666667,-0.07286086270808423,2.5328660847872086,0.9921428571428571,0.9907142857142857,0.23810344108704817
FairPCA_AA,0.0,11,0.5531692406692407,0.564,0.18045112781954886,0.01158003088008236,0.20512820512820512,0.20512820512820512,0.25743843956868806,0.009085501589766343,0.5067857142857143,0.5228571428571429,0.015731839225623465
FairPCA_AA,0.03,11,0.5531692406692407,0.564,0.18045112781954886,0.01158003088008236,0.20512820512820512,0.20512820512820512,0.25018399364261246,0.00908549739615444,0.5067857142857143,0.5228571428571429,0.015731819747453208
FairPCA_AA,0.1,11,0.5531692406692407,0.564,0.18045112781954886,0.01158003088008236,0.20512820512820512,0.20512820512820512,0.24780070809153043,0.009085410291130358,0.5067857142857143,0.5228571428571429,0.015731755778760955
FairPCA_AA,0.3,11,0.5531692406692407,0.564,0.18045112781954886,0.01158003088008236,0.20512820512820512,0.20512820512820512,0.24737333378927284,0.009085395601305779,0.5067857142857143,0.5237499999999999,0.01573176117789368
FairPCA_AA,1.0,11,0.5531290218790219,0.564,0.18045112781954886,0.01158003088008236,0.20512820512820512,0.20512820512820512,0.2468289181209996,0.009090640479947232,0.5080357142857143,0.5328571428571428,0.01571974551202004
FairPCA_AA,3.0,11,0.5510376447876448,0.57,0.18867924528301888,0.015890375707668547,0.1717948717948718,0.1717948717948718,0.2486742437715198,0.00920794886111398,0.5037499999999999,0.5126785714285715,0.015661043573650748
FairPCA_AA,10.0,11,0.5452863577863578,0.572,0.183206106870229,0.0033453422542459865,0.13333333333333336,0.13333333333333336,0.23845551795512632,0.009448988130525249,0.5105357142857143,0.5169642857142858,0.015649402944368545
FairPCA_AA,30.0,11,0.5431145431145431,0.566,0.17490494296577946,0.0003860010293360583,0.16666666666666669,0.16666666666666669,0.2512858004087424,0.009526053179337857,0.51625,0.5051785714285714,0.015657756248089853
FairPCA_AA,100.0,11,0.5491272522522522,0.564,0.1925925925925926,0.029786412763767423,0.1384615384615384,0.1384615384615384,0.2334911105759594,0.00926745494044845,0.5010714285714286,0.5292857142857142,0.015128711204343412
Raw,,12,0.569779601029601,0.578,0.22140221402214022,0.014153371075656174,0.07692307692307687,0.07692307692307687,,,,,
AA,,12,0.6237129987129987,0.502,0.23384615384615384,0.0226453937210499,0.11794871794871786,0.11794871794871786,0.20915267558774908,0.011965027286150731,0.5046428571428572,0.5023214285714286,0.013021495981294864
FairAA,0.0,12,0.6237129987129987,0.502,0.23384615384615384,0.0226453937210499,0.11794871794871786,0.11794871794871786,0.2091508711056892,0.011965577585956788,0.5046428571428572,0.5058928571428571,0.013021697889402647
FairAA,0.03,12,0.6236325611325612,0.502,0.23384615384615384,0.0226453937210499,0.11794871794871786,0.11794871794871786,0.2091465698528555,0.01195247722645948,0.5046428571428572,0.5017857142857143,0.013003329712388108
FairAA,0.1,12,0.6237532175032175,0.502,0.23384615384615384,0.0226453937210499,0.11794871794871786,0.11794871794871786,0.2091439643891183,0.011724042767577436,0.5017857142857143,0.4828571428571428,0.012736585125367511
FairAA,0.3,12,0.623069498069498,0.498,0.2324159021406728,0.0301080802882141,0.11794871794871786,0.11794871794871786,0.2091340610846386,0.010253000305927629,0.4876785714285714,0.5158928571428572,0.010734569570520784
FairAA,1.0,12,0.6220238095238095,0.498,0.2324159021406728,0.03814976839938233,0.11794871794871786,0.11794871794871786,0.2088314587897011,0.007728053499676257,0.48446428571428574,0.5214285714285714,0.004002124262754197
FairAA,3.0,12,0.6234314671814671,0.494,0.22629969418960244,0.014024704065877525,0.08461538461538454,0.08461538461538454,0.20857000548504379,0.007697848965519005,0.4842857142857143,0.5278571428571428,0.0006676643791633773
FairAA,10.0,12,0.5962837837837838,0.62,0.24603174603174602,0.032617086978898646,0.043589743589743546,0.043589743589743546,0.010870341411315931,0.01274724902309965,0.5017857142857143,0.46785714285714286,0.02256383424833816
FairAA,30.0,12,0.5962837837837838,0.62,0.24603174603174602,0.032617086978898646,0.043589743589743546,0.043589743589743546,0.010870341411315931,0.01274724902309965,0.5017857142857143,0.46785714285714286,0.02256383424833816
FairAA,100.0,12,0.5962837837837838,0.62,0.24603174603174602,0.032617086978898646,0.043589743589743546,0.043589743589743546,0.010870341411315931,0.01274724902309965,0.5017857142857143,0.46785714285714286,0.02256383424833816
FairAA_3Moment,0.0,12,0.6237129987129987,0.502,0.23384615384615384,0.0226453937210499,0.11794871794871786,0.11794871794871786,0.2091508753533673,0.011965317237365936,0.5046428571428572,0.5058928571428571,0.013021698283567728
FairAA_3Moment,0.03,12,0.6217824967824969,0.502,0.23384615384615384,0.0226453937210499,0.11794871794871786,0.11794871794871786,0.2090910379098676,0.008011360111471633,0.4930357142857143,0.5058928571428571,0.009303658622683645
FairAA_3Moment,0.1,12,0.6204954954954954,0.504,0.2345679012345679,0.026955738548636088,0.11794871794871786,0.11794871794871786,0.20891633279490662,0.005236917555622056,0.4892857142857142,0.5019642857142856,0.005856571223640999
FairAA_3Moment,0.3,12,0.6200933075933076,0.498,0.2324159021406728,0.022066392177045868,0.11794871794871786,0.11794871794871786,0.20865047201168607,0.0033999170266186818,0.4826785714285714,0.5039285714285715,0.003093639828187644
FairAA_3Moment,1.0,12,0.6195302445302445,0.5,0.2331288343558282,0.026376737004632056,0.11794871794871786,0.11794871794871786,0.20832608573730627,0.0026090847016513874,0.48446428571428574,0.5048214285714285,0.0013390310284415478
FairAA_3Moment,3.0,12,0.6208172458172457,0.504,0.2392638036809816,0.002251672671127025,0.07948717948717943,0.07948717948717943,0.2081050986471743,0.0023529062295514214,0.48321428571428565,0.5135714285714286,0.0006760783878332763
FairAA_3Moment,10.0,12,0.5917993886743886,0.432,0.1977401129943503,0.0021873391662377006,0.12564102564102564,0.12564102564102564,-0.04159800879892006,0.01095665007543356,0.4767857142857143,0.5353571428571429,0.014530966454639742
FairAA_3Moment,30.0,12,0.5917993886743886,0.432,0.1977401129943503,0.0021873391662377006,0.12564102564102564,0.12564102564102564,-0.04159800879892006,0.01095665007543356,0.4767857142857143,0.5353571428571429,0.014530966454639742
FairAA_3Moment,100.0,12,0.5917993886743886,0.432,0.1977401129943503,0.0021873391662377006,0.12564102564102564,0.12564102564102564,-0.04159800879892006,0.01095665007543356,0.4767857142857143,0.5353571428571429,0.014530966454639742
FairAA_Adv,0.0,12,0.6237129987129987,0.502,0.23384615384615384,0.0226453937210499,0.11794871794871786,0.11794871794871786,0.2091508711056892,0.011965577585956788,0.5046428571428572,0.5058928571428571,0.013021697889402647
FairAA_Adv,0.03,12,0.6237532175032174,0.502,0.23384615384615384,0.0226453937210499,0.11794871794871786,0.11794871794871786,0.20915193811659938,0.011863309578646508,0.5032142857142857,0.49625,0.012893677035804879
FairAA_Adv,0.1,12,0.6229086229086229,0.498,0.2324159021406728,0.0301080802882141,0.11794871794871786,0.11794871794871786,0.20914572877185644,0.011617633576428477,0.5016071428571427,0.4960714285714286,0.01258766449160919
FairAA_Adv,0.3,12,0.6232303732303732,0.498,0.2324159021406728,0.0301080802882141,0.11794871794871786,0.11794871794871786,0.20914019611798806,0.01104491926325435,0.49696428571428564,0.49107142857142866,0.011829984325186947
FairAA_Adv,1.0,12,0.6231499356499356,0.492,0.23030303030303031,0.033260422027792114,0.11794871794871786,0.11794871794871786,0.20911309429062275,0.009758007113316758,0.4860714285714286,0.5148214285714285,0.009825060910813066
FairAA_Adv,3.0,12,0.6238336550836551,0.494,0.23564954682779457,0.0450334534225425,0.1512820512820513,0.1512820512820513,0.2089987337098933,0.008196893135335226,0.4871428571428572,0.49660714285714286,0.006268138009628718
FairAA_Adv,10.0,12,0.6030405405405406,0.578,0.23272727272727273,0.029078744209984575,0.34871794871794864,0.34871794871794864,0.20878694974230416,0.007553019369910985,0.4832142857142857,0.5362500000000001,0.002484342445284878
FairAA_Adv,30.0,12,0.5283140283140283,0.512,0.19205298013245034,0.8110524961399896,0.9,0.9,-0.040163778874049205,1.3493848551133827,0.937142857142857,0.93875,0.16150296648579085
FairAA_Adv,100.0,12,0.5392535392535392,0.472,0.18518518518518517,1.0,1.0,1.0,-0.05621278531575413,2.7512743083179245,1.0,1.0,0.3333333304302852
FairPCA_AA,0.0,12,0.6048503861003861,0.526,0.2280130293159609,0.003731343283582045,0.16153846153846152,0.16153846153846152,0.21697565415791653,0.01430953025525561,0.5255357142857142,0.5273214285714285,0.0170627746607631
FairPCA_AA,0.03,12,0.6048503861003861,0.526,0.2280130293159609,0.003731343283582045,0.16153846153846152,0.16153846153846152,0.20423919512416355,0.01430949898534939,0.5255357142857142,0.5287499999999999,0.01706272555434012
FairPCA_AA,0.1,12,0.6048503861003861,0.526,0.2280130293159609,0.003731343283582045,0.16153846153846152,0.16153846153846152,0.201012346596934,0.0143096139746407,0.5255357142857142,0.5273214285714285,0.01706285947966475
FairPCA_AA,0.3,12,0.604890604890605,0.526,0.2280130293159609,0.003731343283582045,0.16153846153846152,0.16153846153846152,0.1961357360275865,0.014310113176140837,0.5255357142857142,0.5303571428571429,0.017063036043170065
FairPCA_AA,1.0,12,0.6049308236808236,0.53,0.22950819672131148,0.012352032938754476,0.16153846153846152,0.16153846153846152,0.19799617947426162,0.014348800233720094,0.5255357142857142,0.5194642857142856,0.017091549106376405
FairPCA_AA,3.0,12,0.607947232947233,0.52,0.22580645161290322,0.006883685023160058,0.16153846153846152,0.16153846153846152,0.2004163045691073,0.014525324529860939,0.5230357142857143,0.53125,0.01714853593116096
FairPCA_AA,10.0,12,0.615990990990991,0.538,0.23255813953488372,0.0025733401955738144,0.16153846153846152,0.16153846153846152,0.19782311316558832,0.012102216870574611,0.5107142857142857,0.5005357142857143,0.013666018526522284
FairPCA_AA,30.0,12,0.5225225225225225,0.526,0.19661016949152543,0.04908646423057128,0.18205128205128207,0.18205128205128207,0.21149409895981142,0.010558192544480094,0.5203571428571429,0.48125,0.01569368008148562
FairPCA_AA,100.0,12,0.5226833976833978,0.526,0.19661016949152543,0.04908646423057128,0.18205128205128207,0.18205128205128207,0.21170366583818723,0.010475900726337528,0.5216071428571428,0.49196428571428574,0.015591643478764136
Raw,,13,0.526782431052094,0.56,0.20863309352517986,0.09676692576320833,0.09767640248608683,0.08666666666666667,,,,,
AA,,13,0.5504596527068437,0.526,0.21262458471760798,0.053525161331852755,0.054819839948003435,0.039999999999999925,0.24009981043032735,0.03752713328125595,0.5452495974235104,0.5376811594202897,0.03339517252440508
FairAA,0.0,13,0.5504596527068437,0.526,0.21262458471760798,0.053525161331852755,0.054819839948003435,0.039999999999999925,0.2400998061572137,0.03752714453185152,0.5452495974235104,0.5376811594202897,0.033395178318627386
FairAA,0.03,13,0.5504596527068437,0.526,0.21262458471760798,0.053525161331852755,0.054819839948003435,0.039999999999999925,0.2401003640750099,0.03736444578096382,0.5452495974235104,0.5331723027375201,0.033310725727751324
FairAA,0.1,13,0.5504596527068437,0.526,0.21262458471760798,0.053525161331852755,0.054819839948003435,0.039999999999999925,0.24009786421627888,0.035776192732336065,0.5409017713365538,0.5337090713902308,0.03247635385697994
FairAA,0.3,13,0.5495607763023493,0.526,0.21262458471760798,0.04547868488388934,0.045781370597554494,0.039999999999999925,0.2399722155220012,0.025939214189606763,0.5232957595276437,0.5144927536231884,0.026696191981328332
FairAA,1.0,13,0.5502349336057202,0.526,0.20735785953177258,0.005857834854117394,0.006666666666666599,0.006666666666666599,0.2383038720435593,0.010002348777703507,0.48276972624798714,0.6011272141706924,0.009377230364081965
FairAA,3.0,13,0.501450459652707,0.468,0.18404907975460122,0.0016253882424885902,0.046666666666666634,0.046666666666666634,0.2369019349396162,0.010428403201197589,0.4938808373590982,0.6360171765968868,0.0014862466534867492
FairAA,10.0,13,0.5110520939734423,0.396,0.1793478260869565,0.027309741064387882,0.14666666666666672,0.14666666666666672,0.06278288077085925,0.022615807833155976,0.49436392914653793,0.5662909286097693,0.026450040334055746
FairAA,30.0,13,0.5110520939734423,0.396,0.1793478260869565,0.027309741064387882,0.14666666666666672,0.14666666666666672,0.06278288077085925,0.022615807833155976,0.49436392914653793,0.5662909286097693,0.026450040334055746
FairAA,100.0,13,0.5110520939734423,0.396,0.1793478260869565,0.027309741064387882,0.14666666666666672,0.14666666666666672,0.06278288077085925,0.022615807833155976,0.49436392914653793,0.5662909286097693,0.026450040334055746
FairAA_3Moment,0.0,13,0.5504596527068437,0.526,0.21262458471760798,0.053525161331852755,0.054819839948003435,0.039999999999999925,0.24009981059807683,0.03752714400953794,0.5452495974235104,0.5376811594202897,0.03339517899695578
FairAA_3Moment,0.03,13,0.5485801838610826,0.522,0.21122112211221122,0.0368206762258807,0.039999999999999925,0.039999999999999925,0.2397517333305873,0.021179200212389837,0.5238862050456253,0.5260869565217391,0.023153164843156517
FairAA_3Moment,0.1,13,0.5482533197139938,0.53,0.2140468227424749,0.029997264198007634,0.039999999999999925,0.039999999999999925,0.23891217144520893,0.012006904101148852,0.5012882447665057,0.5438539989264626,0.01525605970379902
FairAA_3Moment,0.3,13,0.5469050051072524,0.528,0.2080536912751678,0.018233315631085156,0.019336231059836673,0.006666666666666599,0.2377176193913435,0.006642699482601877,0.4798174986580784,0.5252818035426732,0.008257696858902264
FairAA_3Moment,1.0,13,0.5450663942798775,0.522,0.20066889632107024,0.002188641593846019,0.046666666666666634,0.046666666666666634,0.23609948107909806,0.0039288571130222105,0.4860440150295222,0.510252281266774,0.0025926295942727173
FairAA_3Moment,3.0,13,0.5360163432073545,0.438,0.19020172910662825,0.02336696760488588,0.026181094365682278,0.0,0.23512654753791284,0.0033464487836501466,0.48888888888888893,0.5050456253354805,0.0009115237693605437
FairAA_3Moment,10.0,13,0.526026557711951,0.58,0.20454545454545456,0.012536410305927004,0.09333333333333332,0.09333333333333332,-0.13301898482124885,0.0183728211146863,0.5616210413311863,0.5602791196994096,0.02501497055909288
FairAA_3Moment,30.0,13,0.526026557711951,0.58,0.20454545454545456,0.012536410305927004,0.09333333333333332,0.09333333333333332,-0.13301898482124885,0.0183728211146863,0.5616210413311863,0.5602791196994096,0.02501497055909288
FairAA_3Moment,100.0,13,0.526026557711951,0.58,0.20454545454545456,0.012536410305927004,0.09333333333333332,0.09333333333333332,-0.13301898482124885,0.0183728211146863,0.5616210413311863,0.5602791196994096,0.02501497055909288
FairAA_Adv,0.0,13,0.5504596527068437,0.526,0.21262458471760798,0.053525161331852755,0.054819839948003435,0.039999999999999925,0.2400998061572137,0.03752714453185152,0.5452495974235104,0.5376811594202897,0.033395178318627386
FairAA_Adv,0.03,13,0.5503370786516855,0.524,0.2119205298013245,0.057242633450811875,0.05900394036641343,0.039999999999999925,0.24009958623343208,0.03689195084686048,0.5438003220611916,0.5277509393451422,0.033104547968871266
FairAA_Adv,0.1,13,0.5497242083758938,0.524,0.2119205298013245,0.057242633450811875,0.05900394036641343,0.039999999999999925,0.24009712247505677,0.0356018991275025,0.5409017713365538,0.5374664519592056,0.03248684110047376
FairAA_Adv,0.3,13,0.5500306435137896,0.526,0.21262458471760798,0.053525161331852755,0.054819839948003435,0.039999999999999925,0.24007883840500888,0.03254993243476301,0.5380032206119163,0.5250670960815887,0.03092440335488844
FairAA_Adv,1.0,13,0.5502145045965271,0.522,0.21122112211221122,0.0368206762258807,0.039999999999999925,0.039999999999999925,0.23992908876273278,0.024762980223406506,0.5232957595276437,0.5254965110037573,0.026350148552879638
FairAA_Adv,3.0,13,0.547517875383044,0.54,0.1958041958041958,0.03799546178728336,0.053333333333333344,0.053333333333333344,0.23935263037109344,0.015268236290931714,0.4967793880837359,0.5459473966720344,0.018573486426351666
FairAA_Adv,10.0,13,0.5170173646578141,0.49,0.18006430868167203,0.002188641593846019,0.053333333333333344,0.053333333333333344,0.23798614617429104,0.009956252072174654,0.4787976382179281,0.5893183038110574,0.008351847506685318
FairAA_Adv,30.0,13,0.45315628192032686,0.516,0.15384615384615385,0.09879463782809506,0.11975464110167766,0.07333333333333336,-0.006934173958478063,1.5440209478124853,0.9485775630703166,0.9473429951690822,0.19269682950238054
FairAA_Adv,100.0,13,0.5459448416751788,0.466,0.1884498480243161,0.9783549783549783,0.9805825242718447,0.96,-0.10239807183189553,2.870871810307354,1.0,0.9942028985507246,0.28649411145178943
FairPCA_AA,0.0,13,0.5718079673135853,0.532,0.19863013698630136,0.1005326767408552,0.23333333333333328,0.23333333333333328,0.22692778072444053,0.023694031849935016,0.5345142243692969,0.528341384863124,0.023976839279448336
FairPCA_AA,0.03,13,0.5718079673135853,0.532,0.19863013698630136,0.1005326767408552,0.23333333333333328,0.23333333333333328,0.2186308384382254,0.02369418823779179,0.5345142243692969,0.528341384863124,0.023976897685547314
FairPCA_AA,0.1,13,0.5717875383043922,0.532,0.19863013698630136,0.1005326767408552,0.23333333333333328,0.23333333333333328,0.21779109036196642,0.023693423738058716,0.5345142243692969,0.5308105206655931,0.023976513425589905
FairPCA_AA,0.3,13,0.5717262512768131,0.532,0.19863013698630136,0.1005326767408552,0.23333333333333328,0.23333333333333328,0.2171744365567163,0.02369645496786521,0.5345142243692969,0.5308105206655932,0.02397819969296824
FairPCA_AA,1.0,13,0.571664964249234,0.534,0.19931271477663232,0.08876872817393261,0.23333333333333328,0.23333333333333328,0.21664288950332833,0.02403029899091158,0.5345142243692969,0.5471282877079979,0.024154101505309004
FairPCA_AA,3.0,13,0.5689683350357508,0.532,0.1875,0.09370926471298213,0.24,0.24,0.2192232147680242,0.02758576391869938,0.5388620504562533,0.5580783682232957,0.025758993214223282
FairPCA_AA,10.0,13,0.545699693564862,0.524,0.19594594594594594,0.06712370652891098,0.08666666666666667,0.08666666666666667,0.23125506408400553,0.03888444996133095,0.556629092860977,0.5372517444981213,0.03269562484352
FairPCA_AA,30.0,13,0.546394279877426,0.522,0.19528619528619529,0.06279470219990663,0.08666666666666667,0.08666666666666667,0.2315088926078881,0.038830365397878486,0.5553945249597423,0.522812667740204,0.032640071491377175
FairPCA_AA,100.0,13,0.5452093973442288,0.524,0.20134228187919462,0.05846569787090233,0.12,0.12,0.2313959398166502,0.039137079063724656,0.5593129361245304,0.5229736983360171,0.03286767621621026
Raw,,14,0.5206322393822393,0.578,0.15261044176706828,0.06877251672671125,0.1307692307692308,0.1307692307692308,,,,,
AA,,14,0.5502734877734878,0.564,0.21014492753623187,0.1212686567164179,0.1769230769230769,0.1769230769230769,0.22317133362984198,0.013777595361394501,0.5014285714285714,0.5139285714285714,0.016580338971989652
FairAA,0.0,14,0.5501930501930502,0.564,0.21014492753623187,0.1212686567164179,0.1769230769230769,0.1769230769230769,0.22317451787040765,0.013775951517991936,0.5014285714285714,0.5123214285714285,0.01658521983171323
FairAA,0.03,14,0.5501126126126126,0.564,0.21014492753623187,0.1212686567164179,0.1769230769230769,0.1769230769230769,0.22317964860757378,0.013741224443607536,0.5014285714285714,0.5217857142857143,0.01652573348891061
FairAA,0.1,14,0.5501930501930502,0.564,0.21014492753623187,0.1212686567164179,0.1769230769230769,0.1769230769230769,0.22317918694708794,0.013382544672121521,0.5014285714285714,0.5201785714285715,0.016216297870922255
FairAA,0.3,14,0.5499517374517375,0.572,0.21323529411764705,0.09830159547092127,0.1769230769230769,0.1769230769230769,0.22314240271119612,0.01097280290237479,0.4930357142857143,0.5301785714285715,0.014044194199441867
FairAA,1.0,14,0.5537725225225225,0.582,0.22304832713754646,0.05494081317550181,0.1384615384615384,0.1384615384615384,0.2228381190367792,0.005294332164818005,0.4805357142857143,0.5483928571428571,0.005909724886243401
FairAA,3.0,14,0.5350305662805663,0.526,0.18556701030927836,0.007720020586721554,0.033333333333333326,0.033333333333333326,0.2222730441885643,0.004755620784868186,0.4858928571428572,0.5505357142857144,0.0011555223924376464
FairAA,10.0,14,0.5756113256113256,0.6,0.2125984251968504,0.055262480699948546,0.11025641025641025,0.11025641025641025,-0.044352556112712715,0.007877245941149802,0.4807142857142857,0.5421428571428571,0.016319635197402028
FairAA,30.0,14,0.5756113256113256,0.6,0.2125984251968504,0.055262480699948546,0.11025641025641025,0.11025641025641025,-0.044352556112712715,0.007877245941149802,0.4807142857142857,0.5421428571428571,0.016319635197402028
FairAA,100.0,14,0.5756113256113256,0.6,0.2125984251968504,0.055262480699948546,0.11025641025641025,0.11025641025641025,-0.044352556112712715,0.007877245941149802,0.4807142857142857,0.5421428571428571,0.016319635197402028
FairAA_3Moment,0.0,14,0.5501930501930502,0.564,0.21014492753623187,0.1212686567164179,0.1769230769230769,0.1769230769230769,0.22317452233038426,0.013775951605264014,0.5014285714285714,0.5123214285714285,0.016585221042184847
FairAA_3Moment,0.03,14,0.5498712998712998,0.57,0.21245421245421245,0.09399125064333502,0.1769230769230769,0.1769230769230769,0.2231174555893377,0.009820445908795439,0.48964285714285716,0.5267857142857143,0.013129319969382111
FairAA_3Moment,0.1,14,0.5497908622908623,0.572,0.21323529411764705,0.0741765311374164,0.1769230769230769,0.1769230769230769,0.22292173380056712,0.006299540449613172,0.49053571428571424,0.5185714285714286,0.009308379129420227
FairAA_3Moment,0.3,14,0.5507158944658944,0.58,0.2222222222222222,0.050630468347915625,0.1384615384615384,0.1384615384615384,0.22255433942391123,0.003968810245909671,0.48571428571428577,0.51375,0.0054746961734872595
FairAA_3Moment,1.0,14,0.5512789575289575,0.576,0.22058823529411764,0.042009778692743194,0.1384615384615384,0.1384615384615384,0.22222197722595294,0.002972300006580053,0.4885714285714286,0.5017857142857143,0.0023133531136405837
FairAA_3Moment,3.0,14,0.5295608108108109,0.598,0.1862348178137652,0.1015182707153886,0.1923076923076923,0.1923076923076923,-0.02936143046078743,0.015598299197075227,0.5016071428571428,0.49874999999999997,0.02135216808992126
FairAA_3Moment,10.0,14,0.5295608108108109,0.598,0.1862348178137652,0.1015182707153886,0.1923076923076923,0.1923076923076923,-0.02936143046078743,0.015598299197075227,0.5016071428571428,0.49874999999999997,0.02135216808992126
FairAA_3Moment,30.0,14,0.5295608108108109,0.598,0.1862348178137652,0.1015182707153886,0.1923076923076923,0.1923076923076923,-0.02936143046078743,0.015598299197075227,0.5016071428571428,0.49874999999999997,0.02135216808992126
FairAA_3Moment,100.0,14,0.5295608108108109,0.598,0.1862348178137652,0.1015182707153886,0.1923076923076923,0.1923076923076923,-0.02936143046078743,0.015598299197075227,0.5016071428571428,0.49874999999999997,0.02135216808992126
FairAA_Adv,0.0,14,0.5501930501930502,0.564,0.21014492753623187,0.1212686567164179,0.1769230769230769,0.1769230769230769,0.22317451787040765,0.013775951517991936,0.5014285714285714,0.5123214285714285,0.01658521983171323
FairAA_Adv,0.03,14,0.5504745817245817,0.562,0.20938628158844766,0.125,0.1769230769230769,0.1769230769230769,0.22319915631746168,0.013586406405852236,0.5014285714285714,0.5291071428571429,0.016363167842925585
FairAA_Adv,0.1,14,0.5501930501930502,0.562,0.20938628158844766,0.125,0.1769230769230769,0.1769230769230769,0.22319962648640856,0.013223269587638253,0.5,0.531607142857143,0.016066952821311344
FairAA_Adv,0.3,14,0.5484636422136422,0.56,0.20863309352517986,0.11264796706124547,0.1769230769230769,0.1769230769230769,0.22319507790910287,0.01237282381709054,0.4951785714285714,0.530892857142857,0.015336656840410738
FairAA_Adv,1.0,14,0.5478603603603605,0.556,0.20714285714285716,0.11206896551724138,0.1769230769230769,0.1769230769230769,0.22315829200371984,0.01020112469328427,0.4869642857142857,0.5380357142857142,0.013283172484880932
FairAA_Adv,3.0,14,0.5409025096525096,0.506,0.20064724919093851,0.08356922285126095,0.17179487179487174,0.17179487179487174,0.2230045206792941,0.007139071249846585,0.4898214285714285,0.5301785714285714,0.009765331833261589
FairAA_Adv,10.0,14,0.5154440154440154,0.53,0.2033898305084746,0.031330416881111656,0.035938647303581595,0.00512820512820511,0.22254208190360936,0.004789261453619464,0.47928571428571426,0.5407142857142857,0.004281692483830392
FairAA_Adv,30.0,14,0.5267454954954954,0.598,0.20553359683794467,0.01132269686052495,0.07692307692307693,0.07692307692307693,0.22226803739342427,0.0047298489920289954,0.4855357142857143,0.5558928571428571,0.0014698790547940123
FairAA_Adv,100.0,14,0.5084459459459459,0.492,0.1858974358974359,0.7622233659289758,0.823076923076923,0.823076923076923,-0.11631691315116144,2.7424569474178018,0.9919642857142857,0.9944642857142858,0.24194148403692295
FairPCA_AA,0.0,14,0.530485842985843,0.578,0.2037735849056604,0.07218219248584667,0.18205128205128202,0.18205128205128202,0.22766321877755002,0.016198317747271762,0.5160714285714285,0.5001785714285715,0.020441238968363223
FairPCA_AA,0.03,14,0.530485842985843,0.578,0.2037735849056604,0.07218219248584667,0.18205128205128202,0.18205128205128202,0.21590987164810116,0.016198266794218763,0.5160714285714285,0.5001785714285715,0.02044120851585222
FairPCA_AA,0.1,14,0.530485842985843,0.578,0.2037735849056604,0.07218219248584667,0.18205128205128202,0.18205128205128202,0.2121110218450366,0.01619828644677962,0.5160714285714285,0.5001785714285715,0.020441220268189553
FairPCA_AA,0.3,14,0.530485842985843,0.578,0.2037735849056604,0.07218219248584667,0.18205128205128202,0.18205128205128202,0.21430913850032285,0.016197556905259536,0.5160714285714285,0.5028571428571429,0.02044103935347015
FairPCA_AA,1.0,14,0.5302445302445302,0.578,0.2037735849056604,0.07218219248584667,0.18205128205128202,0.18205128205128202,0.21390049069566752,0.016126065959613745,0.5160714285714285,0.50625,0.02042337146737687
FairPCA_AA,3.0,14,0.5283542471042472,0.58,0.20454545454545456,0.06845084920226457,0.18205128205128202,0.18205128205128202,0.21621358427913473,0.015529386232938036,0.5173214285714286,0.4916071428571428,0.020112757130701434
FairPCA_AA,10.0,14,0.5627413127413128,0.566,0.2109090909090909,0.05320380854348944,0.05572326017785756,0.033333333333333326,0.2080532603910511,0.012949921490827465,0.4967857142857143,0.5080357142857143,0.01650064596971718
FairPCA_AA,30.0,14,0.5249356499356499,0.58,0.20454545454545456,0.07649253731343286,0.18205128205128202,0.18205128205128202,0.21808356510642912,0.014650209554369464,0.5114285714285713,0.4921428571428571,0.01953372355889
FairPCA_AA,100.0,14,0.5245736808236808,0.58,0.20454545454545456,0.07649253731343286,0.18205128205128202,0.18205128205128202,0.21829129184064555,0.014571511723121211,0.5114285714285713,0.4914285714285714,0.019455093533793256
Raw,,15,0.5760980592441267,0.588,0.20155038759689922,0.05460338917587987,0.08666666666666667,0.08666666666666667,,,,,
AA,,15,0.5486006128702757,0.568,0.19402985074626866,0.0032668694378731322,0.16000000000000003,0.16000000000000003,0.23394454039373613,0.01493070625904891,0.5178207192699946,0.5479334406870638,0.020781917843992522
FairAA,0.0,15,0.5486006128702757,0.568,0.19402985074626866,0.0032668694378731322,0.16000000000000003,0.16000000000000003,0.2339445403937358,0.014930706379789938,0.5178207192699946,0.5479334406870638,0.020781917877417233
FairAA,0.03,15,0.5485188968335035,0.568,0.19402985074626866,0.0032668694378731322,0.16000000000000003,0.16000000000000003,0.23396068211093213,0.014868077247755462,0.5178207192699946,0.549597423510467,0.02070789295701819
FairAA,0.1,15,0.5486006128702757,0.57,0.1947565543071161,0.00045060268108598756,0.16000000000000003,0.16000000000000003,0.2339597507028166,0.014150666215204444,0.5147074610842727,0.5311862587224905,0.019980094049761227
FairAA,0.3,15,0.549826353421859,0.568,0.19402985074626866,0.012826083458053694,0.16000000000000003,0.16000000000000003,0.23398174410080785,0.010036964873773868,0.4918411164787976,0.5380032206119163,0.01526274924933189
FairAA,1.0,15,0.552073544433095,0.564,0.1925925925925926,0.00539113922013551,0.16000000000000003,0.16000000000000003,0.2337905706139689,0.00417536999868956,0.48803005904455177,0.5200214707461084,0.004322804681053164
FairAA,3.0,15,0.5529724208375895,0.56,0.19708029197080293,0.009478749255700913,0.19999999999999996,0.19999999999999996,0.23355715732274573,0.0034558797621447868,0.4888352120236178,0.5260332796564681,0.0006341293352983718
FairAA,10.0,15,0.4775485188968335,0.442,0.17699115044247787,0.05465166803456767,0.17333333333333334,0.17333333333333334,0.09736774477141208,0.017111010079717937,0.5198067632850242,0.49533011272141714,0.0182930656953209
FairAA,30.0,15,0.4775485188968335,0.442,0.17699115044247787,0.05465166803456767,0.17333333333333334,0.17333333333333334,0.09736774477141208,0.017111010079717937,0.5198067632850242,0.49533011272141714,0.0182930656953209
FairAA,100.0,15,0.4775485188968335,0.442,0.17699115044247787,0.05465166803456767,0.17333333333333334,0.17333333333333334,0.09736774477141208,0.017111010079717937,0.5198067632850242,0.49533011272141714,0.0182930656953209
FairAA_3Moment,0.0,15,0.5486006128702757,0.568,0.19402985074626866,0.0032668694378731322,0.16000000000000003,0.16000000000000003,0.2339445449220533,0.014930706815552475,0.5178207192699946,0.5479334406870638,0.02078191870268038
FairAA_3Moment,0.03,15,0.550561797752809,0.564,0.1925925925925926,0.00539113922013551,0.16000000000000003,0.16000000000000003,0.23387971277834363,0.008824592890466998,0.4903381642512077,0.5415458937198068,0.013893109658641984
FairAA_3Moment,0.1,15,0.5521961184882533,0.564,0.1925925925925926,0.0026553372278279586,0.16000000000000003,0.16000000000000003,0.23369863161471371,0.005019700824089701,0.48647342995169085,0.5262479871175524,0.008582722046872437
FairAA_3Moment,0.3,15,0.5530541368743616,0.57,0.20074349442379183,0.01503081800479572,0.1266666666666667,0.1266666666666667,0.23346677165807217,0.0027840640492214352,0.48309178743961345,0.5061728395061729,0.004960324903018363
FairAA_3Moment,1.0,15,0.5538100102145045,0.57,0.20074349442379183,0.01503081800479572,0.1266666666666667,0.1266666666666667,0.23320516770158706,0.0017211335673765205,0.48636607622114864,0.48738593666129904,0.0018551213779021438
FairAA_3Moment,3.0,15,0.5624514811031666,0.682,0.20100502512562815,0.04448092180434188,0.21333333333333332,0.21333333333333332,0.23303024458490185,0.0015197904950017826,0.4876006441223832,0.5080515297906603,0.0008277122007795135
FairAA_3Moment,10.0,15,0.5236567926455568,0.518,0.2098360655737705,0.01206971467194512,0.10666666666666669,0.10666666666666669,0.046002557545035905,0.01742584647288392,0.5201825013419217,0.5049919484702093,0.021284389622182834
FairAA_3Moment,30.0,15,0.5236567926455568,0.518,0.2098360655737705,0.01206971467194512,0.10666666666666669,0.10666666666666669,0.046002557545035905,0.01742584647288392,0.5201825013419217,0.5049919484702093,0.021284389622182834
FairAA_3Moment,100.0,15,0.5236567926455568,0.518,0.2098360655737705,0.01206971467194512,0.10666666666666669,0.10666666666666669,0.046002557545035905,0.01742584647288392,0.5201825013419217,0.5049919484702093,0.021284389622182834
FairAA_Adv,0.0,15,0.5486006128702757,0.568,0.19402985074626866,0.0032668694378731322,0.16000000000000003,0.16000000000000003,0.2339445403937358,0.014930706379789938,0.5178207192699946,0.5479334406870638,0.020781917877417233
FairAA_Adv,0.03,15,0.548682328907048,0.568,0.19402985074626866,0.0032668694378731322,0.16000000000000003,0.16000000000000003,0.23395450517619265,0.014667635686738567,0.5161567364465915,0.5394524959742352,0.02051545939867605
FairAA_Adv,0.1,15,0.5486823289070479,0.564,0.1925925925925926,0.00539113922013551,0.16000000000000003,0.16000000000000003,0.23395538950025963,0.014118931461003736,0.5147074610842727,0.5262479871175524,0.019960012868725212
FairAA_Adv,0.3,15,0.5495403472931563,0.564,0.1925925925925926,0.00539113922013551,0.16000000000000003,0.16000000000000003,0.2339520920833733,0.012873710350586764,0.5099302200751475,0.5336553945249598,0.0186500534684716
FairAA_Adv,1.0,15,0.5524821246169561,0.556,0.1897810218978102,0.0014322728077375002,0.16000000000000003,0.16000000000000003,0.2339146889471898,0.009952496558556956,0.4877079978529254,0.5326355340848095,0.015214334246672153
FairAA_Adv,3.0,15,0.5543615934627171,0.564,0.1865671641791045,0.020872559906017163,0.1933333333333334,0.1933333333333334,0.23377393507328004,0.006245885577740196,0.4869028448738593,0.5422973698336018,0.009526214670651104
FairAA_Adv,10.0,15,0.5541164453524003,0.524,0.18493150684931506,0.04420734160511108,0.056160376975260995,0.053333333333333344,0.23349014154056846,0.00378721479073868,0.4892646269457863,0.5276435856146001,0.003126791479671206
FairAA_Adv,30.0,15,0.5081920326864148,0.5,0.1935483870967742,0.6341428088639984,0.6431531055774464,0.56,0.03710030713180701,1.5524536585567084,0.9500268384326356,0.9599570585077831,0.24527558119929416
FairAA_Adv,100.0,15,0.5612257405515831,0.588,0.21374045801526717,0.00510146606800882,0.16666666666666663,0.16666666666666663,-0.07992809006285073,2.969388488430244,1.0,1.0,0.28645643792200254
FairPCA_AA,0.0,15,0.543370786516854,0.524,0.19594594594594594,0.013341057950723378,0.28,0.28,0.2275382515577682,0.014412140576584076,0.5143853998926462,0.5176060118089103,0.019805143227298937
FairPCA_AA,0.03,15,0.5434933605720123,0.524,0.19594594594594594,0.013341057950723378,0.28,0.28,0.2121516128113674,0.014433824322426014,0.5143853998926462,0.49634997316156737,0.01982685005450854
FairPCA_AA,0.1,15,0.54341164453524,0.524,0.19594594594594594,0.013341057950723378,0.28,0.28,0.21147629932345957,0.014430263095537132,0.5143853998926462,0.48641975308641977,0.0198232511280453
FairPCA_AA,0.3,15,0.54341164453524,0.524,0.19594594594594594,0.013341057950723378,0.28,0.28,0.21168512235916648,0.014427539645949339,0.5143853998926462,0.49425657541599577,0.019820474229050315
FairPCA_AA,1.0,15,0.5433299284984678,0.52,0.2,0.014564122370813837,0.2466666666666667,0.2466666666666667,0.21054223456417953,0.014282746794260004,0.5117015566290929,0.5089640365002683,0.019651329434209983
FairPCA_AA,3.0,15,0.5487640449438203,0.55,0.2049469964664311,0.021435813257374592,0.28,0.28,0.21349999994000446,0.01127832073413243,0.49973161567364466,0.5164251207729469,0.016162759174474756
FairPCA_AA,10.0,15,0.5458222676200204,0.552,0.2,0.0084488002703616,0.16666666666666663,0.16666666666666663,0.2117562938337748,0.0115906768644648,0.5155662909286098,0.519645732689211,0.01556590514571579
FairPCA_AA,30.0,15,0.5465168539325843,0.546,0.19217081850533807,0.004731328151402481,0.19999999999999996,0.19999999999999996,0.21175123371770654,0.011541008722611656,0.5099838969404187,0.49527643585614606,0.015650275403351517
FairPCA_AA,100.0,15,0.5467211440245148,0.548,0.19285714285714287,0.0084488002703616,0.19999999999999996,0.19999999999999996,0.21308795115050772,0.011480114839316213,0.5087493290391841,0.4902844873859367,0.015686659841538303
Raw,,16,0.5403796653796654,0.61,0.21052631578947367,0.03718476582604219,0.06666666666666665,0.06666666666666665,,,,,
AA,,16,0.5285151222651223,0.574,0.1839080459770115,0.025090066906845065,0.20512820512820512,0.20512820512820512,0.25495836982576103,0.011567586694366916,0.5157142857142857,0.49696428571428586,0.01757148062888839
FairAA,0.0,16,0.5285151222651223,0.574,0.1839080459770115,0.025090066906845065,0.20512820512820512,0.20512820512820512,0.2549584170863516,0.011567633826400414,0.5157142857142857,0.5010714285714286,0.017571480327973725
FairAA,0.03,16,0.5285955598455598,0.574,0.1839080459770115,0.025090066906845065,0.20512820512820512,0.20512820512820512,0.2549521063633645,0.011512895838442005,0.5157142857142857,0.5017857142857143,0.017512069709451076
FairAA,0.1,16,0.5282738095238095,0.574,0.1839080459770115,0.025090066906845065,0.20512820512820512,0.20512820512820512,0.25495152999987114,0.01113039881592287,0.5155357142857142,0.49857142857142855,0.017010827260428896
FairAA,0.3,16,0.5281933719433719,0.574,0.1839080459770115,0.017048378795676777,0.20512820512820512,0.20512820512820512,0.2549005715349426,0.009062151207480218,0.5075000000000001,0.4883928571428572,0.013880006144596104
FairAA,1.0,16,0.5290379665379665,0.574,0.19011406844106463,0.008427689140504346,0.24358974358974356,0.24358974358974356,0.25448331880947617,0.0062182029517096615,0.49571428571428566,0.53375,0.005882828465569885
FairAA,3.0,16,0.5370415057915058,0.526,0.20202020202020202,0.014668039114770992,0.3641025641025641,0.3641025641025641,0.25405642371663295,0.006474766746624505,0.4903571428571428,0.6178571428571429,0.0012683089670399602
FairAA,10.0,16,0.5273688867438868,0.624,0.1896551724137931,0.013381369016984002,0.34358974358974353,0.34358974358974353,0.032672087226492064,0.015623955389208466,0.5296428571428571,0.5225,0.016170632770377776
FairAA,30.0,16,0.5273688867438868,0.624,0.1896551724137931,0.013381369016984002,0.34358974358974353,0.34358974358974353,0.032672087226492064,0.015623955389208466,0.5296428571428571,0.5225,0.016170632770377776
FairAA,100.0,16,0.5273688867438868,0.624,0.1896551724137931,0.013381369016984002,0.34358974358974353,0.34358974358974353,0.032672087226492064,0.015623955389208466,0.5296428571428571,0.5225,0.016170632770377776
FairAA_3Moment,0.0,16,0.5285151222651223,0.574,0.1839080459770115,0.025090066906845065,0.20512820512820512,0.20512820512820512,0.2549584213525855,0.011567044520166714,0.5157142857142857,0.5010714285714286,0.017571480525950398
FairAA_3Moment,0.03,16,0.5273889961389961,0.574,0.1839080459770115,0.025090066906845065,0.20512820512820512,0.20512820512820512,0.25487883266162137,0.007538199730073747,0.5055357142857143,0.49857142857142855,0.012003809320558756
FairAA_3Moment,0.1,16,0.5271879021879021,0.57,0.18250950570342206,0.01646937725167269,0.20512820512820512,0.20512820512820512,0.2546986781494066,0.0053111676398581165,0.4926785714285714,0.4951785714285714,0.008326179153214526
FairAA_3Moment,0.3,16,0.5276705276705276,0.572,0.19548872180451127,0.003538342768914071,0.21025641025641023,0.21025641025641023,0.2543520342844511,0.0038098385863601925,0.495,0.50625,0.005048177766819986
FairAA_3Moment,1.0,16,0.5277107464607464,0.572,0.19548872180451127,0.01254503345342256,0.2820512820512821,0.2820512820512821,0.25355904677519137,0.0030255751870022496,0.4903571428571428,0.5196428571428572,0.0023811320039525854
FairAA_3Moment,3.0,16,0.5493886743886743,0.542,0.22372881355932203,0.0008363355635614966,0.023076923076923106,0.023076923076923106,0.25293696915052755,0.0027847977023471304,0.49017857142857146,0.5369642857142857,0.0010500301291138457
FairAA_3Moment,10.0,16,0.5453869047619048,0.572,0.2074074074074074,0.018463715903242417,0.14358974358974352,0.14358974358974352,-0.09743364552258349,0.014834191977434519,0.5239285714285714,0.5048214285714285,0.021110451463827413
FairAA_3Moment,30.0,16,0.5453869047619048,0.572,0.2074074074074074,0.018463715903242417,0.14358974358974352,0.14358974358974352,-0.09743364552258349,0.014834191977434519,0.5239285714285714,0.5048214285714285,0.021110451463827413
FairAA_3Moment,100.0,16,0.5453869047619048,0.572,0.2074074074074074,0.018463715903242417,0.14358974358974352,0.14358974358974352,-0.09743364552258349,0.014834191977434519,0.5239285714285714,0.5048214285714285,0.021110451463827413
FairAA_Adv,0.0,16,0.5285151222651223,0.574,0.1839080459770115,0.025090066906845065,0.20512820512820512,0.20512820512820512,0.2549584170863516,0.011567633826400414,0.5157142857142857,0.5010714285714286,0.017571480327973725
FairAA_Adv,0.03,16,0.5283944658944659,0.574,0.1839080459770115,0.025090066906845065,0.20512820512820512,0.20512820512820512,0.2549578485520857,0.011408848702220808,0.5169642857142857,0.5030357142857143,0.017366142913365124
FairAA_Adv,0.1,16,0.5285955598455598,0.572,0.183206106870229,0.020779722079258878,0.20512820512820512,0.20512820512820512,0.2549561412419603,0.011080134126380814,0.5141071428571429,0.5035714285714287,0.01692900456944507
FairAA_Adv,0.3,16,0.5286759974259975,0.574,0.1839080459770115,0.025090066906845065,0.20512820512820512,0.20512820512820512,0.2549485134135586,0.010314489544601901,0.5125,0.4983928571428572,0.01585393879746164
FairAA_Adv,1.0,16,0.5287564350064351,0.576,0.18461538461538463,0.021358723623262965,0.20512820512820512,0.20512820512820512,0.254908986210463,0.008764407449746714,0.5026785714285715,0.48892857142857143,0.013330955557313234
FairAA_Adv,3.0,16,0.5296814671814672,0.574,0.19622641509433963,0.015890375707668547,0.21025641025641023,0.21025641025641023,0.2547721602640748,0.006972372672131577,0.4973214285714286,0.48,0.009175863269367673
FairAA_Adv,10.0,16,0.4845157657657657,0.326,0.2033096926713948,0.013767370046320115,0.06923076923076932,0.06923076923076932,0.25443708194094805,0.0061038731931032375,0.4935714285714286,0.5344642857142856,0.004257624645877399
FairAA_Adv,30.0,16,0.5015685328185329,0.49,0.18006430868167203,0.00257334019557387,0.0028963041527290123,0.0,0.25409711855376826,0.006470500605761764,0.49160714285714285,0.6155357142857143,0.001941216643812681
FairAA_Adv,100.0,16,0.4814993564993565,0.53,0.18118466898954705,0.9956896551724138,1.0,1.0,-0.2519525668653606,2.6687769597363014,0.9974999999999999,0.9957142857142858,0.26438354970309524
FairPCA_AA,0.0,16,0.52127574002574,0.586,0.18823529411764706,0.0509521358723623,0.13333333333333336,0.13333333333333336,0.22785559673863032,0.010776614660200079,0.5266071428571429,0.5264285714285715,0.015498587742477829
FairPCA_AA,0.03,16,0.52127574002574,0.586,0.18823529411764706,0.0509521358723623,0.13333333333333336,0.13333333333333336,0.21535836376988937,0.010776619842046975,0.5266071428571429,0.5264285714285715,0.015498596068973865
FairPCA_AA,0.1,16,0.52127574002574,0.586,0.18823529411764706,0.0509521358723623,0.13333333333333336,0.13333333333333336,0.21495502318792636,0.010776609545917193,0.5266071428571429,0.5264285714285715,0.015498577685120044
FairPCA_AA,0.3,16,0.52127574002574,0.586,0.18823529411764706,0.0509521358723623,0.13333333333333336,0.13333333333333336,0.21381514855183548,0.010777390766424366,0.5266071428571429,0.5282142857142857,0.015498741005533332
FairPCA_AA,1.0,16,0.521074646074646,0.584,0.1875,0.046641791044776115,0.13333333333333336,0.13333333333333336,0.21343429419483295,0.010873230699404601,0.5239285714285715,0.5151785714285715,0.015553710568430218
FairPCA_AA,3.0,16,0.5517213642213642,0.59,0.20233463035019456,0.026248069994853296,0.1384615384615384,0.1384615384615384,0.2244806978897026,0.010519883147459552,0.49642857142857144,0.5121428571428572,0.014515954719434227
FairPCA_AA,10.0,16,0.5221605534105533,0.57,0.18867924528301888,0.015890375707668547,0.1717948717948718,0.1717948717948718,0.23945093071525503,0.007576562165061307,0.5007142857142857,0.46732142857142855,0.01293416752173185
FairPCA_AA,30.0,16,0.5561856499356499,0.604,0.2204724409448819,0.039179104477611915,0.14358974358974352,0.14358974358974352,0.22694417211675078,0.010905474363194112,0.49857142857142855,0.5366071428571428,0.012967621084435532
FairPCA_AA,100.0,16,0.5217583655083654,0.572,0.19548872180451127,0.003538342768914071,0.21025641025641023,0.21025641025641023,0.24039936562579278,0.007758433370104734,0.5037499999999999,0.46053571428571427,0.0130950747253599
Raw,,17,0.4921171171171171,0.576,0.18461538461538463,0.08569222851260938,0.15384615384615385,0.15384615384615385,,,,,
AA,,17,0.5092503217503217,0.532,0.19310344827586207,0.10917395779722078,0.14358974358974358,0.14358974358974358,0.22421490517850462,0.03236886795271654,0.5728571428571428,0.5666071428571428,0.03516998956325507
FairAA,0.0,17,0.5092503217503217,0.532,0.19310344827586207,0.10917395779722078,0.14358974358974358,0.14358974358974358,0.22422203233571558,0.032369793018696524,0.5728571428571428,0.5680357142857143,0.035169773020843835
FairAA,0.03,17,0.5091698841698841,0.53,0.19243986254295534,0.11290530108080282,0.14358974358974358,0.14358974358974358,0.22426350452647703,0.03218814140930554,0.5728571428571428,0.5705357142857143,0.03506359170634646
FairAA,0.1,17,0.5090492277992278,0.534,0.19377162629757785,0.10544261451363873,0.14358974358974358,0.14358974358974358,0.2242793465417272,0.030723096988814647,0.5726785714285714,0.5533928571428571,0.03409780426769466
FairAA,0.3,17,0.5085263835263836,0.524,0.1793103448275862,0.07700720535254757,0.07701721465285144,0.07692307692307693,0.2241509090145838,0.02204467912103575,0.5510714285714285,0.5358928571428571,0.027607530771379552
FairAA,1.0,17,0.5076817889317888,0.532,0.19863013698630136,0.02013638703036541,0.038461538461538436,0.038461538461538436,0.22288818243818376,0.008730011161214635,0.5058928571428571,0.6235714285714286,0.009805827583659055
FairAA,3.0,17,0.52626287001287,0.586,0.19455252918287938,0.0021230056613484316,0.0435897435897436,0.0435897435897436,0.2216704588013354,0.009037469010998389,0.49660714285714286,0.6830357142857143,0.0018947796478734913
FairAA,10.0,17,0.5193854568854569,0.684,0.14130434782608695,0.02727740607308285,0.07435897435897434,0.07435897435897434,0.028543440060052605,0.011253928508437427,0.5141071428571429,0.5378571428571428,0.021464212444313003
FairAA,30.0,17,0.5193854568854569,0.684,0.14130434782608695,0.02727740607308285,0.07435897435897434,0.07435897435897434,0.028543440060052605,0.011253928508437427,0.5141071428571429,0.5378571428571428,0.021464212444313003
FairAA,100.0,17,0.5193854568854569,0.684,0.14130434782608695,0.02727740607308285,0.07435897435897434,0.07435897435897434,0.028543440060052605,0.011253928508437427,0.5141071428571429,0.5378571428571428,0.021464212444313003
FairAA_3Moment,0.0,17,0.5092503217503217,0.532,0.19310344827586207,0.10917395779722078,0.14358974358974358,0.14358974358974358,0.22422203632087567,0.03236961482793699,0.5728571428571428,0.5680357142857143,0.03516977502381277
FairAA_3Moment,0.03,17,0.5079231016731016,0.53,0.18685121107266436,0.05719248584662889,0.059557803704005874,0.038461538461538436,0.22403813818654084,0.01917508264718748,0.5401785714285715,0.5214285714285714,0.024355150776113502
FairAA_3Moment,0.1,17,0.5068371943371943,0.53,0.19243986254295534,0.03248841996911994,0.036591335563351535,0.0,0.22349810184702157,0.011070051674012149,0.5133928571428571,0.5305357142857142,0.015713155336645048
FairAA_3Moment,0.3,17,0.5063545688545689,0.534,0.19931271477663232,0.01640504374678331,0.038461538461538436,0.038461538461538436,0.22261023634306198,0.006317999633781324,0.5096428571428572,0.5694642857142856,0.00904934338300263
FairAA_3Moment,1.0,17,0.5051480051480051,0.53,0.19795221843003413,0.007784354091610879,0.038461538461538436,0.038461538461538436,0.22133482482762057,0.004052388711033417,0.4917857142857144,0.5623214285714286,0.003906766359754561
FairAA_3Moment,3.0,17,0.5108188545688546,0.484,0.19375,0.012030365414307798,0.043589743589743546,0.043589743589743546,0.22013458959171528,0.003125029307813776,0.48946428571428574,0.5503571428571428,0.0016326218910842055
FairAA_3Moment,10.0,17,0.4975868725868726,0.574,0.20817843866171004,0.07906587750900668,0.28717948717948716,0.28717948717948716,-0.20878482054819547,0.009434447141534685,0.5153571428571428,0.5232142857142857,0.020911134942386358
FairAA_3Moment,30.0,17,0.4975868725868726,0.574,0.20817843866171004,0.07906587750900668,0.28717948717948716,0.28717948717948716,-0.20878482054819547,0.009434447141534685,0.5153571428571428,0.5232142857142857,0.020911134942386358
FairAA_3Moment,100.0,17,0.4975868725868726,0.574,0.20817843866171004,0.07906587750900668,0.28717948717948716,0.28717948717948716,-0.20878482054819547,0.009434447141534685,0.5153571428571428,0.5232142857142857,0.020911134942386358
FairAA_Adv,0.0,17,0.5092503217503217,0.532,0.19310344827586207,0.10917395779722078,0.14358974358974358,0.14358974358974358,0.22422203233571558,0.032369793018696524,0.5728571428571428,0.5680357142857143,0.035169773020843835
FairAA_Adv,0.03,17,0.5090090090090089,0.53,0.19243986254295534,0.11290530108080282,0.14358974358974358,0.14358974358974358,0.22425881109984236,0.03178153070348949,0.5741071428571428,0.5717857142857143,0.03480976383838211
FairAA_Adv,0.1,17,0.5090894465894465,0.526,0.19112627986348124,0.10428461142563045,0.14358974358974358,0.14358974358974358,0.2242727409650972,0.030581868281998603,0.5726785714285714,0.5469642857142857,0.034036955739303286
FairAA_Adv,0.3,17,0.508445945945946,0.522,0.19528619528619529,0.09508492022645398,0.10512820512820509,0.10512820512820509,0.22426241539850245,0.02784805225720549,0.5641071428571428,0.5321428571428571,0.03215789303047787
FairAA_Adv,1.0,17,0.5084459459459459,0.52,0.1891891891891892,0.06722851260936691,0.07179487179487176,0.07179487179487176,0.2241660266687867,0.02137847693564915,0.5494642857142857,0.5373214285714285,0.027141217359077135
FairAA_Adv,3.0,17,0.5273085585585586,0.534,0.19377162629757785,0.04915079773546066,0.07179487179487176,0.07179487179487176,0.22377644574792732,0.013730165797879168,0.5217857142857143,0.5517857142857142,0.019094031237111522
FairAA_Adv,10.0,17,0.5404601029601029,0.64,0.1891891891891892,0.03235975295934124,0.05384615384615388,0.05384615384615388,0.2227250385885664,0.008891384554945092,0.50125,0.6582142857142858,0.0083025599879789
FairAA_Adv,30.0,17,0.5938304375804376,0.77,0.21768707482993196,0.03840710241893977,0.041025641025641046,0.041025641025641046,0.221906263772072,0.009316412042532973,0.49000000000000005,0.6960714285714286,0.0029533701763534512
FairAA_Adv,100.0,17,0.47172619047619047,0.464,0.18787878787878787,0.9741379310344828,0.9757281553398058,0.9615384615384616,-0.7493010212755642,3.1159850210232882,1.0,1.0,0.2235358187604982
FairPCA_AA,0.0,17,0.5157657657657657,0.496,0.19230769230769232,0.11888831703551206,0.1384615384615384,0.1384615384615384,0.2294912502853308,0.0336015792090914,0.5635714285714286,0.5358928571428571,0.033134754933769356
FairPCA_AA,0.03,17,0.5156652187902189,0.496,0.19230769230769232,0.11888831703551206,0.1384615384615384,0.1384615384615384,0.2130011272341834,0.033603628852041934,0.5635714285714286,0.5355357142857142,0.033135524864830644
FairPCA_AA,0.1,17,0.5157657657657657,0.496,0.19230769230769232,0.11888831703551206,0.1384615384615384,0.1384615384615384,0.21229680989829092,0.033599610278013725,0.5635714285714286,0.5344642857142856,0.03313378590203637
FairPCA_AA,0.3,17,0.515725546975547,0.496,0.19230769230769232,0.11888831703551206,0.1384615384615384,0.1384615384615384,0.21197002548567045,0.03359467249888154,0.5635714285714286,0.5382142857142858,0.03313225481972296
FairPCA_AA,1.0,17,0.5165701415701416,0.496,0.19230769230769232,0.11888831703551206,0.1384615384615384,0.1384615384615384,0.21267593083335457,0.03313506585634024,0.5621428571428572,0.54125,0.03300149426952489
FairPCA_AA,3.0,17,0.5181386743886744,0.52,0.19463087248322147,0.09077457539886774,0.1769230769230769,0.1769230769230769,0.21696811292898321,0.03153963103200502,0.5646428571428572,0.5471428571428573,0.032793768194767835
FairPCA_AA,10.0,17,0.5178571428571428,0.506,0.1848184818481848,0.10138960370560984,0.14358974358974358,0.14358974358974358,0.22018960552198874,0.03141081288925762,0.5698214285714285,0.5496428571428572,0.0332703442056256
FairPCA_AA,30.0,17,0.5168114543114543,0.508,0.18543046357615894,0.10569994853319603,0.14358974358974358,0.14358974358974358,0.22053400710157545,0.03144919916894684,0.5723214285714284,0.5442857142857143,0.03354378918365547
FairPCA_AA,100.0,17,0.5125482625482625,0.512,0.18120805369127516,0.1148996397323726,0.18205128205128202,0.18205128205128202,0.22084314212985634,0.031069807988116815,0.5673214285714285,0.5487500000000001,0.033732360425952526
Raw,,18,0.5977936670071501,0.6,0.21875,0.0011104137498189615,0.16666666666666663,0.16666666666666663,,,,,
AA,,18,0.5587742594484167,0.546,0.20350877192982456,0.05037094256425112,0.28,0.28,0.23033696367784096,0.005511955701794746,0.4953837895866881,0.47906602254428343,0.010440466898348289
FairAA,0.0,18,0.5587742594484167,0.546,0.20350877192982456,0.05037094256425112,0.28,0.28,0.2303368167249461,0.005511920958787497,0.4953837895866881,0.47761674718196456,0.01044001968398157
FairAA,0.03,18,0.5589785495403473,0.546,0.20350877192982456,0.05037094256425112,0.28,0.28,0.23033036916698624,0.0055014153341454985,0.4953837895866881,0.480300590445518,0.01042319954617976
FairAA,0.1,18,0.5587334014300307,0.548,0.20422535211267606,0.046653470445292,0.28,0.28,0.23033013958721082,0.005357768303245247,0.4949543746645196,0.46661298980139565,0.010138669479380908
FairAA,0.3,18,0.5579979570990807,0.55,0.2049469964664311,0.04293599832633288,0.28,0.28,0.23028297422326216,0.004526580762664323,0.49425657541599566,0.46709608158883525,0.008358137828955949
FairAA,1.0,18,0.5554239019407559,0.548,0.20422535211267606,0.030560517549365174,0.28,0.28,0.2301747044463166,0.0032872066126554134,0.48400429414922164,0.48459473966720346,0.0031171721938107687
FairAA,3.0,18,0.550602655771195,0.534,0.18815331010452963,0.04171293390624248,0.34666666666666673,0.34666666666666673,0.23004190532027324,0.0032477903410025877,0.48276972624798714,0.5336017176596887,0.0005111589717817789
FairAA,10.0,18,0.5439836567926456,0.61,0.22924901185770752,0.027969552133120912,0.20666666666666667,0.20666666666666667,0.10992756070423859,0.008679622303915502,0.503113258185722,0.47455716586151364,0.015184385037518379
FairAA,30.0,18,0.5439836567926456,0.61,0.22924901185770752,0.027969552133120912,0.20666666666666667,0.20666666666666667,0.10992756070423859,0.008679622303915502,0.503113258185722,0.47455716586151364,0.015184385037518379
FairAA,100.0,18,0.5439836567926456,0.61,0.22924901185770752,0.027969552133120912,0.20666666666666667,0.20666666666666667,0.10992756070423859,0.008679622303915502,0.503113258185722,0.47455716586151364,0.015184385037518379
FairAA_3Moment,0.0,18,0.5587742594484167,0.546,0.20350877192982456,0.05037094256425112,0.28,0.28,0.23033682090037189,0.005511714638656684,0.4953837895866881,0.47761674718196456,0.010440019916959198
FairAA_3Moment,0.03,18,0.5575485188968334,0.548,0.20422535211267606,0.03860699399732853,0.28,0.28,0.23028583942411918,0.00391439326312637,0.4853462157809984,0.4501341921631776,0.007230204633684915
FairAA_3Moment,0.1,18,0.5570990806945864,0.55,0.2049469964664311,0.03488952187836947,0.28,0.28,0.23023178933516864,0.0031707400973085553,0.4860976918947933,0.4784219001610306,0.00524671665193116
FairAA_3Moment,0.3,18,0.5556281920326864,0.55,0.2049469964664311,0.03488952187836947,0.28,0.28,0.23007125556900554,0.002301991980833251,0.47761674718196456,0.5015029522275898,0.0022932004504705957
FairAA_3Moment,1.0,18,0.5552604698672114,0.55,0.2049469964664311,0.03488952187836947,0.28,0.28,0.22991842097303483,0.001810451526146839,0.48276972624798714,0.5217391304347826,0.000944676729162857
FairAA_3Moment,3.0,18,0.5448008171603678,0.544,0.19718309859154928,0.05469994689325547,0.24,0.24,0.22972905352534334,0.0016593541746594553,0.4815351583467525,0.519645732689211,0.00036429117379059225
FairAA_3Moment,10.0,18,0.5623289070480081,0.592,0.22137404580152673,0.013147942515972288,0.20666666666666667,0.20666666666666667,0.11500325047014415,0.007881088206683984,0.4609232420826624,0.49559849704777237,0.012640846615602516
FairAA_3Moment,30.0,18,0.5623289070480081,0.592,0.22137404580152673,0.013147942515972288,0.20666666666666667,0.20666666666666667,0.11500325047014415,0.007881088206683984,0.4609232420826624,0.49559849704777237,0.012640846615602516
FairAA_3Moment,100.0,18,0.5623289070480081,0.592,0.22137404580152673,0.013147942515972288,0.20666666666666667,0.20666666666666667,0.11500325047014415,0.007881088206683984,0.4609232420826624,0.49559849704777237,0.012640846615602516
FairAA_Adv,0.0,18,0.5587742594484167,0.546,0.20350877192982456,0.05037094256425112,0.28,0.28,0.2303368167249461,0.005511920958787497,0.4953837895866881,0.47761674718196456,0.01044001968398157
FairAA_Adv,0.03,18,0.5586516853932585,0.548,0.20422535211267606,0.046653470445292,0.28,0.28,0.23032988331083348,0.005458358928424389,0.4924852388620504,0.49060654857756314,0.010332378524832878
FairAA_Adv,0.1,18,0.5583656792645556,0.548,0.20422535211267606,0.046653470445292,0.28,0.28,0.2303250023461456,0.005348549965555505,0.4935050993022007,0.4709608158883521,0.01011112379893838
FairAA_Adv,0.3,18,0.5580388151174668,0.542,0.20209059233449478,0.04975941035420589,0.28,0.28,0.23032120714972748,0.005085948428981246,0.49329039184111645,0.46645195920558236,0.009562478023254656
FairAA_Adv,1.0,18,0.5567313585291114,0.542,0.20209059233449478,0.04171293390624248,0.28,0.28,0.23030429642398886,0.004457742507721074,0.491358024691358,0.463768115942029,0.008067904700164852
FairAA_Adv,3.0,18,0.5555873340143004,0.542,0.20209059233449478,0.02561998101031554,0.28,0.28,0.23024742365782447,0.003666143153574941,0.4857219538378958,0.48539989264626937,0.00562822121425098
FairAA_Adv,10.0,18,0.556976506639428,0.662,0.22119815668202766,0.014837702570044575,0.22666666666666674,0.22666666666666674,0.23010711111666182,0.00317431890214126,0.47761674718196456,0.5133118625872248,0.002373845953626101
FairAA_Adv,30.0,18,0.5400612870275792,0.646,0.2062780269058296,0.0049566294919454745,0.26000000000000006,0.26000000000000006,0.22997314995842744,0.003192784509603197,0.47863660762211485,0.5603864734299517,0.0009697442422428986
FairAA_Adv,100.0,18,0.47963227783452506,0.446,0.17804154302670624,0.9276299908270168,1.0,1.0,-0.08118321883812074,3.092026600350106,1.0,1.0,0.2935913227448226
FairPCA_AA,0.0,18,0.5576302349336058,0.538,0.20069204152249134,0.01522393343954681,0.28,0.28,0.23054689644591908,0.005898077770132126,0.5159957058507783,0.5050456253354805,0.011213620005483746
FairPCA_AA,0.03,18,0.5576302349336058,0.538,0.20069204152249134,0.01522393343954681,0.28,0.28,0.20955206934102943,0.005897888613429214,0.5159957058507783,0.5139023081052067,0.01121361772580324
FairPCA_AA,0.1,18,0.5576302349336058,0.538,0.20069204152249134,0.01522393343954681,0.28,0.28,0.2087177385762371,0.005898001915016882,0.5159957058507783,0.5087493290391841,0.011213595689937508
FairPCA_AA,0.3,18,0.5576302349336058,0.538,0.20069204152249134,0.01522393343954681,0.28,0.28,0.20834378370074869,0.00589746514080175,0.5159957058507783,0.5139023081052068,0.011214530819844826
FairPCA_AA,1.0,18,0.5570990806945862,0.542,0.20761245674740483,0.02327040988751028,0.31999999999999995,0.31999999999999995,0.20904199335327778,0.005782704605444111,0.5159957058507783,0.5190552871712292,0.011287849700928507
FairPCA_AA,3.0,18,0.5546067415730337,0.556,0.21830985915492956,0.017718341138415472,0.2866666666666666,0.2866666666666666,0.21570570097552932,0.004688572383987344,0.5077294685990338,0.49436392914653793,0.0114026617599255
FairPCA_AA,10.0,18,0.5531358529111338,0.538,0.20618556701030927,0.0002574872463348421,0.2466666666666667,0.2466666666666667,0.22086564157441968,0.004828010994494869,0.5147611379495437,0.48819108964036495,0.012257993247762939
FairPCA_AA,30.0,18,0.5542798774259448,0.542,0.20761245674740483,0.0008690194563800713,0.2466666666666667,0.2466666666666667,0.22184700012895675,0.005030256298552804,0.5120772946859903,0.4811594202898551,0.012625279574364302
FairPCA_AA,100.0,18,0.5545250255362615,0.544,0.20833333333333334,0.0028484526625790485,0.2466666666666667,0.2466666666666667,0.2223614492034548,0.005113497157873903,0.5108427267847557,0.4958132045088567,0.012750021958421696
Raw,,19,0.5926238738738738,0.598,0.22988505747126436,0.04921513124034993,0.07692307692307687,0.07692307692307687,,,,,
AA,,19,0.5179979086229086,0.502,0.18360655737704917,0.012352032938754476,0.07179487179487176,0.07179487179487176,0.24920397790727566,0.014173109926829353,0.531607142857143,0.48732142857142857,0.022364899351508136
FairAA,0.0,19,0.5179979086229086,0.502,0.18360655737704917,0.012352032938754476,0.07179487179487176,0.07179487179487176,0.2492039779072751,0.014173110365762798,0.531607142857143,0.48732142857142857,0.02236489983038842
FairAA,0.03,19,0.5180381274131275,0.502,0.18360655737704917,0.012352032938754476,0.07179487179487176,0.07179487179487176,0.24919534169715418,0.014083195617539623,0.5301785714285715,0.5019642857142858,0.022285558120315862
FairAA,0.1,19,0.5179979086229087,0.502,0.18360655737704917,0.012352032938754476,0.07179487179487176,0.07179487179487176,0.24919406947035883,0.013291444778548267,0.5255357142857143,0.5112500000000001,0.021555571194865574
FairAA,0.3,19,0.5175152831402832,0.5,0.1830065359477124,0.008041688111168233,0.07179487179487176,0.07179487179487176,0.2490903494477431,0.009136730700408713,0.5167857142857143,0.4982142857142858,0.017008745304882143
FairAA,1.0,19,0.518882722007722,0.494,0.1758957654723127,0.004310344827586188,0.033333333333333326,0.033333333333333326,0.2484717104429095,0.004278738582208452,0.4989285714285715,0.5210714285714286,0.005848865393384201
FairAA,3.0,19,0.5172538610038611,0.516,0.18243243243243243,0.01897838394235718,0.033333333333333326,0.033333333333333326,0.2480007623589363,0.0041765463102309,0.49589285714285714,0.5823214285714287,0.0012586768091367103
FairAA,10.0,19,0.5312902187902188,0.436,0.19428571428571428,0.0033453422542460975,0.015384615384615441,0.015384615384615441,0.1134938829650387,0.010722212481635185,0.4987500000000001,0.5180357142857143,0.01489670676503406
FairAA,30.0,19,0.5312902187902188,0.436,0.19428571428571428,0.0033453422542460975,0.015384615384615441,0.015384615384615441,0.1134938829650387,0.010722212481635185,0.4987500000000001,0.5180357142857143,0.01489670676503406
FairAA,100.0,19,0.5312902187902188,0.436,0.19428571428571428,0.0033453422542460975,0.015384615384615441,0.015384615384615441,0.1134938829650387,0.010722212481635185,0.4987500000000001,0.5180357142857143,0.01489670676503406
FairAA_3Moment,0.0,19,0.5179979086229086,0.502,0.18360655737704917,0.012352032938754476,0.07179487179487176,0.07179487179487176,0.24920398236134111,0.014173110385814758,0.531607142857143,0.48732142857142857,0.02236490112179069
FairAA_3Moment,0.03,19,0.5177163770913771,0.496,0.17647058823529413,0.008041688111168233,0.033333333333333326,0.033333333333333326,0.2490332356910271,0.00692214168560934,0.5112500000000001,0.49571428571428566,0.01446753637327928
FairAA_3Moment,0.1,19,0.5185810810810811,0.494,0.1758957654723127,0.004310344827586188,0.033333333333333326,0.033333333333333326,0.24876704915312908,0.004269352905297952,0.49589285714285714,0.5042857142857142,0.00941380794919308
FairAA_3Moment,0.3,19,0.5199083011583012,0.488,0.17419354838709677,0.0011580030880081749,0.033333333333333326,0.033333333333333326,0.24830795783351856,0.002714321435167699,0.4925,0.48375,0.0050336949005732184
FairAA_3Moment,1.0,19,0.5189430501930501,0.484,0.17307692307692307,0.0017370046320124288,0.033333333333333326,0.033333333333333326,0.2474240013468222,0.0018710195420966746,0.4892857142857142,0.5,0.0019388704465279384
FairAA_3Moment,3.0,19,0.5201093951093951,0.594,0.18473895582329317,0.011644364384971684,0.04871794871794871,0.04871794871794871,0.2470436327078236,0.001608588039797909,0.48910714285714285,0.5135714285714286,0.0007198700031699491
FairAA_3Moment,10.0,19,0.5129705598455598,0.494,0.1864951768488746,0.010615028306742214,0.038461538461538436,0.038461538461538436,0.0968041081957427,0.01524876370872097,0.5196428571428572,0.4708928571428571,0.023664773714869882
FairAA_3Moment,30.0,19,0.5129705598455598,0.494,0.1864951768488746,0.010615028306742214,0.038461538461538436,0.038461538461538436,0.0968041081957427,0.01524876370872097,0.5196428571428572,0.4708928571428571,0.023664773714869882
FairAA_3Moment,100.0,19,0.5129705598455598,0.494,0.1864951768488746,0.010615028306742214,0.038461538461538436,0.038461538461538436,0.0968041081957427,0.01524876370872097,0.5196428571428572,0.4708928571428571,0.023664773714869882
FairAA_Adv,0.0,19,0.5179979086229086,0.502,0.18360655737704917,0.012352032938754476,0.07179487179487176,0.07179487179487176,0.2492039779072751,0.014173110365762798,0.531607142857143,0.48732142857142857,0.02236489983038842
FairAA_Adv,0.03,19,0.518118564993565,0.502,0.18360655737704917,0.012352032938754476,0.07179487179487176,0.07179487179487176,0.24920080655466204,0.013905551935805838,0.5244642857142857,0.4996428571428571,0.022109367560994363
FairAA_Adv,0.1,19,0.5174348455598456,0.5,0.1830065359477124,0.01608337622233663,0.07179487179487176,0.07179487179487176,0.24919569702488487,0.013352510561518649,0.5255357142857143,0.5021428571428571,0.02157376227851179
FairAA_Adv,0.3,19,0.5179576898326899,0.498,0.18241042345276873,0.011773031394750388,0.07179487179487176,0.07179487179487176,0.24918068478451139,0.01207594431875092,0.515,0.5139285714285714,0.020263969433076304
FairAA_Adv,1.0,19,0.5175555019305019,0.496,0.18181818181818182,0.007462686567164201,0.07179487179487176,0.07179487179487176,0.24911070731241258,0.0092528872555947,0.5073214285714285,0.51125,0.01688986814279461
FairAA_Adv,3.0,19,0.5188626126126126,0.48,0.17721518987341772,0.005146680391147629,0.07179487179487176,0.07179487179487176,0.24890838714409513,0.006002777078875643,0.5010714285714286,0.5012500000000001,0.0112394455444136
FairAA_Adv,10.0,19,0.4747627091377091,0.482,0.17252396166134185,0.018077714873906303,0.033333333333333326,0.033333333333333326,0.24849312205620322,0.004395246169133615,0.49642857142857144,0.5435714285714285,0.004964329124743872
FairAA_Adv,30.0,19,0.5233671171171171,0.47,0.18960244648318042,0.38394235717961916,0.38717948717948714,0.38717948717948714,0.18174094102343463,0.3690560278943615,0.7828571428571429,0.8087499999999999,0.10493838587800626
FairAA_Adv,100.0,19,0.5320945945945945,0.522,0.18983050847457628,0.9738805970149254,0.9789915966386554,0.9333333333333333,-0.07400775937118498,2.906471795820816,0.9957142857142858,0.9971428571428571,0.27065427522263447
FairPCA_AA,0.0,19,0.5445624195624197,0.474,0.1806853582554517,0.00032166752444673374,0.038461538461538436,0.038461538461538436,0.23814455696339976,0.014792925861926876,0.5253571428571429,0.5244642857142857,0.022223774271359034
FairPCA_AA,0.03,19,0.5445624195624197,0.474,0.1806853582554517,0.00032166752444673374,0.038461538461538436,0.038461538461538436,0.22655797717291015,0.014792866604975197,0.5253571428571429,0.5257142857142857,0.022223731790899037
FairPCA_AA,0.1,19,0.5445624195624197,0.474,0.1806853582554517,0.00032166752444673374,0.038461538461538436,0.038461538461538436,0.2246028908886334,0.014792673364307729,0.5253571428571429,0.5244642857142857,0.02222322103055402
FairPCA_AA,0.3,19,0.5445222007722008,0.474,0.1806853582554517,0.00032166752444673374,0.038461538461538436,0.038461538461538436,0.225101934769377,0.01479275203862368,0.5253571428571429,0.5244642857142857,0.022223381939295923
FairPCA_AA,1.0,19,0.5439993564993565,0.472,0.18012422360248448,0.011451363870303655,0.038461538461538436,0.038461538461538436,0.22271533280633293,0.014774049130237277,0.5253571428571429,0.5325,0.022215012099555984
FairPCA_AA,3.0,19,0.5428732303732304,0.47,0.18461538461538463,0.0014796706124550196,0.00512820512820511,0.00512820512820511,0.2247277762377623,0.014640980284757077,0.5241071428571429,0.5364285714285715,0.022149502547965504
FairPCA_AA,10.0,19,0.5413851351351351,0.474,0.18575851393188855,0.0009006690684507657,0.00512820512820511,0.00512820512820511,0.2273569731944879,0.014642813151948375,0.5244642857142857,0.5310714285714285,0.022303950293031394
FairPCA_AA,30.0,19,0.5330598455598456,0.494,0.19169329073482427,0.01408903757076685,0.07692307692307687,0.07692307692307687,0.22820534586716845,0.014384050517597391,0.5223214285714286,0.5196428571428572,0.0214676332361504
FairPCA_AA,100.0,19,0.5232866795366795,0.502,0.18892508143322476,0.004310344827586188,0.1102564102564102,0.1102564102564102,0.2301425797090758,0.014913797403022344,0.5269642857142858,0.5141071428571429,0.021638566881595805
Raw,,20,0.48773326898326896,0.588,0.18253968253968253,0.03975810602161606,0.1923076923076923,0.1923076923076923,,,,,
AA,,20,0.5322956885456885,0.606,0.20883534136546184,0.011644364384971684,0.07692307692307693,0.07692307692307693,0.22464902319243152,0.007862883171893209,0.5030357142857143,0.5328571428571428,0.013264897030806147
FairAA,0.0,20,0.5322956885456885,0.606,0.20883534136546184,0.011644364384971684,0.07692307692307693,0.07692307692307693,0.22464818806517517,0.00786307861118446,0.5030357142857143,0.5339285714285713,0.01326605177668539
FairAA,0.03,20,0.5322554697554698,0.606,0.20883534136546184,0.011644364384971684,0.07692307692307693,0.07692307692307693,0.22464547319536077,0.00785508921681316,0.5028571428571429,0.5342857142857144,0.013231920566756821
FairAA,0.1,20,0.5322554697554698,0.606,0.20883534136546184,0.011644364384971684,0.07692307692307693,0.07692307692307693,0.22464224076506345,0.007729214064454204,0.5066071428571428,0.5378571428571429,0.01286968632627021
FairAA,0.3,20,0.5332207207207207,0.598,0.20553359683794467,0.003281008749356662,0.07692307692307693,0.07692307692307693,0.2246240844859092,0.006958362201858581,0.5016071428571428,0.5158928571428572,0.010443664576371236
FairAA,1.0,20,0.5341055341055341,0.602,0.20717131474103587,0.003860010293360805,0.07692307692307693,0.07692307692307693,0.22450480425310748,0.005797002238290883,0.49160714285714285,0.5339285714285713,0.00378804916218302
FairAA,3.0,20,0.5298423423423424,0.628,0.19130434782608696,0.0059186824498198565,0.0871794871794872,0.0871794871794872,0.22433188616900612,0.005808193688392971,0.5001785714285714,0.5346428571428572,0.0006515082963549518
FairAA,10.0,20,0.5462717181467182,0.49,0.18006430868167203,0.06690684508492017,0.07179487179487176,0.07179487179487176,0.11051240287770425,0.006957345895085232,0.4992857142857143,0.5194642857142856,0.00878041904139376
FairAA,30.0,20,0.5462717181467182,0.49,0.18006430868167203,0.06690684508492017,0.07179487179487176,0.07179487179487176,0.11051240287770425,0.006957345895085232,0.4992857142857143,0.5194642857142856,0.00878041904139376
FairAA,100.0,20,0.5462717181467182,0.49,0.18006430868167203,0.06690684508492017,0.07179487179487176,0.07179487179487176,0.11051240287770425,0.006957345895085232,0.4992857142857143,0.5194642857142856,0.00878041904139376
FairAA_3Moment,0.0,20,0.5322956885456885,0.606,0.20883534136546184,0.011644364384971684,0.07692307692307693,0.07692307692307693,0.2246481925027618,0.007863078891909014,0.5030357142857143,0.5339285714285713,0.013266051612155619
FairAA_3Moment,0.03,20,0.5335826898326897,0.602,0.2134387351778656,0.003281008749356662,0.038461538461538436,0.038461538461538436,0.22461699793638767,0.006104067677921654,0.49714285714285716,0.5026785714285714,0.008798481732992988
FairAA_3Moment,0.1,20,0.5342261904761905,0.6,0.2125984251968504,0.007012352032938762,0.038461538461538436,0.038461538461538436,0.22454123014862049,0.0048079484718282495,0.4892857142857143,0.5041071428571429,0.00636520957264377
FairAA_3Moment,0.3,20,0.5351512226512227,0.606,0.2151394422310757,0.003860010293360805,0.038461538461538436,0.038461538461538436,0.22435244315524183,0.003391512070041902,0.4930357142857143,0.49749999999999994,0.0036551566998370374
FairAA_3Moment,1.0,20,0.5359958172458172,0.608,0.216,0.0001286670097787046,0.038461538461538436,0.038461538461538436,0.2239451848884476,0.0021621255850085563,0.49589285714285714,0.4819642857142858,0.0015392392282001916
FairAA_3Moment,3.0,20,0.5348696911196911,0.636,0.1574074074074074,0.006111682964487886,0.0641025641025641,0.0641025641025641,0.22353415585551473,0.001622619574343176,0.49767857142857147,0.49053571428571424,0.0006144714114177281
FairAA_3Moment,10.0,20,0.5079231016731017,0.534,0.14652014652014653,0.029657745753988718,0.030798727257893455,0.020512820512820495,0.09823769852840003,0.01020980799128407,0.4816071428571429,0.5082142857142857,0.01406000571186399
FairAA_3Moment,30.0,20,0.5079231016731017,0.534,0.14652014652014653,0.029657745753988718,0.030798727257893455,0.020512820512820495,0.09823769852840003,0.01020980799128407,0.4816071428571429,0.5082142857142857,0.01406000571186399
FairAA_3Moment,100.0,20,0.5079231016731017,0.534,0.14652014652014653,0.029657745753988718,0.030798727257893455,0.020512820512820495,0.09823769852840003,0.01020980799128407,0.4816071428571429,0.5082142857142857,0.01406000571186399
FairAA_Adv,0.0,20,0.5322956885456885,0.606,0.20883534136546184,0.011644364384971684,0.07692307692307693,0.07692307692307693,0.22464818806517517,0.00786307861118446,0.5030357142857143,0.5339285714285713,0.01326605177668539
FairAA_Adv,0.03,20,0.5325772200772201,0.606,0.20883534136546184,0.011644364384971684,0.07692307692307693,0.07692307692307693,0.22464406310058715,0.007813081460307403,0.5028571428571429,0.5342857142857144,0.013113342220494087
FairAA_Adv,0.1,20,0.532617438867439,0.604,0.208,0.007913021101389583,0.07692307692307693,0.07692307692307693,0.22464258443769136,0.0076898648803357394,0.5066071428571428,0.5198214285714285,0.012782174419391659
FairAA_Adv,0.3,20,0.5324565637065637,0.6,0.20634920634920634,0.00045033453422538283,0.07692307692307693,0.07692307692307693,0.2246417476635143,0.0074064021024245474,0.4994642857142857,0.5275000000000001,0.011981394681942375
FairAA_Adv,1.0,20,0.5336229086229086,0.596,0.2109375,0.0016083376222336687,0.038461538461538436,0.038461538461538436,0.22463107573649366,0.006809796235769994,0.5014285714285714,0.5033928571428572,0.01007485675548626
FairAA_Adv,3.0,20,0.5347088159588159,0.588,0.20155038759689922,0.0102290272774061,0.07692307692307693,0.07692307692307693,0.22458606500539235,0.006093448048377248,0.49196428571428574,0.5076785714285714,0.006886119225316455
FairAA_Adv,10.0,20,0.524332368082368,0.574,0.19622641509433963,0.007848687596500259,0.008199396263359748,0.00512820512820511,0.22445647693840076,0.00571275870329252,0.4955357142857143,0.5183928571428572,0.002780705248451402
FairAA_Adv,30.0,20,0.5271074646074647,0.514,0.20846905537459284,0.03589809572825525,0.041731255609039675,0.01025641025641022,0.2243829136044463,0.005776318851741902,0.4998214285714286,0.5403571428571429,0.000977818663004757
FairAA_Adv,100.0,20,0.5188626126126126,0.472,0.18518518518518517,1.0,1.0,1.0,-0.04853510128730654,2.7512743444833117,1.0,1.0,0.33333332740099514
FairPCA_AA,0.0,20,0.5324163449163449,0.6,0.2125984251968504,0.017112712300566102,0.033333333333333326,0.033333333333333326,0.22619040164233684,0.01056626666241589,0.5064285714285715,0.5071428571428571,0.01627908781734642
FairPCA_AA,0.03,20,0.5324565637065637,0.6,0.2125984251968504,0.017112712300566102,0.033333333333333326,0.033333333333333326,0.2172028239601138,0.010566094642398327,0.5064285714285715,0.5110714285714286,0.016278072196267274
FairPCA_AA,0.1,20,0.5324163449163449,0.6,0.2125984251968504,0.017112712300566102,0.033333333333333326,0.033333333333333326,0.22016055689122271,0.010566174486603463,0.5064285714285715,0.5083928571428571,0.016278540284579864
FairPCA_AA,0.3,20,0.5324565637065637,0.6,0.2125984251968504,0.017112712300566102,0.033333333333333326,0.033333333333333326,0.21944625439605747,0.010564743198415327,0.5064285714285715,0.51375,0.016277256159617795
FairPCA_AA,1.0,20,0.5324967824967826,0.6,0.2125984251968504,0.017112712300566102,0.033333333333333326,0.033333333333333326,0.21916046139445144,0.010529857821804878,0.5078571428571428,0.5033928571428572,0.01621482263770843
FairPCA_AA,3.0,20,0.5336631274131274,0.606,0.2151394422310757,0.012223365928975827,0.033333333333333326,0.033333333333333326,0.2196169181357015,0.010183420965935774,0.5046428571428571,0.5112500000000001,0.015238325945738075
FairPCA_AA,10.0,20,0.5343870656370656,0.61,0.21686746987951808,0.011644364384971684,0.033333333333333326,0.033333333333333326,0.2198524548972174,0.009752183437224116,0.5016071428571428,0.5210714285714285,0.014503656996530995
FairPCA_AA,30.0,20,0.534507722007722,0.606,0.20242914979757085,0.011065362840967596,0.028205128205128216,0.028205128205128216,0.22000703954121348,0.009592324839271027,0.5026785714285714,0.5167857142857143,0.014375042158401082
FairPCA_AA,100.0,20,0.5349903474903475,0.61,0.20408163265306123,0.0024446731857951653,0.028205128205128216,0.028205128205128216,0.21986834407169686,0.00952576934599636,0.5000000000000001,0.5142857142857142,0.01430968681847841
Raw,,21,0.5448037323037322,0.59,0.2084942084942085,0.014539372104992287,0.17692307692307685,0.17692307692307685,,,,,
AA,,21,0.5709258365508366,0.566,0.21660649819494585,0.03654143077714872,0.14871794871794874,0.14871794871794874,0.22280823592123877,0.004507646775068153,0.49482142857142863,0.47767857142857145,0.007643043061738059
FairAA,0.0,21,0.5709258365508366,0.566,0.21660649819494585,0.03654143077714872,0.14871794871794874,0.14871794871794874,0.2228082359206286,0.004507646768952933,0.49482142857142863,0.47767857142857145,0.007643043052765322
FairAA,0.03,21,0.5709660553410554,0.566,0.21660649819494585,0.03654143077714872,0.14871794871794874,0.14871794871794874,0.2228114866741533,0.004498833666625568,0.49482142857142863,0.47928571428571426,0.007619574519505537
FairAA,0.1,21,0.5713682432432433,0.566,0.21660649819494585,0.03654143077714872,0.14871794871794874,0.14871794871794874,0.22281137125238337,0.004435125977262422,0.49482142857142863,0.48142857142857143,0.007434087931749351
FairAA,0.3,21,0.5718709781209782,0.566,0.21660649819494585,0.03654143077714872,0.14871794871794874,0.14871794871794874,0.22287845698003383,0.0041134349350658295,0.4876785714285714,0.4828571428571428,0.006245740233518989
FairAA,1.0,21,0.5740427927927928,0.566,0.2109090909090909,0.029078744209984575,0.18205128205128207,0.18205128205128207,0.22347780305978004,0.003963535696572373,0.4828571428571428,0.5180357142857142,0.003183022059159652
FairAA,3.0,21,0.5513191763191764,0.604,0.23846153846153847,0.021358723623262965,0.3307692307692307,0.3307692307692307,0.22327390178888695,0.004540989478201751,0.4939285714285714,0.5778571428571428,0.0007289616045826666
FairAA,10.0,21,0.5252976190476191,0.496,0.19745222929936307,0.013767370046320115,0.11538461538461542,0.11538461538461542,0.051795243699973015,0.00598978978767728,0.49017857142857146,0.5085714285714286,0.012421018403969858
FairAA,30.0,21,0.5252976190476191,0.496,0.19745222929936307,0.013767370046320115,0.11538461538461542,0.11538461538461542,0.051795243699973015,0.00598978978767728,0.49017857142857146,0.5085714285714286,0.012421018403969858
FairAA,100.0,21,0.5252976190476191,0.496,0.19745222929936307,0.013767370046320115,0.11538461538461542,0.11538461538461542,0.051795243699973015,0.00598978978767728,0.49017857142857146,0.5085714285714286,0.012421018403969858
FairAA_3Moment,0.0,21,0.5709258365508366,0.566,0.21660649819494585,0.03654143077714872,0.14871794871794874,0.14871794871794874,0.22280824038586022,0.004507461014254643,0.49482142857142863,0.47767857142857145,0.007643042995550249
FairAA_3Moment,0.03,21,0.5717302123552124,0.564,0.2158273381294964,0.03223108594956253,0.14871794871794874,0.14871794871794874,0.2228714172338906,0.003820576025445055,0.4858928571428572,0.4855357142857143,0.0057400849548603985
FairAA_3Moment,0.1,21,0.5714888996138997,0.56,0.21428571428571427,0.015568708183221813,0.14871794871794874,0.14871794871794874,0.22288325964338407,0.003332013747069207,0.4833928571428571,0.48624999999999996,0.0051591845720968905
FairAA_3Moment,0.3,21,0.5712878056628056,0.564,0.22142857142857142,0.007527020072053525,0.11538461538461542,0.11538461538461542,0.22282947724369617,0.0028431266596057325,0.48428571428571426,0.5026785714285713,0.0034848165772319688
FairAA_3Moment,1.0,21,0.5715291184041185,0.56,0.21428571428571427,0.015568708183221813,0.14871794871794874,0.14871794871794874,0.22229883124851302,0.0023663946167924443,0.4928571428571429,0.5248214285714285,0.0018131035843978402
FairAA_3Moment,3.0,21,0.5627212033462033,0.624,0.1896551724137931,0.029464745239320633,0.12820512820512825,0.12820512820512825,0.22128104514132152,0.002117618864056481,0.49642857142857144,0.5228571428571429,0.0007637310038687712
FairAA_3Moment,10.0,21,0.5175756113256114,0.516,0.20394736842105263,0.008620689655172431,0.18717948717948718,0.18717948717948718,0.06696013637959208,0.008526803931815319,0.49375,0.4628571428571429,0.012983844623289713
FairAA_3Moment,30.0,21,0.5175756113256114,0.516,0.20394736842105263,0.008620689655172431,0.18717948717948718,0.18717948717948718,0.06696013637959208,0.008526803931815319,0.49375,0.4628571428571429,0.012983844623289713
FairAA_3Moment,100.0,21,0.5175756113256114,0.516,0.20394736842105263,0.008620689655172431,0.18717948717948718,0.18717948717948718,0.06696013637959208,0.008526803931815319,0.49375,0.4628571428571429,0.012983844623289713
FairAA_Adv,0.0,21,0.5709258365508366,0.566,0.21660649819494585,0.03654143077714872,0.14871794871794874,0.14871794871794874,0.2228082359206286,0.004507646768952933,0.49482142857142863,0.47767857142857145,0.007643043052765322
FairAA_Adv,0.03,21,0.571207368082368,0.566,0.21660649819494585,0.03654143077714872,0.14871794871794874,0.14871794871794874,0.22280421892832403,0.00448980253200254,0.49482142857142863,0.47196428571428567,0.007581240341232576
FairAA_Adv,0.1,21,0.5716497747747749,0.566,0.21660649819494585,0.03654143077714872,0.14871794871794874,0.14871794871794874,0.22280567618407443,0.004450320156219989,0.49482142857142863,0.46839285714285717,0.007446783938987577
FairAA_Adv,0.3,21,0.5720519626769628,0.566,0.21660649819494585,0.03654143077714872,0.14871794871794874,0.14871794871794874,0.22281391829477548,0.004357840643311461,0.49071428571428577,0.4951785714285714,0.00711212085966144
FairAA_Adv,1.0,21,0.5717302123552124,0.558,0.21352313167259787,0.0273417395779722,0.14871794871794874,0.14871794871794874,0.2228381676695822,0.004155188734113413,0.4876785714285714,0.48624999999999996,0.00619132541227562
FairAA_Adv,3.0,21,0.5747064028314027,0.57,0.22382671480144403,0.03654143077714872,0.18717948717948718,0.18717948717948718,0.22286951447422199,0.003975831312175049,0.4832142857142857,0.5082142857142857,0.004455628003600253
FairAA_Adv,10.0,21,0.5208936615186615,0.668,0.1782178217821782,0.0059830159547092365,0.11794871794871797,0.11794871794871797,0.2228279280895782,0.004246159221024504,0.4876785714285714,0.5262499999999999,0.002049544367916612
FairAA_Adv,30.0,21,0.4969433719433719,0.474,0.1755485893416928,0.6677174472465259,0.7897435897435898,0.7897435897435898,0.007497185900630865,1.3346998010622566,0.9489285714285716,0.9648214285714285,0.19092584484667421
FairAA_Adv,100.0,21,0.5016087516087516,0.472,0.18518518518518517,1.0,1.0,1.0,-0.061540973350941774,2.751274309951514,1.0,1.0,0.33333333032679824
FairPCA_AA,0.0,21,0.5513191763191764,0.586,0.20689655172413793,0.025090066906845065,0.10512820512820509,0.10512820512820509,0.22554514868834585,0.007315303809010187,0.5082142857142857,0.5314285714285714,0.013074462759940541
FairPCA_AA,0.03,21,0.5513191763191764,0.586,0.20689655172413793,0.025090066906845065,0.10512820512820509,0.10512820512820509,0.20849871974120304,0.007315306260524457,0.5082142857142857,0.5294642857142857,0.01307479860531085
FairPCA_AA,0.1,21,0.5513191763191764,0.586,0.20689655172413793,0.025090066906845065,0.10512820512820509,0.10512820512820509,0.20761682987972618,0.0073154612129048835,0.5082142857142857,0.5269642857142857,0.013074498389855376
FairPCA_AA,0.3,21,0.5513191763191764,0.586,0.20689655172413793,0.025090066906845065,0.10512820512820509,0.10512820512820509,0.20619688004065184,0.007314633519811875,0.5082142857142857,0.5339285714285713,0.013074896758178432
FairPCA_AA,1.0,21,0.5507561132561133,0.588,0.2076923076923077,0.021358723623262965,0.10512820512820509,0.10512820512820509,0.20469020043310926,0.007279005048106746,0.5082142857142857,0.5276785714285714,0.013105923633258085
FairPCA_AA,3.0,21,0.5520028957528957,0.59,0.2084942084942085,0.02566906845084921,0.10512820512820509,0.10512820512820509,0.21076270693316035,0.007083743159716327,0.5055357142857143,0.5280357142857144,0.013441239332626849
FairPCA_AA,10.0,21,0.5552606177606177,0.582,0.21132075471698114,0.02393206381883689,0.14358974358974352,0.14358974358974352,0.21362286579091405,0.00657012535066781,0.5023214285714286,0.49964285714285717,0.013107234116315902
FairPCA_AA,30.0,21,0.5579954954954955,0.592,0.2153846153846154,0.021358723623262965,0.14358974358974352,0.14358974358974352,0.21652984696079547,0.006300473150493036,0.5,0.5103571428571427,0.012766002183616863
FairPCA_AA,100.0,21,0.5585585585585585,0.59,0.21455938697318008,0.025090066906845065,0.14358974358974352,0.14358974358974352,0.21493129366467967,0.006217339180830117,0.4957142857142857,0.5123214285714286,0.012614096843598904
Raw,,22,0.5619771557271558,0.566,0.2222222222222222,0.04400411734431292,0.09999999999999998,0.09999999999999998,,,,,
AA,,22,0.5491473616473617,0.554,0.2007168458781362,0.011837364899639768,0.07179487179487176,0.07179487179487176,0.23123341405008468,0.01294594630967788,0.5255357142857143,0.5019642857142858,0.02015285532095504
FairAA,0.0,22,0.5491473616473617,0.554,0.2007168458781362,0.011837364899639768,0.07179487179487176,0.07179487179487176,0.23123341404826958,0.012945946328927926,0.5255357142857143,0.5019642857142858,0.020152855408398326
FairAA,0.03,22,0.5491875804375804,0.554,0.2007168458781362,0.011837364899639768,0.07179487179487176,0.07179487179487176,0.23125427832482537,0.012915915303461978,0.5255357142857143,0.4996428571428571,0.020119134676583463
FairAA,0.1,22,0.5493082368082368,0.554,0.2007168458781362,0.011837364899639768,0.07179487179487176,0.07179487179487176,0.23125079240118185,0.012700549892907476,0.5267857142857142,0.5098214285714285,0.019765139113621745
FairAA,0.3,22,0.5495495495495495,0.554,0.2007168458781362,0.011837364899639768,0.07179487179487176,0.07179487179487176,0.23125701369103635,0.011203853629807081,0.5258928571428572,0.5089285714285714,0.017170878369860212
FairAA,1.0,22,0.5547377734877735,0.536,0.2054794520547945,0.0040530108080287786,0.14871794871794874,0.14871794871794874,0.23074529387015197,0.007639290959167544,0.5010714285714285,0.5353571428571428,0.007571640008202099
FairAA,3.0,22,0.5004424066924067,0.422,0.19047619047619047,0.013381369016984057,0.01701068777025372,0.015384615384615441,0.23008936344697406,0.007799277617449363,0.4989285714285715,0.6432142857142857,0.0013669133455540977
FairAA,10.0,22,0.4899050836550837,0.546,0.17454545454545456,0.06742151312403499,0.07722117973402953,0.010256410256410275,0.08421508906707942,0.012728091685015763,0.5041071428571428,0.5228571428571429,0.018127730233055923
FairAA,30.0,22,0.4899050836550837,0.546,0.17454545454545456,0.06742151312403499,0.07722117973402953,0.010256410256410275,0.08421508906707942,0.012728091685015763,0.5041071428571428,0.5228571428571429,0.018127730233055923
FairAA,100.0,22,0.4899050836550837,0.546,0.17454545454545456,0.06742151312403499,0.07722117973402953,0.010256410256410275,0.08421508906707942,0.012728091685015763,0.5041071428571428,0.5228571428571429,0.018127730233055923
FairAA_3Moment,0.0,22,0.5491473616473617,0.554,0.2007168458781362,0.011837364899639768,0.07179487179487176,0.07179487179487176,0.231233418386545,0.01294594635997992,0.5255357142857143,0.5019642857142858,0.020152855674566907
FairAA_3Moment,0.03,22,0.5484636422136422,0.554,0.2007168458781362,0.003795676788471425,0.07179487179487176,0.07179487179487176,0.23123729326730813,0.010539624103733825,0.5201785714285714,0.49749999999999994,0.01606477925624016
FairAA_3Moment,0.1,22,0.5488658301158301,0.548,0.20422535211267606,0.0016726711271230488,0.1102564102564102,0.1102564102564102,0.23108705262134965,0.00777919844862357,0.5189285714285715,0.5076785714285714,0.01215649902039658
FairAA_3Moment,0.3,22,0.5495093307593307,0.544,0.20833333333333334,0.010872362326299567,0.14871794871794874,0.14871794871794874,0.23064531625650408,0.004630738485354113,0.5010714285714285,0.5019642857142858,0.007273302320301986
FairAA_3Moment,1.0,22,0.5489060489060489,0.538,0.20618556701030927,0.015761708697889842,0.14871794871794874,0.14871794871794874,0.22980714534925673,0.002572183852155796,0.49821428571428567,0.4994642857142857,0.0031990303503429524
FairAA_3Moment,3.0,22,0.5386904761904762,0.598,0.1927710843373494,0.011644364384971684,0.13333333333333336,0.13333333333333336,0.22906189361361728,0.0018434992265417005,0.49232142857142847,0.50375,0.0012768001612731064
FairAA_3Moment,10.0,22,0.5738014800514801,0.608,0.234375,0.057900154400411685,0.07692307692307687,0.07692307692307687,0.08569728438939794,0.007985497155303833,0.5133928571428572,0.47821428571428565,0.011162333393312704
FairAA_3Moment,30.0,22,0.5738014800514801,0.608,0.234375,0.057900154400411685,0.07692307692307687,0.07692307692307687,0.08569728438939794,0.007985497155303833,0.5133928571428572,0.47821428571428565,0.011162333393312704
FairAA_3Moment,100.0,22,0.5738014800514801,0.608,0.234375,0.057900154400411685,0.07692307692307687,0.07692307692307687,0.08569728438939794,0.007985497155303833,0.5133928571428572,0.47821428571428565,0.011162333393312704
FairAA_Adv,0.0,22,0.5491473616473617,0.554,0.2007168458781362,0.011837364899639768,0.07179487179487176,0.07179487179487176,0.23123341404826958,0.012945946328927926,0.5255357142857143,0.5019642857142858,0.020152855408398326
FairAA_Adv,0.03,22,0.5489462676962678,0.554,0.2007168458781362,0.011837364899639768,0.07179487179487176,0.07179487179487176,0.23124516158289976,0.012831035848736128,0.5267857142857142,0.5080357142857144,0.01999703991048046
FairAA_Adv,0.1,22,0.5490267052767053,0.554,0.2007168458781362,0.011837364899639768,0.07179487179487176,0.07179487179487176,0.23124905796627637,0.012598613060544106,0.5253571428571429,0.51,0.01967095834269672
FairAA_Adv,0.3,22,0.5496702059202059,0.554,0.2007168458781362,0.011837364899639768,0.07179487179487176,0.07179487179487176,0.23124850389833296,0.012077353822865955,0.5225,0.5075000000000001,0.01888124292470912
FairAA_Adv,1.0,22,0.5464929214929215,0.538,0.21160409556313994,0.0319094184251158,0.11538461538461542,0.11538461538461542,0.23122183227227888,0.010713771048184273,0.5228571428571428,0.50625,0.016580244341690555
FairAA_Adv,3.0,22,0.5474581724581724,0.562,0.21505376344086022,0.011837364899639768,0.07692307692307687,0.07692307692307687,0.23109123622234462,0.008894103607970882,0.5176785714285714,0.5117857142857142,0.012394362826350121
FairAA_Adv,10.0,22,0.5575530888030888,0.574,0.24199288256227758,0.02895007720020587,0.15897435897435896,0.15897435897435896,0.23068887277161287,0.007683599968197619,0.502142857142857,0.5835714285714285,0.0061723928312867994
FairAA_Adv,30.0,22,0.5534507722007722,0.612,0.19834710743801653,0.005597014925373123,0.06153846153846154,0.06153846153846154,0.23035668173060886,0.007797021931660042,0.5019642857142858,0.6169642857142856,0.0019683159418254054
FairAA_Adv,100.0,22,0.5449243886743886,0.468,0.18902439024390244,0.9666752444673186,0.967324793995268,0.9615384615384616,-0.05928895025196512,2.8124493829047226,0.99875,0.99875,0.2809722152297603
FairPCA_AA,0.0,22,0.575933075933076,0.582,0.22878228782287824,0.022195059186824517,0.11538461538461542,0.11538461538461542,0.22997684062510226,0.01318148536280167,0.5142857142857142,0.4998214285714286,0.017025168006216087
FairPCA_AA,0.03,22,0.575933075933076,0.582,0.22878228782287824,0.022195059186824517,0.11538461538461542,0.11538461538461542,0.22091122454178258,0.01318164014540879,0.5142857142857142,0.4998214285714286,0.017025291852167376
FairPCA_AA,0.1,22,0.575933075933076,0.582,0.22878228782287824,0.022195059186824517,0.11538461538461542,0.11538461538461542,0.21743544552235627,0.013181508683205279,0.5142857142857142,0.5010714285714285,0.01702522594410087
FairPCA_AA,0.3,22,0.5759531853281854,0.582,0.22878228782287824,0.022195059186824517,0.11538461538461542,0.11538461538461542,0.21649403323585847,0.01318090001480432,0.5142857142857142,0.4957142857142857,0.017025609674192005
FairPCA_AA,1.0,22,0.5761743886743886,0.578,0.2271062271062271,0.029657745753988718,0.11538461538461542,0.11538461538461542,0.21800514220847633,0.013167553491762518,0.5142857142857142,0.51,0.01707295128019241
FairPCA_AA,3.0,22,0.5760939510939511,0.578,0.22140221402214022,0.022195059186824517,0.14871794871794874,0.14871794871794874,0.22000047642796483,0.01322382213032669,0.5130357142857143,0.51125,0.017457445017026976
FairPCA_AA,10.0,22,0.5753297940797941,0.568,0.21739130434782608,0.0167267112712301,0.14871794871794874,0.14871794871794874,0.22144957656426534,0.01330689204869201,0.5183928571428572,0.5223214285714286,0.01769623361687164
FairPCA_AA,30.0,22,0.5754906692406693,0.566,0.21660649819494585,0.0204580545548122,0.14871794871794874,0.14871794871794874,0.2218501717698509,0.013400574084418415,0.5237499999999999,0.5351785714285714,0.017741984986971045
FairPCA_AA,100.0,22,0.5758928571428571,0.568,0.21739130434782608,0.0167267112712301,0.14871794871794874,0.14871794871794874,0.22185545349912628,0.013439249401521303,0.52375,0.5341071428571429,0.01776552214822451
Raw,,23,0.5561454311454312,0.592,0.22137404580152673,0.06902985074626866,0.18205128205128207,0.18205128205128207,,,,,
AA,,23,0.5162081724581725,0.55,0.18181818181818182,0.1175373134328358,0.13592233009708737,0.028205128205128216,0.24758776895907586,0.013743576734600416,0.5323214285714286,0.4876785714285714,0.018871755412114243
FairAA,0.0,23,0.5163489382239381,0.55,0.18181818181818182,0.1175373134328358,0.13592233009708737,0.028205128205128216,0.24758699551192986,0.01374352031701448,0.5323214285714286,0.4885714285714286,0.01887224778208583
FairAA,0.03,23,0.5163087194337194,0.55,0.18181818181818182,0.1175373134328358,0.13592233009708737,0.028205128205128216,0.24757247898988166,0.013685989375072205,0.5323214285714286,0.49107142857142855,0.018819526481410147
FairAA,0.1,23,0.5158663127413128,0.55,0.18181818181818182,0.1175373134328358,0.13592233009708737,0.028205128205128216,0.24757163508452573,0.013169390844410989,0.5319642857142857,0.50375,0.018310295511431048
FairAA,0.3,23,0.5143379987129987,0.548,0.18705035971223022,0.09656459083890895,0.11715754262870198,0.06666666666666665,0.2474737669247784,0.010021079967353907,0.53,0.48875,0.014871525938052186
FairAA,1.0,23,0.5116232303732304,0.54,0.17857142857142858,0.0638188368502316,0.09999999999999998,0.09999999999999998,0.2464217578135569,0.004988538805526355,0.4939285714285714,0.5044642857142858,0.004971915887483702
FairAA,3.0,23,0.4962596525096525,0.54,0.16058394160583941,0.04143077714873905,0.12820512820512825,0.12820512820512825,0.2459893784666063,0.004865085142216008,0.48375,0.5583928571428572,0.0008512330560829969
FairAA,10.0,23,0.49461068211068215,0.63,0.17040358744394618,0.06825784868759649,0.1564102564102564,0.1564102564102564,0.14066266134542615,0.0063176996862889245,0.4928571428571429,0.4866071428571428,0.014319374057136887
FairAA,30.0,23,0.49461068211068215,0.63,0.17040358744394618,0.06825784868759649,0.1564102564102564,0.1564102564102564,0.14066266134542615,0.0063176996862889245,0.4928571428571429,0.4866071428571428,0.014319374057136887
FairAA,100.0,23,0.49461068211068215,0.63,0.17040358744394618,0.06825784868759649,0.1564102564102564,0.1564102564102564,0.14066266134542615,0.0063176996862889245,0.4928571428571429,0.4866071428571428,0.014319374057136887
FairAA_3Moment,0.0,23,0.5163489382239381,0.55,0.18181818181818182,0.1175373134328358,0.13592233009708737,0.028205128205128216,0.24758700028664926,0.013742088518704787,0.5323214285714286,0.4885714285714286,0.018872248434991464
FairAA_3Moment,0.03,23,0.5131515444015444,0.546,0.1863799283154122,0.0922542460113227,0.11230317369666315,0.06666666666666665,0.24738645657267877,0.008550596889880802,0.5223214285714286,0.5103571428571427,0.013567781298602874
FairAA_3Moment,0.1,23,0.5115427927927929,0.542,0.18505338078291814,0.07559186824498199,0.0935383862282777,0.06666666666666665,0.2469228132409077,0.005080406415315042,0.4983928571428571,0.4992857142857143,0.008794061000661197
FairAA_3Moment,0.3,23,0.5098938223938223,0.538,0.17204301075268819,0.052045805455481264,0.13333333333333336,0.13333333333333336,0.24599678080444098,0.0029511933430007575,0.4823214285714286,0.48142857142857143,0.004423701353825108
FairAA_3Moment,1.0,23,0.5083655083655084,0.538,0.16606498194945848,0.05262480699948535,0.09487179487179492,0.09487179487179492,0.2447626226662607,0.0019119243869445413,0.48678571428571427,0.4833928571428571,0.0015458363604324912
FairAA_3Moment,3.0,23,0.5104166666666667,0.48,0.20245398773006135,0.050501801338136865,0.06302521008403361,0.04871794871794877,0.2444797578606963,0.0016101061555468532,0.48732142857142857,0.4821428571428572,0.0005448608213573398
FairAA_3Moment,10.0,23,0.5071388352638353,0.548,0.19858156028368795,0.055198147195059166,0.07179487179487176,0.07179487179487176,0.14003043888711486,0.007870499494330496,0.5030357142857144,0.4808928571428572,0.011162912791681858
FairAA_3Moment,30.0,23,0.5071388352638353,0.548,0.19858156028368795,0.055198147195059166,0.07179487179487176,0.07179487179487176,0.14003043888711486,0.007870499494330496,0.5030357142857144,0.4808928571428572,0.011162912791681858
FairAA_3Moment,100.0,23,0.5071388352638353,0.548,0.19858156028368795,0.055198147195059166,0.07179487179487176,0.07179487179487176,0.14003043888711486,0.007870499494330496,0.5030357142857144,0.4808928571428572,0.011162912791681858
FairAA_Adv,0.0,23,0.5163489382239381,0.55,0.18181818181818182,0.1175373134328358,0.13592233009708737,0.028205128205128216,0.24758699551192986,0.01374352031701448,0.5323214285714286,0.4885714285714286,0.01887224778208583
FairAA_Adv,0.03,23,0.5160472972972973,0.55,0.18181818181818182,0.1175373134328358,0.13592233009708737,0.028205128205128216,0.2475806380283404,0.013565564991158519,0.5308928571428572,0.4896428571428572,0.01870457893630517
FairAA_Adv,0.1,23,0.515162483912484,0.55,0.18772563176895307,0.10891662377766337,0.13106796116504854,0.06666666666666665,0.2475723765815292,0.013196670926563792,0.5319642857142857,0.5033928571428572,0.018345190726418468
FairAA_Adv,0.3,23,0.5154641248391248,0.548,0.18705035971223022,0.10460627895007718,0.1262135922330097,0.06666666666666665,0.2475512504700047,0.012273773814168332,0.5339285714285714,0.49696428571428564,0.017406365281610606
FairAA_Adv,1.0,23,0.5151423745173744,0.548,0.18705035971223022,0.10460627895007718,0.1262135922330097,0.06666666666666665,0.24746534221849392,0.009852541625934852,0.5325,0.5041071428571429,0.014672831830050968
FairAA_Adv,3.0,23,0.513493404118404,0.54,0.18439716312056736,0.031073082861554302,0.06666666666666665,0.06666666666666665,0.2471678654313323,0.006447318427366622,0.5076785714285714,0.49964285714285717,0.009382064389045328
FairAA_Adv,10.0,23,0.5326978764478765,0.498,0.19292604501607716,0.018656716417910446,0.06666666666666665,0.06666666666666665,0.24650688515852615,0.004811555724558658,0.48285714285714293,0.51875,0.0034579752806863256
FairAA_Adv,30.0,23,0.4788449163449164,0.6,0.16666666666666666,0.005018013381369035,0.09230769230769231,0.09230769230769231,0.2458035706784627,0.004793550819013892,0.4823214285714285,0.5417857142857143,0.0012903503843959805
FairAA_Adv,100.0,23,0.5269465894465895,0.528,0.18055555555555555,1.0,1.0,1.0,-0.06635248601160737,2.751274309147081,1.0,1.0,0.333333330131986
FairPCA_AA,0.0,23,0.5402187902187904,0.53,0.18685121107266436,0.07327586206896552,0.07766990291262138,0.038461538461538436,0.23746712998211328,0.01457354933989119,0.5019642857142858,0.5523214285714285,0.01564519540197144
FairPCA_AA,0.03,23,0.5402187902187904,0.53,0.18685121107266436,0.07327586206896552,0.07766990291262138,0.038461538461538436,0.21617372824632097,0.0145735570010177,0.5019642857142858,0.5523214285714285,0.015645195094797382
FairPCA_AA,0.1,23,0.5402187902187904,0.53,0.18685121107266436,0.07327586206896552,0.07766990291262138,0.038461538461538436,0.2121015109108303,0.014573554423725765,0.5019642857142858,0.55375,0.01564518862453085
FairPCA_AA,0.3,23,0.5402187902187904,0.53,0.18685121107266436,0.07327586206896552,0.07766990291262138,0.038461538461538436,0.21130969350350848,0.014572481004767213,0.5019642857142858,0.5566071428571429,0.01564265805346965
FairPCA_AA,1.0,23,0.5406611969111969,0.53,0.18685121107266436,0.06523417395779724,0.06861385330831365,0.038461538461538436,0.21133025569295127,0.014497576753729313,0.49767857142857147,0.5467857142857143,0.015400770097128348
FairPCA_AA,3.0,23,0.5385698198198199,0.536,0.18309859154929578,0.07070252187339171,0.0789752794321612,0.00512820512820511,0.21630936232400022,0.013902507489541693,0.4983928571428571,0.5510714285714287,0.014557153445328687
FairPCA_AA,10.0,23,0.5357947232947233,0.544,0.19148936170212766,0.04715645908389088,0.057314187811046746,0.033333333333333326,0.22128048181034632,0.013816236906510848,0.49428571428571433,0.5366071428571428,0.014902892296333972
FairPCA_AA,30.0,23,0.5344272844272844,0.544,0.19148936170212766,0.06323983530622751,0.07542628701966225,0.033333333333333326,0.223489703655527,0.01385445352703224,0.4930357142857143,0.53125,0.015011284734057504
FairPCA_AA,100.0,23,0.5340653153153154,0.544,0.19148936170212766,0.06323983530622751,0.07542628701966225,0.033333333333333326,0.22377171622338232,0.013865157479185597,0.4933928571428571,0.5353571428571429,0.015027376507184517
Raw,,24,0.5427987742594484,0.552,0.19424460431654678,0.032395114179500806,0.033736848519315965,0.020000000000000018,,,,,
AA,,24,0.5029622063329928,0.502,0.1782178217821782,0.01145818246189989,0.053333333333333344,0.053333333333333344,0.20823464817374082,0.016203461222445315,0.5323671497584541,0.5118625872249061,0.01743301571472217
FairAA,0.0,24,0.5029213483146068,0.502,0.1782178217821782,0.01145818246189989,0.053333333333333344,0.053333333333333344,0.208234139229737,0.01620649791269002,0.5323671497584541,0.5050456253354805,0.017435781655993413
FairAA,0.03,24,0.5029622063329928,0.502,0.1782178217821782,0.01145818246189989,0.053333333333333344,0.053333333333333344,0.20823439623126083,0.01614055519493901,0.5323671497584541,0.5149221685453569,0.017374770525670033
FairAA,0.1,24,0.5031664964249234,0.502,0.1782178217821782,0.01145818246189989,0.053333333333333344,0.053333333333333344,0.20822694420419152,0.01574966312730064,0.5321524422973698,0.5110037573805689,0.017016616841887967
FairAA,0.3,24,0.5035342185903984,0.5,0.17763157894736842,0.015787186790904184,0.053333333333333344,0.053333333333333344,0.2081608857352676,0.013610606178628415,0.5066559312936125,0.4973698336017177,0.014542588640408041
FairAA,1.0,24,0.5025536261491318,0.506,0.17940199335548174,0.03498607959574507,0.053333333333333344,0.053333333333333344,0.20767251555911315,0.010072049841125807,0.4967793880837359,0.5734299516908212,0.006505857974438294
FairAA,3.0,24,0.4826966292134831,0.468,0.17391304347826086,0.013244500233347778,0.09333333333333338,0.09333333333333338,0.20709413242736086,0.01035547720203761,0.4957058507783145,0.680354267310789,0.001207167256452572
FairAA,10.0,24,0.5134014300306435,0.546,0.1684981684981685,0.03447110510307533,0.11333333333333334,0.11333333333333334,0.09662346219216633,0.013327793869806315,0.5137412775093935,0.5513150831991411,0.021502307700466645
FairAA,30.0,24,0.5134014300306435,0.546,0.1684981684981685,0.03447110510307533,0.11333333333333334,0.11333333333333334,0.09662346219216633,0.013327793869806315,0.5137412775093935,0.5513150831991411,0.021502307700466645
FairAA,100.0,24,0.5134014300306435,0.546,0.1684981684981685,0.03447110510307533,0.11333333333333334,0.11333333333333334,0.09662346219216633,0.013327793869806315,0.5137412775093935,0.5513150831991411,0.021502307700466645
FairAA_3Moment,0.0,24,0.5029213483146068,0.502,0.1782178217821782,0.01145818246189989,0.053333333333333344,0.053333333333333344,0.20823414343088253,0.016206255711337658,0.5323671497584541,0.5050456253354805,0.0174357820212194
FairAA_3Moment,0.03,24,0.5041879468845761,0.506,0.17940199335548174,0.01889312669981813,0.053333333333333344,0.053333333333333344,0.20816475340703244,0.012787978450000126,0.5041331186258723,0.5112184648416532,0.013371054482414555
FairAA_3Moment,0.1,24,0.5058835546475996,0.504,0.17880794701986755,0.03126860747678595,0.053333333333333344,0.053333333333333344,0.20797204857903506,0.009591138424653367,0.5050993022007515,0.5069243156199678,0.009977270892629604
FairAA_3Moment,0.3,24,0.5067007150153218,0.502,0.1782178217821782,0.03559761180579024,0.053333333333333344,0.053333333333333344,0.20753346015575092,0.006294341080368471,0.49801395598497045,0.5340848094471282,0.006407935021190221
FairAA_3Moment,1.0,24,0.5077630234933606,0.5,0.17763157894736842,0.03188013968683112,0.053333333333333344,0.053333333333333344,0.20668345475166217,0.0037451174995805636,0.49613526570048305,0.5501341921631777,0.0029115687587249577
FairAA_3Moment,3.0,24,0.4913789581205311,0.486,0.17363344051446947,0.02195078775004433,0.027034163383027998,0.020000000000000018,0.205775135605201,0.0026252763897270937,0.49447128287708,0.5405797101449276,0.001203695491300816
FairAA_3Moment,10.0,24,0.49736465781409606,0.562,0.1918819188191882,0.03855871513864079,0.1333333333333333,0.1333333333333333,0.0914077273714845,0.0082210679107938,0.48599033816425125,0.5365539452495973,0.006948177431194712
FairAA_3Moment,30.0,24,0.49736465781409606,0.562,0.1918819188191882,0.03855871513864079,0.1333333333333333,0.1333333333333333,0.0914077273714845,0.0082210679107938,0.48599033816425125,0.5365539452495973,0.006948177431194712
FairAA_3Moment,100.0,24,0.49736465781409606,0.562,0.1918819188191882,0.03855871513864079,0.1333333333333333,0.1333333333333333,0.0914077273714845,0.0082210679107938,0.48599033816425125,0.5365539452495973,0.006948177431194712
FairAA_Adv,0.0,24,0.5029213483146068,0.502,0.1782178217821782,0.01145818246189989,0.053333333333333344,0.053333333333333344,0.208234139229737,0.01620649791269002,0.5323671497584541,0.5050456253354805,0.017435781655993413
FairAA_Adv,0.03,24,0.503738508682329,0.504,0.17880794701986755,0.01517565458085901,0.053333333333333344,0.053333333333333344,0.20825434624694084,0.015835246410014214,0.5321524422973698,0.5021470746108427,0.01710344924626909
FairAA_Adv,0.1,24,0.5037793667007151,0.504,0.17880794701986755,0.01517565458085901,0.053333333333333344,0.053333333333333344,0.20825322797690127,0.015540706794069103,0.530703166935051,0.5030059044551798,0.016777031655426915
FairAA_Adv,0.3,24,0.5043105209397344,0.5,0.17763157894736842,0.007740710342940826,0.053333333333333344,0.053333333333333344,0.20824589202925614,0.014884337512730383,0.5249060654857756,0.49699409554482016,0.01598120807069592
FairAA_Adv,1.0,24,0.5047599591419816,0.494,0.18122977346278318,0.029385731987962516,0.030547995287809215,0.020000000000000018,0.2082094514108499,0.013546292574121821,0.5035426731078905,0.5176596886741814,0.013990554384849483
FairAA_Adv,3.0,24,0.4986721144024515,0.502,0.18360655737704917,0.04425562046379894,0.04728439696144937,0.020000000000000018,0.20808318582056295,0.011784159473519518,0.501610305958132,0.533118625872249,0.010772145390276251
FairAA_Adv,10.0,24,0.48098059244126656,0.464,0.16770186335403728,0.02129097668131119,0.1266666666666667,0.1266666666666667,0.2077501439457703,0.01051564174387476,0.49801395598497045,0.6123993558776167,0.00623046190103356
FairAA_Adv,30.0,24,0.5286414708886619,0.562,0.1978021978021978,0.21496966478379115,0.3133333333333333,0.3133333333333333,0.1365152832321468,0.5083415457833297,0.8668813741277509,0.8713902308105206,0.10621554338341173
FairAA_Adv,100.0,24,0.5154239019407559,0.466,0.1933534743202417,0.9536040168010428,0.9576512166389081,0.92,-0.13486116023741812,3.563350509760637,1.0,1.0,0.25314289082904035
FairPCA_AA,0.0,24,0.49724208375893775,0.506,0.17391304347826086,0.04242102383366325,0.08666666666666667,0.08666666666666667,0.21252518789601005,0.01032999780819055,0.5097155126140633,0.5161030595813204,0.011910029257189878
FairPCA_AA,0.03,24,0.49724208375893775,0.506,0.17391304347826086,0.04242102383366325,0.08666666666666667,0.08666666666666667,0.1991298766092897,0.010330048623834243,0.5097155126140633,0.5161030595813204,0.011910059097170161
FairPCA_AA,0.1,24,0.49724208375893775,0.506,0.17391304347826086,0.04242102383366325,0.08666666666666667,0.08666666666666667,0.19796764417333113,0.010329955045827677,0.5097155126140633,0.5161030595813204,0.011910064111884765
FairPCA_AA,0.3,24,0.4972420837589377,0.506,0.17391304347826086,0.04242102383366325,0.08666666666666667,0.08666666666666667,0.19718307387028522,0.010329834151136252,0.5097155126140633,0.5202361782071927,0.011911302087652073
FairPCA_AA,1.0,24,0.4976098059244127,0.508,0.174496644295302,0.03809201950465885,0.08666666666666667,0.08666666666666667,0.19769478847622002,0.01033154630722638,0.5123993558776168,0.5191626409017713,0.012043542393602844
FairPCA_AA,3.0,24,0.49895812053115424,0.512,0.18120805369127516,0.03809201950465885,0.053333333333333344,0.053333333333333344,0.19957008462555847,0.010463152638528483,0.5121846484165326,0.5082662372517445,0.012820731033435867
FairPCA_AA,10.0,24,0.5005924412665985,0.51,0.1806020066889632,0.02632807093773637,0.053333333333333344,0.053333333333333344,0.2012534921430018,0.010604931756177993,0.5126140633387011,0.5049382716049382,0.013548545384837051
FairPCA_AA,30.0,24,0.5014096016343207,0.514,0.19269102990033224,0.026939603147781543,0.06000000000000005,0.06000000000000005,0.20138583796379383,0.01076577081396135,0.5115942028985507,0.5171765968867418,0.013920792335947188
FairPCA_AA,100.0,24,0.5012461695607764,0.514,0.19269102990033224,0.026939603147781543,0.06000000000000005,0.06000000000000005,0.20066051851030198,0.010833259164122588,0.5115942028985507,0.5123993558776168,0.01406435576190481
