method,lambda,seed,auc,acc,f1,dp_gap,eo_gap,eopp_gap,ev,mmd_alpha,linsep_alpha,nonlinsep_alpha,dp_alpha
Raw,,0,0.889920424403183,0.834,0.5146198830409356,0.15392416913715087,0.12870135363790183,0.050000000000000044,,,,,
AA,,0,0.6650413481042284,0.64,0.26229508196721313,0.027773443594944602,0.05833333333333335,0.05833333333333335,0.1545581789788124,0.020276134614460095,0.5,0.502609464838567,0.02823267868411716
FairAA,0.0,0,0.6650413481042284,0.64,0.26229508196721313,0.027773443594944602,0.05833333333333335,0.05833333333333335,0.1545581789788112,0.020276134207553587,0.5,0.502609464838567,0.0282326783676487
FairAA,0.03,0,0.6650413481042284,0.64,0.26229508196721313,0.027773443594944602,0.05833333333333335,0.05833333333333335,0.1545531595847276,0.020200913433256584,0.5,0.503361344537815,0.028181621738817574
FairAA,0.1,0,0.6650413481042284,0.64,0.26229508196721313,0.027773443594944602,0.05833333333333335,0.05833333333333335,0.15455244191957462,0.020010063341404427,0.5,0.503361344537815,0.027934435089600536
FairAA,0.3,0,0.6649243251677328,0.644,0.2644628099173554,0.032298330472772696,0.05833333333333335,0.05833333333333335,0.15451573446136946,0.01821403189174131,0.5,0.49522335249889426,0.02558538038331866
FairAA,1.0,0,0.665158371040724,0.638,0.2612244897959184,0.025511000156030583,0.05833333333333335,0.05833333333333335,0.15438695527130597,0.01405121560689837,0.5,0.5099955771782397,0.013953211908978032
FairAA,3.0,0,0.6635980652207832,0.646,0.2716049382716049,0.01053206428459974,0.03749999999999998,0.03749999999999998,0.15402516679611244,0.014447220969686203,0.5,0.5222467934542238,0.003415279220702467
FairAA,10.0,0,0.6046185052270244,0.7,0.2268041237113402,0.01513496645342488,0.032254653130287664,0.025000000000000022,0.07390798882651717,0.0148631933690343,0.5,0.4924812030075188,0.031415111589804846
FairAA,30.0,0,0.6046185052270244,0.7,0.2268041237113402,0.01513496645342488,0.032254653130287664,0.025000000000000022,0.07390798882651717,0.0148631933690343,0.5,0.4924812030075188,0.031415111589804846
FairAA,100.0,0,0.6046185052270244,0.7,0.2268041237113402,0.01513496645342488,0.032254653130287664,0.025000000000000022,0.07390798882651717,0.0148631933690343,0.5,0.4924812030075188,0.031415111589804846
FairAA_3Moment,0.0,0,0.6650413481042283,0.64,0.26229508196721313,0.027773443594944602,0.05833333333333335,0.05833333333333335,0.1545581805187859,0.020276136113493215,0.5,0.502609464838567,0.02823268116900555
FairAA_3Moment,0.03,0,0.6646902792947418,0.646,0.26556016597510373,0.034560773911686715,0.05833333333333335,0.05833333333333335,0.15453975615601778,0.018252731924953025,0.5,0.4959752321981424,0.025885032547241425
FairAA_3Moment,0.1,0,0.6653924169137151,0.64,0.26229508196721313,0.027773443594944602,0.05833333333333335,0.05833333333333335,0.15447884539362633,0.015992440892891202,0.5,0.5041132242370632,0.023150461682740334
FairAA_3Moment,0.3,0,0.6658605086596973,0.64,0.26229508196721313,0.027773443594944602,0.05833333333333335,0.05833333333333335,0.1543311701409814,0.012193859508711768,0.5,0.48920831490490935,0.014811661862297189
FairAA_3Moment,1.0,0,0.6644172257762522,0.638,0.2612244897959184,0.006007177406771702,0.05833333333333335,0.05833333333333335,0.1540719368211223,0.009716077556346625,0.5,0.5039805395842547,0.007315257071312524
FairAA_3Moment,3.0,0,0.6605554688718989,0.686,0.26976744186046514,0.023638633172101742,0.12083333333333329,0.12083333333333329,0.15389010244960954,0.008367856490582137,0.5,0.5187527642636002,0.002939525127428691
FairAA_3Moment,10.0,0,0.6605164612264003,0.682,0.2672811059907834,0.028163520049929835,0.12083333333333329,0.12083333333333329,0.15367807290166557,0.007970256310707358,0.5,0.5077399380804952,0.0009820926310596598
FairAA_3Moment,30.0,0,0.6414417225776252,0.596,0.25735294117647056,0.003432672803869552,0.125,0.125,0.06322902927581209,0.015620612125330613,0.5,0.5002211410880142,0.005048465070301024
FairAA_3Moment,100.0,0,0.6414417225776252,0.596,0.25735294117647056,0.003432672803869552,0.125,0.125,0.06322902927581209,0.015620612125330613,0.5,0.5002211410880142,0.005048465070301024
FairAA_Adv,0.0,0,0.6650413481042284,0.64,0.26229508196721313,0.027773443594944602,0.05833333333333335,0.05833333333333335,0.1545581789788112,0.020276134207553587,0.5,0.502609464838567,0.0282326783676487
FairAA_Adv,0.03,0,0.66500234045873,0.64,0.26229508196721313,0.027773443594944602,0.05833333333333335,0.05833333333333335,0.15455598381045832,0.02015236268027909,0.5,0.5041132242370632,0.02807105477753365
FairAA_Adv,0.1,0,0.6649828366359806,0.64,0.26229508196721313,0.027773443594944602,0.05833333333333335,0.05833333333333335,0.1545555459501059,0.019893319579592617,0.5,0.503361344537815,0.027714516996134378
FairAA_Adv,0.3,0,0.6650023404587299,0.64,0.26229508196721313,0.027773443594944602,0.05833333333333335,0.05833333333333335,0.1545561547595059,0.01936397636244791,0.5,0.49747899159663866,0.026906104985328805
FairAA_Adv,1.0,0,0.6648463098767358,0.64,0.26229508196721313,0.027773443594944602,0.05833333333333335,0.05833333333333335,0.15453906397932538,0.01760714770557592,0.5,0.502609464838567,0.024061132140600926
FairAA_Adv,3.0,0,0.6654314245592136,0.642,0.26337448559670784,0.030035887033858677,0.05833333333333335,0.05833333333333335,0.15448901240295876,0.01531976670684343,0.5,0.4982308712958868,0.018756514840545347
FairAA_Adv,10.0,0,0.66500234045873,0.64,0.26229508196721313,0.027773443594944602,0.05833333333333335,0.05833333333333335,0.15439198487090444,0.014161617920809277,0.5,0.518000884564352,0.010727346104321783
FairAA_Adv,30.0,0,0.6646707754719925,0.558,0.2558922558922559,0.07263223591823997,0.1128384094754653,0.054166666666666585,0.15419757230999454,0.01436422692978545,0.5,0.5238832375055285,0.00326326135900859
FairAA_Adv,100.0,0,0.5447807770322983,0.382,0.20565552699228792,0.05078795443907003,0.13333333333333341,0.13333333333333341,-0.004597703538418152,1.2174763626231362,0.5,0.754046881910659,0.2082024546331009
FairPCA_AA,0.0,0,0.661920736464347,0.646,0.26556016597510373,0.015056951162427834,0.05833333333333335,0.05833333333333335,0.156090959231734,0.020046587710167985,0.5,0.5118531623175586,0.021128840488809624
FairPCA_AA,0.03,0,0.661920736464347,0.646,0.26556016597510373,0.015056951162427834,0.05833333333333335,0.05833333333333335,0.1394531799919193,0.020041735319040077,0.5,0.5177355152587351,0.021129467187455342
FairPCA_AA,0.1,0,0.6619597441098455,0.646,0.26556016597510373,0.015056951162427834,0.05833333333333335,0.05833333333333335,0.13969984589074247,0.020042539405787707,0.5,0.5177355152587351,0.021127595021061273
FairPCA_AA,0.3,0,0.661920736464347,0.646,0.26556016597510373,0.015056951162427834,0.05833333333333335,0.05833333333333335,0.13844427306148888,0.02004719704321667,0.5,0.5118531623175586,0.02113584996751348
FairPCA_AA,1.0,0,0.6622718052738337,0.646,0.26556016597510373,0.015056951162427834,0.05833333333333335,0.05833333333333335,0.14056732278288853,0.019863022374050354,0.5,0.5236178681999115,0.021486583186135205
FairPCA_AA,3.0,0,0.6645732563582463,0.65,0.26778242677824265,0.019581838040255872,0.05833333333333335,0.05833333333333335,0.14592127889321016,0.018430962876670676,0.5,0.52375055285272,0.022073903431824225
FairPCA_AA,10.0,0,0.6657044780777032,0.65,0.26778242677824265,0.019581838040255872,0.05833333333333335,0.05833333333333335,0.14784526191339264,0.016046756106779192,0.5,0.5385227775320655,0.021618426623363936
FairPCA_AA,30.0,0,0.6655094398502106,0.646,0.26556016597510373,0.034560773911686715,0.05833333333333335,0.05833333333333335,0.14841367530555705,0.015043238092371625,0.5,0.5317558602388323,0.020761106167298704
FairPCA_AA,100.0,0,0.6655874551412077,0.646,0.26556016597510373,0.034560773911686715,0.05833333333333335,0.05833333333333335,0.14865415420953398,0.014693464378842558,0.5,0.5288810260946485,0.020305529700893832
Raw,,1,0.8828600405679514,0.838,0.5207100591715976,0.23646434701201433,0.2272631133671743,0.050000000000000044,,,,,
AA,,1,0.6900452488687783,0.62,0.2857142857142857,0.09502262443438914,0.10607021996615906,0.06666666666666665,0.13814231444232483,0.07388234374060154,0.5,0.5255196815568332,0.0639771135061568
FairAA,0.0,1,0.6902207832735217,0.62,0.2857142857142857,0.09502262443438914,0.10607021996615906,0.06666666666666665,0.13814387846671417,0.0738794200625289,0.5,0.5255196815568332,0.06397626433198919
FairAA,0.03,1,0.690474332969262,0.618,0.2846441947565543,0.09276018099547512,0.10353214890016921,0.06666666666666665,0.13814166106143755,0.07365730648041524,0.5,0.5158779301194162,0.06377769673676251
FairAA,0.1,1,0.6903573100327665,0.618,0.2846441947565543,0.09276018099547512,0.10353214890016921,0.06666666666666665,0.138117984753944,0.07159584104733696,0.5,0.5166298098186644,0.06244542396090487
FairAA,0.3,1,0.6904743329692619,0.62,0.2857142857142857,0.07551880168513031,0.08269881556683584,0.06666666666666665,0.1380817214590404,0.057423670112420444,0.5,0.5172490048651038,0.05267148959484059
FairAA,1.0,1,0.6879388360118583,0.622,0.2813688212927757,0.10180995475113125,0.11114636209813877,0.04583333333333339,0.13663083295416234,0.021955170326127926,0.5,0.47819548872180456,0.022850081293036402
FairAA,3.0,1,0.6847012014354814,0.636,0.28346456692913385,0.06366047745358089,0.14583333333333337,0.14583333333333337,0.13560105565804403,0.015913978828526854,0.5,0.5084918177797435,0.004583398457604207
FairAA,10.0,1,0.6199485099079419,0.456,0.22285714285714286,0.15353409268216567,0.3291666666666666,0.3291666666666666,0.0637663976933861,0.03167136264408976,0.5,0.5027421494913755,0.03095575708806919
FairAA,30.0,1,0.6199485099079419,0.456,0.22285714285714286,0.15353409268216567,0.3291666666666666,0.3291666666666666,0.0637663976933861,0.03167136264408976,0.5,0.5027421494913755,0.03095575708806919
FairAA,100.0,1,0.6199485099079419,0.456,0.22285714285714286,0.15353409268216567,0.3291666666666666,0.3291666666666666,0.0637663976933861,0.03167136264408976,0.5,0.5027421494913755,0.03095575708806919
FairAA_3Moment,0.0,1,0.6901232641597753,0.62,0.2857142857142857,0.09502262443438914,0.10607021996615906,0.06666666666666665,0.13814388011329315,0.07387942265909975,0.5,0.5255196815568332,0.06397626642777404
FairAA_3Moment,0.03,1,0.6905133406147606,0.618,0.2846441947565543,0.07325635824621629,0.08016074450084598,0.06666666666666665,0.13807221845015305,0.05431508118696815,0.5,0.5306501547987617,0.050952035506886324
FairAA_3Moment,0.1,1,0.6905718520830083,0.616,0.2835820895522388,0.0904977375565611,0.10099407783417935,0.06666666666666665,0.13780447012660957,0.03286551232870327,0.5,0.4989827509951349,0.035886261834475054
FairAA_3Moment,0.3,1,0.6899672335777812,0.618,0.2846441947565543,0.07325635824621629,0.08016074450084598,0.06666666666666665,0.13725245297290134,0.01628304206702713,0.5,0.5041132242370633,0.024088404496702527
FairAA_3Moment,1.0,1,0.6867295990014043,0.616,0.2781954887218045,0.0365111561866126,0.16666666666666663,0.16666666666666663,0.13640593236787357,0.005675352226745201,0.5,0.5048651039363112,0.009661521908632446
FairAA_3Moment,3.0,1,0.6860469652051802,0.658,0.29045643153526973,0.023950694336089873,0.24583333333333335,0.24583333333333335,0.1358805243353256,0.003096539385595398,0.5,0.5030959752321981,0.003848082148765433
FairAA_3Moment,10.0,1,0.6424559213605867,0.582,0.26666666666666666,0.0130285535965049,0.1875,0.1875,0.07965297410948602,0.06973891288506318,0.5,0.5049977885891198,0.06431498682719235
FairAA_3Moment,30.0,1,0.6424559213605867,0.582,0.26666666666666666,0.0130285535965049,0.1875,0.1875,0.07965297410948602,0.06973891288506318,0.5,0.5049977885891198,0.06431498682719235
FairAA_3Moment,100.0,1,0.6424559213605867,0.582,0.26666666666666666,0.0130285535965049,0.1875,0.1875,0.07965297410948602,0.06973891288506318,0.5,0.5049977885891198,0.06431498682719235
FairAA_Adv,0.0,1,0.6902207832735217,0.62,0.2857142857142857,0.09502262443438914,0.10607021996615906,0.06666666666666665,0.13814387846671417,0.0738794200625289,0.5,0.5255196815568332,0.06397626433198919
FairAA_Adv,0.03,1,0.6903183023872679,0.618,0.2846441947565543,0.09276018099547512,0.10353214890016921,0.06666666666666665,0.13812866286293357,0.07270055681295673,0.5,0.5173816895179124,0.06313598947403395
FairAA_Adv,0.1,1,0.6903378062100173,0.618,0.2846441947565543,0.09276018099547512,0.10353214890016921,0.06666666666666665,0.138127090362265,0.07052625655215228,0.5,0.5166298098186644,0.0617711149055264
FairAA_Adv,0.3,1,0.690025745046029,0.62,0.2857142857142857,0.07551880168513031,0.08269881556683584,0.06666666666666665,0.13810278080057325,0.0653224227109156,0.5,0.5217602830605926,0.058404190026372274
FairAA_Adv,1.0,1,0.6903963176782648,0.616,0.2835820895522388,0.0904977375565611,0.10099407783417935,0.06666666666666665,0.1380297025860956,0.05433662521493832,0.5,0.5187527642636002,0.050556693820155506
FairAA_Adv,3.0,1,0.6902012794507724,0.618,0.2846441947565543,0.07325635824621629,0.08016074450084598,0.06666666666666665,0.13778030738663405,0.036696400911421234,0.5,0.5232640424590889,0.03656803756763942
FairAA_Adv,10.0,1,0.6894211265408019,0.62,0.2857142857142857,0.07551880168513031,0.08269881556683584,0.06666666666666665,0.13702100705877707,0.022135142102953087,0.5,0.5134896063688632,0.02004334428817532
FairAA_Adv,30.0,1,0.6633250117022936,0.506,0.24924012158054712,0.05000780152909967,0.04727157360406087,0.008333333333333415,0.13631075624514644,0.01821794705537616,0.5,0.554046881910659,0.009824806656927719
FairAA_Adv,100.0,1,0.5199329068497426,0.188,0.20078740157480315,0.6865345607739117,0.7556049069373942,0.3375,0.014228850955147254,3.178640200802147,0.9867315347191509,0.9882352941176471,0.3628449010438635
FairPCA_AA,0.0,1,0.6786550163832111,0.614,0.27715355805243447,0.06327040099859571,0.16666666666666663,0.16666666666666663,0.13639378150492754,0.03141126558429841,0.5,0.5062361786819991,0.03840445108238192
FairPCA_AA,0.03,1,0.6786940240287096,0.614,0.27715355805243447,0.06327040099859571,0.16666666666666663,0.16666666666666663,0.12188005886983622,0.03141099197758335,0.5,0.5062361786819991,0.03840453736829463
FairPCA_AA,0.1,1,0.6787330316742082,0.614,0.27715355805243447,0.06327040099859571,0.16666666666666663,0.16666666666666663,0.12159033215860215,0.031411143119165374,0.5,0.5062361786819991,0.03840143463422912
FairPCA_AA,0.3,1,0.6787330316742082,0.614,0.27715355805243447,0.06327040099859571,0.16666666666666663,0.16666666666666663,0.121463342083168,0.0314013631860498,0.5,0.5062361786819991,0.03839472509624156
FairPCA_AA,1.0,1,0.6786550163832112,0.614,0.27715355805243447,0.06327040099859571,0.16666666666666663,0.16666666666666663,0.12092785523279792,0.030543134182360987,0.5,0.5077399380804953,0.03774597437700226
FairPCA_AA,3.0,1,0.6787720393197068,0.614,0.27715355805243447,0.06327040099859571,0.16666666666666663,0.16666666666666663,0.12395802206066897,0.027262978277633132,0.5,0.502609464838567,0.03485396854870039
FairPCA_AA,10.0,1,0.6816391012638476,0.614,0.27169811320754716,0.03924169137150885,0.14583333333333337,0.14583333333333337,0.12696148469891733,0.02503276079959693,0.5,0.5004865103936311,0.03311822757688451
FairPCA_AA,30.0,1,0.6820681853643313,0.61,0.2696629213483146,0.004758932750819178,0.14583333333333337,0.14583333333333337,0.1272868027741879,0.024894802384145653,0.5,0.5048651039363113,0.03571138639353478
FairPCA_AA,100.0,1,0.6824582618193166,0.612,0.2706766917293233,0.002496489311905159,0.14583333333333337,0.14583333333333337,0.1271914869050722,0.02505607566295842,0.5,0.5034940291906237,0.03682025229169468
Raw,,2,0.9302153222031517,0.872,0.6049382716049383,0.09627086909034169,0.070748730964467,0.054166666666666585,,,,,
AA,,2,0.7414573256358246,0.668,0.3252032520325203,0.015759088781401143,0.13333333333333341,0.13333333333333341,0.13650081568351646,0.054155972733091806,0.5,0.5042459088898716,0.05829367220750741
FairAA,0.0,2,0.7414573256358246,0.668,0.3252032520325203,0.015759088781401143,0.13333333333333341,0.13333333333333341,0.13650150667765915,0.05415280563505054,0.5,0.5042459088898716,0.05829288977344344
FairAA,0.03,2,0.7412622874083321,0.668,0.3252032520325203,0.015759088781401143,0.13333333333333341,0.13333333333333341,0.13651891342560418,0.05399750931311287,0.5,0.5042459088898716,0.058189820783794914
FairAA,0.1,2,0.7416133562178187,0.666,0.32388663967611336,0.018021532220315162,0.13333333333333341,0.13333333333333341,0.1365217775694445,0.05247020466635288,0.5,0.5071207430340557,0.05719166264200425
FairAA,0.3,2,0.7427055702917772,0.666,0.32388663967611336,0.018021532220315162,0.13333333333333341,0.13333333333333341,0.1364525362399801,0.042329493880902125,0.5,0.49310039805395844,0.049896774343889554
FairAA,1.0,2,0.7483226712435637,0.666,0.32388663967611336,0.020986113278202545,0.13333333333333341,0.13333333333333341,0.135799317921677,0.018067797248229267,0.5,0.5042459088898716,0.02220168502146658
FairAA,3.0,2,0.750448587923233,0.668,0.319672131147541,0.027773443594944602,0.15416666666666667,0.15416666666666667,0.13508278772084026,0.012400363534310621,0.5,0.5003538257408227,0.0063999608799673036
FairAA,10.0,2,0.7188328912466844,0.444,0.25668449197860965,0.16882508971758464,0.21277495769881555,0.033333333333333326,0.04171694795291292,0.04319338342150203,0.5,0.49761167624944713,0.05332526624905327
FairAA,30.0,2,0.7188328912466844,0.444,0.25668449197860965,0.16882508971758464,0.21277495769881555,0.033333333333333326,0.04171694795291292,0.04319338342150203,0.5,0.49761167624944713,0.05332526624905327
FairAA,100.0,2,0.7188328912466844,0.444,0.25668449197860965,0.16882508971758464,0.21277495769881555,0.033333333333333326,0.04171694795291292,0.04319338342150203,0.5,0.49761167624944713,0.05332526624905327
FairAA_3Moment,0.0,2,0.7414573256358246,0.668,0.3252032520325203,0.015759088781401143,0.13333333333333341,0.13333333333333341,0.13650150823830287,0.054152807286764526,0.5,0.5042459088898716,0.05829289116818037
FairAA_3Moment,0.03,2,0.742471524418786,0.666,0.32388663967611336,0.018021532220315162,0.13333333333333341,0.13333333333333341,0.13645355888331856,0.037367067575780566,0.5,0.49973463069438295,0.046788442163654964
FairAA_3Moment,0.1,2,0.7425885473552817,0.66,0.32,0.005305039787798449,0.13333333333333341,0.13333333333333341,0.13625469952948788,0.023712941628703743,0.5,0.4991154356479434,0.03399435266219428
FairAA_3Moment,0.3,2,0.7436807614292401,0.662,0.321285140562249,0.0030425963488843744,0.13333333333333341,0.13333333333333341,0.13592382607273323,0.014100418846449192,0.5,0.4902255639097744,0.02194130086355255
FairAA_3Moment,1.0,2,0.7466258386643781,0.662,0.321285140562249,0.0030425963488843744,0.13333333333333341,0.13333333333333341,0.13534257470633215,0.007803040390213956,0.5,0.4849624060150376,0.009747691128569677
FairAA_3Moment,3.0,2,0.7431931658605087,0.662,0.321285140562249,0.0030425963488843744,0.13333333333333341,0.13333333333333341,0.1350129142306149,0.0056708314082291045,0.5,0.49310039805395844,0.00432852719634781
FairAA_3Moment,10.0,2,0.6532415353409268,0.48,0.2571428571428571,0.07551880168513025,0.15000000000000002,0.15000000000000002,-0.06464316168381745,0.04355346336820998,0.5,0.502609464838567,0.04708223489575644
FairAA_3Moment,30.0,2,0.6532415353409268,0.48,0.2571428571428571,0.07551880168513025,0.15000000000000002,0.15000000000000002,-0.06464316168381745,0.04355346336820998,0.5,0.502609464838567,0.04708223489575644
FairAA_3Moment,100.0,2,0.6532415353409268,0.48,0.2571428571428571,0.07551880168513025,0.15000000000000002,0.15000000000000002,-0.06464316168381745,0.04355346336820998,0.5,0.502609464838567,0.04708223489575644
FairAA_Adv,0.0,2,0.7414573256358246,0.668,0.3252032520325203,0.015759088781401143,0.13333333333333341,0.13333333333333341,0.13650150667765915,0.05415280563505054,0.5,0.5042459088898716,0.05829288977344344
FairAA_Adv,0.03,2,0.7414573256358247,0.668,0.3252032520325203,0.015759088781401143,0.13333333333333341,0.13333333333333341,0.13651859214633744,0.05354465057226809,0.5,0.5019902697921272,0.05789616701627382
FairAA_Adv,0.1,2,0.7414963332813231,0.666,0.32388663967611336,0.018021532220315162,0.13333333333333341,0.13333333333333341,0.13652028626302481,0.05228685280575063,0.5,0.5078726227333038,0.05706970586062291
FairAA_Adv,0.3,2,0.7415353409268217,0.666,0.32388663967611336,0.018021532220315162,0.13333333333333341,0.13333333333333341,0.1364980083031676,0.04890697466732441,0.5,0.5063688633348076,0.05475624399246185
FairAA_Adv,1.0,2,0.7425495397097831,0.666,0.32388663967611336,0.018021532220315162,0.13333333333333341,0.13333333333333341,0.13642454256659253,0.040556461796883436,0.5,0.49747899159663866,0.048477075801781164
FairAA_Adv,3.0,2,0.7439148073022313,0.662,0.321285140562249,0.0030425963488843744,0.13333333333333341,0.13333333333333341,0.13623959198790447,0.028969833356495056,0.5,0.49234851835471033,0.0374942094690894
FairAA_Adv,10.0,2,0.7473279762833515,0.666,0.32388663967611336,0.0014822905289436639,0.13333333333333341,0.13333333333333341,0.1358535621293162,0.017915741183763823,0.5,0.5019902697921274,0.021308823666021232
FairAA_Adv,30.0,2,0.6988609767514432,0.606,0.2730627306273063,0.04470276174130128,0.4375,0.4375,0.13549331613105653,0.012874288668102696,0.5,0.5003538257408227,0.008494826049876754
FairAA_Adv,100.0,2,0.49960992354501477,0.318,0.19002375296912113,0.8212669683257918,0.8333333333333334,0.8333333333333334,-0.010261540218210907,2.270401109449232,0.5492702344095532,0.9550641309155242,0.32412660020316064
FairPCA_AA,0.0,2,0.7694063036355125,0.7,0.34210526315789475,0.024964893119051312,0.275,0.275,0.1381014750556867,0.047174810399061795,0.5,0.49009287925696593,0.03861413424446139
FairPCA_AA,0.03,2,0.7694063036355125,0.7,0.34210526315789475,0.024964893119051312,0.275,0.275,0.12728180000493794,0.047176634723982036,0.5,0.49009287925696593,0.03861535448335861
FairPCA_AA,0.1,2,0.769445311281011,0.7,0.34210526315789475,0.024964893119051312,0.275,0.275,0.12778663592870299,0.04718148136581357,0.5,0.49009287925696593,0.03861592688632726
FairPCA_AA,0.3,2,0.7694063036355125,0.7,0.34210526315789475,0.024964893119051312,0.275,0.275,0.12641814292283804,0.04717569540730515,0.5,0.4915966386554622,0.038609731546270266
FairPCA_AA,1.0,2,0.7688016851302856,0.7,0.34210526315789475,0.024964893119051312,0.275,0.275,0.1264784324707573,0.04712188805138795,0.5,0.4893409995577178,0.03872188998351408
FairPCA_AA,3.0,2,0.767475425183336,0.698,0.3406113537117904,0.022702449680137293,0.275,0.275,0.12299138370996232,0.046859043064317984,0.5,0.4967271118973905,0.03987803431543475
FairPCA_AA,10.0,2,0.7619753471680448,0.686,0.33191489361702126,0.010376033702605703,0.15416666666666667,0.15416666666666667,0.11799057061068807,0.046739454231723765,0.5,0.4878372401592216,0.04196308384910408
FairPCA_AA,30.0,2,0.7595958807926354,0.684,0.3305084745762712,0.012638477141519722,0.15416666666666667,0.15416666666666667,0.12027366490920688,0.046704765789301605,0.5,0.4967271118973905,0.04294203318904789
FairPCA_AA,100.0,2,0.7581916055546887,0.684,0.3305084745762712,0.012638477141519722,0.15416666666666667,0.15416666666666667,0.12118379763715525,0.046722508835925436,0.5,0.4864661654135339,0.04333927648521942
Raw,,3,0.9102044000624121,0.866,0.5988023952095808,0.08495865189577154,0.04583333333333339,0.04583333333333339,,,,,
AA,,3,0.6659580277734436,0.626,0.242914979757085,0.057029177718832924,0.09999999999999998,0.09999999999999998,0.14528487919780186,0.08279938642080908,0.5,0.5261388766032729,0.08456390404503429
FairAA,0.0,3,0.6661920736464347,0.626,0.242914979757085,0.057029177718832924,0.09999999999999998,0.09999999999999998,0.14528576263271764,0.08279956866045679,0.5,0.5261388766032729,0.08456376541469554
FairAA,0.03,3,0.6658995163051958,0.626,0.242914979757085,0.057029177718832924,0.09999999999999998,0.09999999999999998,0.1452997830782763,0.08241469538290092,0.5,0.526890756302521,0.08434292263252291
FairAA,0.1,3,0.6659190201279451,0.626,0.242914979757085,0.057029177718832924,0.09999999999999998,0.09999999999999998,0.14528817486036927,0.07954340973341101,0.5,0.5121185316231756,0.08268020513050878
FairAA,0.3,3,0.6659385239506942,0.626,0.242914979757085,0.03752535496957399,0.22083333333333327,0.22083333333333327,0.14532275321232446,0.059653745111775014,0.5,0.515126050420168,0.07004127435182694
FairAA,1.0,3,0.6671867686066469,0.64,0.25,0.0021844281479169725,0.22083333333333327,0.22083333333333327,0.14491892757770208,0.018435713711145496,0.5,0.4982308712958868,0.02538012265719311
FairAA,3.0,3,0.6658995163051957,0.666,0.2374429223744292,0.02582306132001877,0.1833333333333333,0.1833333333333333,0.14412049745221756,0.012101024659106563,0.5,0.5623175586023883,0.0054459920064488555
FairAA,10.0,3,0.6079926665626463,0.722,0.1871345029239766,0.0173974098923389,0.15000000000000002,0.15000000000000002,0.07332996819437498,0.07047756946290462,0.5,0.5175143741707209,0.0699217975196745
FairAA,30.0,3,0.6079926665626463,0.722,0.1871345029239766,0.0173974098923389,0.15000000000000002,0.15000000000000002,0.07332996819437498,0.07047756946290462,0.5,0.5175143741707209,0.0699217975196745
FairAA,100.0,3,0.6079926665626463,0.722,0.1871345029239766,0.0173974098923389,0.15000000000000002,0.15000000000000002,0.07332996819437498,0.07047756946290462,0.5,0.5175143741707209,0.0699217975196745
FairAA_3Moment,0.0,3,0.6659580277734436,0.626,0.242914979757085,0.057029177718832924,0.09999999999999998,0.09999999999999998,0.14528576390565817,0.08279956901297647,0.5,0.5261388766032729,0.08456376769986781
FairAA_3Moment,0.03,3,0.6653729130909658,0.64,0.25,0.021688250897175798,0.22083333333333327,0.22083333333333327,0.14522525528573516,0.05384532793299224,0.5,0.5158779301194162,0.06690408681260449
FairAA_3Moment,0.1,3,0.6662895927601812,0.628,0.24390243902439024,0.03526291153065997,0.22083333333333327,0.22083333333333327,0.14493599636850085,0.030635903571427536,0.5,0.5092436974789916,0.04681163108132109
FairAA_3Moment,0.3,3,0.6658019971914496,0.628,0.25,0.02028397565922918,0.19999999999999996,0.19999999999999996,0.14466178861733103,0.015338822664657359,0.5,0.5041132242370632,0.027068167298729188
FairAA_3Moment,1.0,3,0.6650413481042285,0.632,0.25203252032520324,0.015759088781401143,0.19999999999999996,0.19999999999999996,0.14451258532776168,0.007842055911211343,0.5,0.5498009730207872,0.010248510586114937
FairAA_3Moment,3.0,3,0.6596582930254329,0.684,0.25471698113207547,0.022156342643158022,0.28333333333333327,0.28333333333333327,0.14407332550850005,0.005791966808857185,0.5,0.5196373286156567,0.004036009432947088
FairAA_3Moment,10.0,3,0.6396083632391948,0.574,0.2629757785467128,0.13254797940396318,0.16264805414551603,0.06666666666666665,0.07813327547867266,0.07690647956937602,0.5,0.49672711189739055,0.07114256832000035
FairAA_3Moment,30.0,3,0.6396083632391948,0.574,0.2629757785467128,0.13254797940396318,0.16264805414551603,0.06666666666666665,0.07813327547867266,0.07690647956937602,0.5,0.49672711189739055,0.07114256832000035
FairAA_3Moment,100.0,3,0.6396083632391948,0.574,0.2629757785467128,0.13254797940396318,0.16264805414551603,0.06666666666666665,0.07813327547867266,0.07690647956937602,0.5,0.49672711189739055,0.07114256832000035
FairAA_Adv,0.0,3,0.6661920736464347,0.626,0.242914979757085,0.057029177718832924,0.09999999999999998,0.09999999999999998,0.14528576263271764,0.08279956866045679,0.5,0.5261388766032729,0.08456376541469554
FairAA_Adv,0.03,3,0.6658019971914495,0.626,0.242914979757085,0.057029177718832924,0.09999999999999998,0.09999999999999998,0.14528428175883756,0.0816134179584097,0.5,0.5261388766032729,0.0839059194716181
FairAA_Adv,0.1,3,0.6656849742549539,0.626,0.242914979757085,0.057029177718832924,0.09999999999999998,0.09999999999999998,0.1452797499651174,0.07976125274539125,0.5,0.5238832375055285,0.08283011892506367
FairAA_Adv,0.3,3,0.6659970354189421,0.628,0.25,0.03978779840848806,0.19999999999999996,0.19999999999999996,0.1452865647103646,0.07485662359415801,0.5,0.512251216275984,0.07989781354490835
FairAA_Adv,1.0,3,0.6662505851146824,0.626,0.242914979757085,0.03752535496957399,0.22083333333333327,0.22083333333333327,0.1453106106255142,0.06301700420957523,0.5,0.5128704113224236,0.07226426714839726
FairAA_Adv,3.0,3,0.6662505851146825,0.63,0.25101214574898784,0.03752535496957399,0.19999999999999996,0.19999999999999996,0.14522625866412053,0.042573497604465604,0.5,0.5130030959752323,0.056625884242373435
FairAA_Adv,10.0,3,0.6668552036199096,0.63,0.25101214574898784,0.018021532220315162,0.19999999999999996,0.19999999999999996,0.14481771499998497,0.017949619067111344,0.5,0.5113666519239274,0.027435723476487647
FairAA_Adv,30.0,3,0.6558550475893276,0.526,0.27522935779816515,0.023482602590107593,0.054357021996615906,0.029166666666666674,0.14457837096625503,0.011350499275059933,0.5,0.5238832375055285,0.005862333386287617
FairAA_Adv,100.0,3,0.6040333905445467,0.634,0.2591093117408907,0.03752535496957399,0.30000000000000004,0.30000000000000004,0.008810016931321774,2.3933613108033374,0.9718266253869968,1.0,0.28973189426786555
FairPCA_AA,0.0,3,0.6643002028397567,0.626,0.24899598393574296,0.022546419098143256,0.19999999999999996,0.19999999999999996,0.1457466485872383,0.038192117903659506,0.5,0.499469261388766,0.045152320035452664
FairPCA_AA,0.03,3,0.6642611951942581,0.626,0.24899598393574296,0.022546419098143256,0.19999999999999996,0.19999999999999996,0.1407055889289629,0.03819117739916189,0.5,0.5112339672711189,0.0451521683039328
FairPCA_AA,0.1,3,0.6643002028397565,0.626,0.24899598393574296,0.022546419098143256,0.19999999999999996,0.19999999999999996,0.138386598431406,0.03819821248565125,0.5,0.499469261388766,0.0451536783408132
FairPCA_AA,0.3,3,0.6643002028397565,0.626,0.24899598393574296,0.022546419098143256,0.19999999999999996,0.19999999999999996,0.13817617811156546,0.038189656392710325,0.5,0.499469261388766,0.045148626569257895
FairPCA_AA,1.0,3,0.6646512716492433,0.626,0.24899598393574296,0.022546419098143256,0.19999999999999996,0.19999999999999996,0.13854481633074567,0.03752729270530408,0.5,0.499469261388766,0.04480323548704015
FairPCA_AA,3.0,3,0.6662505851146826,0.626,0.2549800796812749,0.027071305975971294,0.17916666666666659,0.17916666666666659,0.13950146272149366,0.03606759275944904,0.5,0.5068553737284387,0.04298783709677376
FairPCA_AA,10.0,3,0.6659385239506944,0.624,0.25396825396825395,0.029333749414885313,0.17916666666666659,0.17916666666666659,0.1423071892169544,0.03957926033231862,0.5,0.4818222025652366,0.04122495692108376
FairPCA_AA,30.0,3,0.6660165392416915,0.624,0.24193548387096775,0.02028397565922918,0.22083333333333327,0.22083333333333327,0.1416519714167861,0.04284927041369779,0.5,0.4848297213622291,0.04083115315960406
FairPCA_AA,100.0,3,0.6655484474957091,0.624,0.24193548387096775,0.02028397565922918,0.22083333333333327,0.22083333333333327,0.14229813812862557,0.0443018907573175,0.5,0.5149933657673595,0.04056451390614403
Raw,,4,0.9274067717272585,0.862,0.5818181818181818,0.0894835387735996,0.20833333333333337,0.20833333333333337,,,,,
AA,,4,0.6847207052582306,0.614,0.27169811320754716,0.03877359962552662,0.21666666666666667,0.21666666666666667,0.14194384209217104,0.03408922541431214,0.5,0.5406457319770014,0.047612549438460015
FairAA,0.0,4,0.6846621937899828,0.614,0.27169811320754716,0.03877359962552662,0.21666666666666667,0.21666666666666667,0.14194384209204203,0.03408922541377257,0.5,0.5406457319770014,0.04761254943800021
FairAA,0.03,4,0.6844866593852394,0.614,0.27169811320754716,0.03877359962552662,0.21666666666666667,0.21666666666666667,0.14193392815730643,0.03389502194822458,0.5,0.5465280849181778,0.04748742863905638
FairAA,0.1,4,0.6845646746762365,0.614,0.27169811320754716,0.03877359962552662,0.21666666666666667,0.21666666666666667,0.1419336572803932,0.03289988671167632,0.5,0.5406457319770014,0.0467697508371443
FairAA,0.3,4,0.6845256670307381,0.614,0.27169811320754716,0.03877359962552662,0.21666666666666667,0.21666666666666667,0.1418450282456183,0.024771315479082512,0.5,0.5281291463954002,0.040217613625491394
FairAA,1.0,4,0.6867686066469029,0.61,0.2696629213483146,0.034248712747698584,0.21666666666666667,0.21666666666666667,0.1414552521404635,0.008110450058851248,0.5,0.5362671384343212,0.015110012292637642
FairAA,3.0,4,0.6871586831018879,0.61,0.275092936802974,0.02972382586987049,0.19583333333333341,0.19583333333333341,0.1410171567736972,0.0074808573457246785,0.5,0.5658115877930119,0.0033928344204737643
FairAA,10.0,4,0.5819550631923858,0.43,0.2359249329758713,0.02847558121391791,0.050000000000000044,0.050000000000000044,0.06286461163211166,0.042236028551270954,0.5,0.4954887218045112,0.028698765990817388
FairAA,30.0,4,0.5819550631923858,0.43,0.2359249329758713,0.02847558121391791,0.050000000000000044,0.050000000000000044,0.06286461163211166,0.042236028551270954,0.5,0.4954887218045112,0.028698765990817388
FairAA,100.0,4,0.5819550631923858,0.43,0.2359249329758713,0.02847558121391791,0.050000000000000044,0.050000000000000044,0.06286461163211166,0.042236028551270954,0.5,0.4954887218045112,0.028698765990817388
FairAA_3Moment,0.0,4,0.6846816976127321,0.614,0.27169811320754716,0.03877359962552662,0.21666666666666667,0.21666666666666667,0.14194384362459134,0.034089227505478825,0.5,0.5406457319770014,0.04761255257465497
FairAA_3Moment,0.03,4,0.6845451708534872,0.614,0.27169811320754716,0.03877359962552662,0.21666666666666667,0.21666666666666667,0.14188003957305706,0.024810185110082372,0.5,0.5539141972578505,0.04037941453007646
FairAA_3Moment,0.1,4,0.684681697612732,0.614,0.27169811320754716,0.03877359962552662,0.21666666666666667,0.21666666666666667,0.1417337899052048,0.015403598285396503,0.5,0.5223794781070323,0.030314890276398984
FairAA_3Moment,0.3,4,0.6863005149009206,0.61,0.2696629213483146,0.034248712747698584,0.21666666666666667,0.21666666666666667,0.1414128154397285,0.008911530786531063,0.5,0.5377708978328173,0.018712962029529226
FairAA_3Moment,1.0,4,0.6866905913559057,0.61,0.2696629213483146,0.014744889998439648,0.21666666666666667,0.21666666666666667,0.14095877522983769,0.005170320277638751,0.5,0.5275099513489605,0.0066258679118457245
FairAA_3Moment,3.0,4,0.6850132625994696,0.66,0.2975206611570248,0.07130597597129035,0.21666666666666667,0.21666666666666667,0.1407824807784398,0.0037724565652991204,0.5,0.5173816895179124,0.002145979983796384
FairAA_3Moment,10.0,4,0.6974176938679981,0.644,0.288,0.05320642845997814,0.09583333333333333,0.09583333333333333,0.10009522648804237,0.032070934391486006,0.5,0.5018575851393189,0.042496349806654614
FairAA_3Moment,30.0,4,0.6974176938679981,0.644,0.288,0.05320642845997814,0.09583333333333333,0.09583333333333333,0.10009522648804237,0.032070934391486006,0.5,0.5018575851393189,0.042496349806654614
FairAA_3Moment,100.0,4,0.6974176938679981,0.644,0.288,0.05320642845997814,0.09583333333333333,0.09583333333333333,0.10009522648804237,0.032070934391486006,0.5,0.5018575851393189,0.042496349806654614
FairAA_Adv,0.0,4,0.6846621937899828,0.614,0.27169811320754716,0.03877359962552662,0.21666666666666667,0.21666666666666667,0.14194384209204203,0.03408922541377257,0.5,0.5406457319770014,0.04761254943800021
FairAA_Adv,0.03,4,0.6845451708534872,0.614,0.27169811320754716,0.03877359962552662,0.21666666666666667,0.21666666666666667,0.1419345556921282,0.03355998438490859,0.5,0.5413976116762494,0.04723669607091625
FairAA_Adv,0.1,4,0.6849547511312216,0.614,0.27169811320754716,0.03877359962552662,0.21666666666666667,0.21666666666666667,0.14193468201748238,0.03248274843346388,0.5,0.535515258735073,0.04645322011013448
FairAA_Adv,0.3,4,0.6847207052582306,0.614,0.27169811320754716,0.03877359962552662,0.21666666666666667,0.21666666666666667,0.14192712242603633,0.029747667960738577,0.5,0.5546660769570987,0.0443624366362021
FairAA_Adv,1.0,4,0.6846426899672337,0.614,0.27169811320754716,0.03877359962552662,0.21666666666666667,0.21666666666666667,0.14188536243504468,0.022745424458957997,0.5,0.5245024325519682,0.038361828805346124
FairAA_Adv,3.0,4,0.6845646746762366,0.614,0.27169811320754716,0.03877359962552662,0.21666666666666667,0.21666666666666667,0.14173183876875406,0.013879147991063934,0.5,0.5252543122512162,0.02788178296503769
FairAA_Adv,10.0,4,0.6866905913559057,0.61,0.2696629213483146,0.034248712747698584,0.21666666666666667,0.21666666666666667,0.1412540920172961,0.007278384573525143,0.5,0.5421494913754976,0.009494566473615268
FairAA_Adv,30.0,4,0.678498985801217,0.502,0.25671641791044775,0.022078327352161087,0.19166666666666665,0.19166666666666665,0.14106613682054836,0.007410499822728567,0.5,0.5413976116762494,0.0035872742073120717
FairAA_Adv,100.0,4,0.6313192385707599,0.71,0.21621621621621623,0.8438914027149321,0.850253807106599,0.7916666666666666,-0.03697112767103028,4.037919912273598,0.9887218045112782,0.9764705882352942,0.39954494331812407
FairPCA_AA,0.0,4,0.6852863161179591,0.614,0.2825278810408922,0.01022000312061161,0.17500000000000004,0.17500000000000004,0.14317928132276636,0.010840651059314865,0.5,0.4810703228659884,0.025080962381526253
FairPCA_AA,0.03,4,0.6853058199407083,0.614,0.2825278810408922,0.01022000312061161,0.17500000000000004,0.17500000000000004,0.13308463692922667,0.010841051966764992,0.5,0.4825740822644847,0.025081431728556952
FairPCA_AA,0.1,4,0.6853058199407083,0.614,0.2825278810408922,0.01022000312061161,0.17500000000000004,0.17500000000000004,0.13434447726186283,0.010840873204891799,0.5,0.4825740822644847,0.025080977637910666
FairPCA_AA,0.3,4,0.6850912778904664,0.614,0.2825278810408922,0.01022000312061161,0.17500000000000004,0.17500000000000004,0.1343149359289526,0.010839439670681461,0.5,0.4810703228659884,0.025077784727764944
FairPCA_AA,1.0,4,0.6854618505227025,0.614,0.2825278810408922,0.01022000312061161,0.17500000000000004,0.17500000000000004,0.13373128748012997,0.010767499868256758,0.5,0.4943387881468377,0.02486539570643745
FairPCA_AA,3.0,4,0.6841160867530036,0.612,0.2814814814814815,0.00795755968169759,0.17500000000000004,0.17500000000000004,0.13489100212441163,0.010966661419808177,0.5,0.5017249004865103,0.025548019117614847
FairPCA_AA,10.0,4,0.6832384147292869,0.61,0.275092936802974,0.01022000312061161,0.19583333333333341,0.19583333333333341,0.13480537295567419,0.01162164104640262,0.5,0.4818222025652366,0.027608777339204027
FairPCA_AA,30.0,4,0.6825557809330629,0.612,0.27611940298507465,0.012482446559525628,0.19583333333333341,0.19583333333333341,0.13478289142299138,0.012059272589325043,0.5,0.48620079610791683,0.028526760514823758
FairPCA_AA,100.0,4,0.6843306288032454,0.614,0.27715355805243447,0.014744889998439648,0.19583333333333341,0.19583333333333341,0.13475082905387858,0.01228584331559579,0.5,0.49358690844758957,0.028917587683892125
Raw,,5,0.9004524886877827,0.856,0.55,0.0812919332189109,0.050000000000000044,0.050000000000000044,,,,,
AA,,5,0.6646707754719925,0.662,0.2683982683982684,0.09619285379934467,0.08365059221658205,0.07916666666666661,0.15795888814171255,0.019568234414076624,0.5,0.484829721362229,0.03672313618546681
FairAA,0.0,5,0.6646707754719925,0.662,0.2683982683982684,0.09619285379934467,0.08365059221658205,0.07916666666666661,0.15795888814176262,0.019568234420954567,0.5,0.484829721362229,0.03672313620807456
FairAA,0.03,5,0.6646707754719925,0.662,0.2683982683982684,0.09619285379934467,0.08365059221658205,0.07916666666666661,0.15795659247838068,0.019407257998119154,0.5,0.484829721362229,0.03658082837955333
FairAA,0.1,5,0.6645927601809956,0.662,0.2683982683982684,0.09619285379934467,0.08365059221658205,0.07916666666666661,0.15795643655149572,0.0189810718034501,0.5,0.4796992481203007,0.03598918944985608
FairAA,0.3,5,0.664397721953503,0.66,0.2672413793103448,0.0939304103604306,0.0811125211505922,0.07916666666666661,0.15797166595252177,0.015326229034842154,0.5,0.48345864661654137,0.031151535682247374
FairAA,1.0,5,0.6611015759088781,0.64,0.256198347107438,0.07130597597129035,0.07916666666666661,0.07916666666666661,0.15851057467201535,0.006223707511422871,0.5,0.48783724015922153,0.011542523511080253
FairAA,3.0,5,0.660867530035887,0.684,0.25471698113207547,0.0026525198938991967,0.07916666666666666,0.07916666666666666,0.15800258512958099,0.00543355408101065,0.5,0.4878372401592216,0.0023753307787822975
FairAA,10.0,5,0.6336401934779217,0.742,0.2543352601156069,0.0713839912622874,0.0677876480541455,0.025000000000000022,0.09300001470419494,0.027061144003985182,0.5,0.5226448474126493,0.03288063745186794
FairAA,30.0,5,0.6336401934779217,0.742,0.2543352601156069,0.0713839912622874,0.0677876480541455,0.025000000000000022,0.09300001470419494,0.027061144003985182,0.5,0.5226448474126493,0.03288063745186794
FairAA,100.0,5,0.6336401934779217,0.742,0.2543352601156069,0.0713839912622874,0.0677876480541455,0.025000000000000022,0.09300001470419494,0.027061144003985182,0.5,0.5226448474126493,0.03288063745186794
FairAA_3Moment,0.0,5,0.6646707754719925,0.662,0.2683982683982684,0.09619285379934467,0.08365059221658205,0.07916666666666661,0.1579588897012475,0.019568235072003448,0.5,0.484829721362229,0.03672313746216353
FairAA_3Moment,0.03,5,0.6644757372444999,0.66,0.2672413793103448,0.0939304103604306,0.0811125211505922,0.07916666666666661,0.1579326379567485,0.015373567236420804,0.5,0.47819548872180445,0.030781624721907853
FairAA_3Moment,0.1,5,0.6641441722577626,0.66,0.27350427350427353,0.10890934623186144,0.17916666666666659,0.17916666666666659,0.15787038367884565,0.01144103172452171,0.5,0.4827067669172932,0.025673985120909383
FairAA_3Moment,0.3,5,0.6626618817288188,0.646,0.2594142259414226,0.0780933062880324,0.07916666666666661,0.07916666666666661,0.15767576729812394,0.005840696066749418,0.5,0.4982308712958868,0.014002251944285827
FairAA_3Moment,1.0,5,0.6606724918083945,0.636,0.2540983606557377,0.06678108909346231,0.07916666666666661,0.07916666666666661,0.15767691218579238,0.0033091292775148107,0.5,0.5003538257408227,0.005540227858605057
FairAA_3Moment,3.0,5,0.6572788266500234,0.686,0.26291079812206575,0.058901544702761766,0.05160744500846021,0.020833333333333315,0.15744223699634807,0.0025648670908742233,0.5,0.4943387881468376,0.0019816579704382206
FairAA_3Moment,10.0,5,0.6260922140739584,0.628,0.23770491803278687,0.03073802465283193,0.12083333333333335,0.12083333333333335,0.11234239130037937,0.00817406349960803,0.5,0.4870853604599734,0.014414829674241056
FairAA_3Moment,30.0,5,0.6260922140739584,0.628,0.23770491803278687,0.03073802465283193,0.12083333333333335,0.12083333333333335,0.11234239130037937,0.00817406349960803,0.5,0.4870853604599734,0.014414829674241056
FairAA_3Moment,100.0,5,0.6260922140739584,0.628,0.23770491803278687,0.03073802465283193,0.12083333333333335,0.12083333333333335,0.11234239130037937,0.00817406349960803,0.5,0.4870853604599734,0.014414829674241056
FairAA_Adv,0.0,5,0.6646707754719925,0.662,0.2683982683982684,0.09619285379934467,0.08365059221658205,0.07916666666666661,0.15795888814176262,0.019568234420954567,0.5,0.484829721362229,0.03672313620807456
FairAA_Adv,0.03,5,0.664631767826494,0.662,0.2683982683982684,0.09619285379934467,0.08365059221658205,0.07916666666666661,0.15796801841599428,0.01934025028218478,0.5,0.484829721362229,0.0364580471730733
FairAA_Adv,0.1,5,0.664631767826494,0.662,0.2683982683982684,0.09619285379934467,0.08365059221658205,0.07916666666666661,0.15797655727611515,0.018852806847705073,0.5,0.47894736842105257,0.03591358291938146
FairAA_Adv,0.3,5,0.6644757372444999,0.662,0.2683982683982684,0.09619285379934467,0.08365059221658205,0.07916666666666661,0.15799713170712282,0.017729276676452632,0.5,0.47894736842105257,0.0346721577400429
FairAA_Adv,1.0,5,0.6644757372444999,0.66,0.2672413793103448,0.0939304103604306,0.0811125211505922,0.07916666666666661,0.15798017304227074,0.01523668529407518,0.5,0.4789473684210527,0.03148261622613005
FairAA_Adv,3.0,5,0.6637540958027773,0.658,0.26609442060085836,0.09166796692151657,0.07916666666666661,0.07916666666666661,0.15804220024248838,0.010248205334268956,0.5,0.4980981866430783,0.02386170873347806
FairAA_Adv,10.0,5,0.6633640193477922,0.654,0.26382978723404255,0.06763925729442971,0.07916666666666661,0.07916666666666661,0.1577800890908143,0.006398703425487873,0.5,0.48996019460415746,0.011263064906703507
FairAA_Adv,30.0,5,0.628764237790607,0.728,0.2765957446808511,0.017943516929318115,0.0625,0.0625,0.15822713545109657,0.005253850355783518,0.5,0.4788146837682442,0.0024152130809591624
FairAA_Adv,100.0,5,0.6037798408488063,0.402,0.23529411764705882,0.20728662817912308,0.23762690355329952,0.11250000000000004,-0.012554541623657656,3.0731066387397235,0.9977443609022556,0.9800973020787263,0.3989874320475607
FairPCA_AA,0.0,5,0.6666016539241691,0.634,0.2591093117408907,0.07653300046809175,0.11802030456852791,0.05833333333333335,0.15304536203597474,0.013908660006777263,0.5,0.4996019460415745,0.02315979708850642
FairPCA_AA,0.03,5,0.6666016539241691,0.634,0.2591093117408907,0.07653300046809175,0.11802030456852791,0.05833333333333335,0.14988780864006246,0.013893373726177605,0.5,0.4996019460415745,0.02312235396605513
FairPCA_AA,0.1,5,0.6666016539241691,0.634,0.2591093117408907,0.07653300046809175,0.11802030456852791,0.05833333333333335,0.1523784460795864,0.013905987926112529,0.5,0.4996019460415745,0.023151193577521895
FairPCA_AA,0.3,5,0.666601653924169,0.634,0.2591093117408907,0.07653300046809175,0.11802030456852791,0.05833333333333335,0.1496010384799339,0.013893473194098394,0.5,0.4996019460415745,0.023130996623673468
FairPCA_AA,1.0,5,0.6674988297706351,0.634,0.2591093117408907,0.057029177718832924,0.09464890016920474,0.05833333333333335,0.14934333549755818,0.013632334570160776,0.5,0.4827067669172932,0.02250701293280044
FairPCA_AA,3.0,5,0.6687080667810891,0.638,0.2612244897959184,0.03300046809174595,0.06620135363790186,0.05833333333333335,0.1506003363936944,0.01221685966381092,0.5,0.48646616541353377,0.021592330785627806
FairPCA_AA,10.0,5,0.6620377594008426,0.662,0.27467811158798283,0.06436261507255425,0.08248730964467005,0.0625,0.13586849801083423,0.01882273193352746,0.5,0.4988500663423263,0.03070009797883169
FairPCA_AA,30.0,5,0.6691761585270714,0.648,0.26666666666666666,0.0021844281479169725,0.05833333333333335,0.05833333333333335,0.15019995632234995,0.011231073599696217,0.5,0.49672711189739055,0.02405033506789147
FairPCA_AA,100.0,5,0.6691371508815728,0.654,0.270042194092827,0.004602902168825085,0.05833333333333335,0.05833333333333335,0.15036504222272995,0.01130576895160107,0.5,0.5054842989827509,0.024747670359961196
Raw,,6,0.9001794351692931,0.864,0.569620253164557,0.08581682009673897,0.04737732656514382,0.029166666666666674,,,,,
AA,,6,0.7019425807458262,0.666,0.301255230125523,0.0780933062880324,0.3375,0.3375,0.14936768093420505,0.059192778235294785,0.5,0.5121185316231756,0.05894689181413844
FairAA,0.0,6,0.7018255578093306,0.666,0.301255230125523,0.0780933062880324,0.3375,0.3375,0.14936607621960452,0.05919312321552206,0.5,0.5121185316231756,0.0589449997666612
FairAA,0.03,6,0.7018840692775785,0.666,0.301255230125523,0.0780933062880324,0.3375,0.3375,0.1493718358208752,0.05905424900505385,0.5,0.5121185316231756,0.05886900901457612
FairAA,0.1,6,0.7023716648463099,0.664,0.3,0.07583086284911839,0.3375,0.3375,0.14935502164201164,0.057635713650807774,0.5,0.506236178681999,0.058159575718713455
FairAA,0.3,6,0.7017475425183335,0.664,0.3,0.07583086284911839,0.3375,0.3375,0.14934773730091244,0.04777531480550501,0.5,0.5137549756744803,0.05299900344896926
FairAA,1.0,6,0.7005968169761274,0.67,0.3037974683544304,0.04361054766734279,0.3375,0.3375,0.14963720223471866,0.01804952719119024,0.5,0.5113666519239275,0.0288872747556342
FairAA,3.0,6,0.7030738024652832,0.672,0.3050847457627119,0.02636916835699793,0.3375,0.3375,0.14833461538072557,0.008765081948264752,0.5,0.5810703228659884,0.007016281550220042
FairAA,10.0,6,0.6938875019503823,0.564,0.2684563758389262,0.08113590263691683,0.25416666666666665,0.25416666666666665,0.08568481399839811,0.039069901052842027,0.5,0.5078726227333038,0.049267255522292684
FairAA,30.0,6,0.6938875019503823,0.564,0.2684563758389262,0.08113590263691683,0.25416666666666665,0.25416666666666665,0.08568481399839811,0.039069901052842027,0.5,0.5078726227333038,0.049267255522292684
FairAA,100.0,6,0.6938875019503823,0.564,0.2684563758389262,0.08113590263691683,0.25416666666666665,0.25416666666666665,0.08568481399839811,0.039069901052842027,0.5,0.5078726227333038,0.049267255522292684
FairAA_3Moment,0.0,6,0.7018645654548291,0.666,0.301255230125523,0.0780933062880324,0.3375,0.3375,0.1493660776567337,0.05919314217287719,0.5,0.5121185316231756,0.05894502072056307
FairAA_3Moment,0.03,6,0.7017475425183336,0.666,0.301255230125523,0.0780933062880324,0.3375,0.3375,0.14937556813489006,0.04864294028951599,0.5,0.5196373286156567,0.05367339118265545
FairAA_3Moment,0.1,6,0.7012014354813544,0.664,0.3,0.07583086284911839,0.3375,0.3375,0.14933301616335026,0.03761045938909724,0.5,0.5092436974789916,0.04734158432407494
FairAA_3Moment,0.3,6,0.6996606334841629,0.67,0.3037974683544304,0.02410672491808391,0.3375,0.3375,0.14882909957884383,0.01890474803733022,0.5,0.4988500663423264,0.029390223432074834
FairAA_3Moment,1.0,6,0.6971446403495085,0.664,0.3,0.017319394601341853,0.3375,0.3375,0.14824395372366528,0.009485695102263714,0.5,0.5306501547987615,0.014390085610517502
FairAA_3Moment,3.0,6,0.660945545326884,0.68,0.26605504587155965,0.030425963488843855,0.12083333333333329,0.12083333333333329,0.14753684672730993,0.006830733789735088,0.5,0.5541795665634675,0.006260163854173471
FairAA_3Moment,10.0,6,0.6550358870338585,0.592,0.25547445255474455,0.01841160867530034,0.23750000000000004,0.23750000000000004,0.07889228805546766,0.032922480372613916,0.5,0.5106147722246794,0.03906893621775682
FairAA_3Moment,30.0,6,0.6550358870338585,0.592,0.25547445255474455,0.01841160867530034,0.23750000000000004,0.23750000000000004,0.07889228805546766,0.032922480372613916,0.5,0.5106147722246794,0.03906893621775682
FairAA_3Moment,100.0,6,0.6550358870338585,0.592,0.25547445255474455,0.01841160867530034,0.23750000000000004,0.23750000000000004,0.07889228805546766,0.032922480372613916,0.5,0.5106147722246794,0.03906893621775682
FairAA_Adv,0.0,6,0.7018255578093306,0.666,0.301255230125523,0.0780933062880324,0.3375,0.3375,0.14936607621960452,0.05919312321552206,0.5,0.5121185316231756,0.0589449997666612
FairAA_Adv,0.03,6,0.7017865501638322,0.666,0.301255230125523,0.0780933062880324,0.3375,0.3375,0.1493739477466628,0.05850667571170154,0.5,0.5113666519239274,0.05860184134986617
FairAA_Adv,0.1,6,0.7022936495553129,0.666,0.301255230125523,0.0780933062880324,0.3375,0.3375,0.1493626778249929,0.05718279798376802,0.5,0.5128704113224236,0.057892784156909634
FairAA_Adv,0.3,6,0.7021571227960681,0.664,0.3,0.07583086284911839,0.3375,0.3375,0.1493533875237557,0.053404105303688665,0.5,0.5128704113224236,0.05589425565052247
FairAA_Adv,1.0,6,0.7016890310500857,0.666,0.301255230125523,0.0780933062880324,0.3375,0.3375,0.14931003777367757,0.04227421421930999,0.5,0.5158779301194161,0.04958718632788795
FairAA_Adv,3.0,6,0.7011429240131065,0.666,0.301255230125523,0.05858948353877358,0.3375,0.3375,0.14915111952625826,0.028655196945773564,0.5,0.5003538257408225,0.039449862361629756
FairAA_Adv,10.0,6,0.6999921984709003,0.668,0.3025210084033613,0.02184428147916989,0.3375,0.3375,0.14882591480750462,0.017038591118084923,0.5,0.5011057054400707,0.026453865315771017
FairAA_Adv,30.0,6,0.7063309408644094,0.552,0.28205128205128205,0.06756124200343272,0.1708333333333334,0.1708333333333334,0.1486780952430493,0.009678502810282485,0.5,0.5812030075187969,0.011032103524793606
FairAA_Adv,100.0,6,0.6285691995631145,0.794,0.23703703703703705,0.9570135746606335,0.9670050761421319,0.875,0.018595443193982764,4.040056263040825,0.9882352941176471,0.9867315347191508,0.41166139998494994
FairPCA_AA,0.0,6,0.6881923857075988,0.66,0.2975206611570248,0.05180215322203152,0.3375,0.3375,0.1499634222807652,0.01113038195009386,0.5,0.4988500663423264,0.018679170023904405
FairPCA_AA,0.03,6,0.6881728818848495,0.66,0.2975206611570248,0.05180215322203152,0.3375,0.3375,0.13171422740785876,0.011130620544072212,0.5,0.4988500663423264,0.018678824485854447
FairPCA_AA,0.1,6,0.6881533780621002,0.66,0.2975206611570248,0.05180215322203152,0.3375,0.3375,0.12988725518649036,0.011129777248528927,0.5,0.4988500663423264,0.018678296967828238
FairPCA_AA,0.3,6,0.6880753627711033,0.66,0.2975206611570248,0.05180215322203152,0.3375,0.3375,0.12649280928679452,0.011134464467393745,0.5,0.4988500663423264,0.018687010694484748
FairPCA_AA,1.0,6,0.688055858948354,0.662,0.2987551867219917,0.05406459666094554,0.3375,0.3375,0.13032691729204915,0.01175497025722505,0.5,0.4973463069438302,0.019536010506750696
FairPCA_AA,3.0,6,0.6896941800592916,0.664,0.30578512396694213,0.05180215322203152,0.31666666666666665,0.31666666666666665,0.13481369455130632,0.01447316589166081,0.5,0.499469261388766,0.02310706529250871
FairPCA_AA,10.0,6,0.6913910126384771,0.66,0.30327868852459017,0.06678108909346231,0.31666666666666665,0.31666666666666665,0.13757686652630663,0.018242970521831436,0.5,0.48996019460415746,0.028331396710569993
FairPCA_AA,30.0,6,0.6928733031674208,0.66,0.30327868852459017,0.06678108909346231,0.31666666666666665,0.31666666666666665,0.13796816586611682,0.020029489707212855,0.5,0.4863334807607253,0.030583518778211152
FairPCA_AA,100.0,6,0.6928537993446715,0.658,0.2962962962962963,0.06904353253237633,0.3375,0.3375,0.13818239467424687,0.020761558871405184,0.5,0.4870853604599734,0.03147382223456914
Raw,,7,0.8978779840848806,0.856,0.5443037974683544,0.027305351848962406,0.4125,0.4125,,,,,
AA,,7,0.7229286940240287,0.65,0.291497975708502,0.020986113278202545,0.025000000000000022,0.025000000000000022,0.1530011717000953,0.0099316545437943,0.5,0.5130030959752322,0.018014406785930893
FairAA,0.0,7,0.7228896863785302,0.65,0.291497975708502,0.020986113278202545,0.025000000000000022,0.025000000000000022,0.153001171370738,0.00993165359301651,0.5,0.5130030959752322,0.01801440527854737
FairAA,0.03,7,0.7230457169605242,0.65,0.291497975708502,0.020986113278202545,0.025000000000000022,0.025000000000000022,0.15300168910783785,0.009914255564392516,0.5,0.512251216275984,0.017975858492365597
FairAA,0.1,7,0.7228116710875331,0.65,0.291497975708502,0.020986113278202545,0.025000000000000022,0.025000000000000022,0.15300814739659785,0.009683225607690193,0.5,0.5063688633348076,0.017524119240232554
FairAA,0.3,7,0.7223435793415509,0.65,0.291497975708502,0.020986113278202545,0.025000000000000022,0.025000000000000022,0.15295389012707872,0.008513549039878665,0.5,0.4870853604599734,0.0146841718357624
FairAA,1.0,7,0.7208222811671087,0.642,0.2868525896414343,0.011936339522546413,0.025000000000000022,0.025000000000000022,0.1527873690746977,0.006437328104365259,0.5,0.4845643520566121,0.004923844110616381
FairAA,3.0,7,0.7145420502418475,0.61,0.296028880866426,0.04688718988921825,0.12916666666666665,0.12916666666666665,0.1527031887085647,0.006550665846614567,0.5,0.4854489164086687,0.0011448133593347162
FairAA,10.0,7,0.6580199719144952,0.494,0.24477611940298508,0.0949446091433922,0.10215736040609136,0.008333333333333415,0.08310348567152614,0.025168110070646676,0.5,0.4992481203007519,0.037223836207299556
FairAA,30.0,7,0.6580199719144952,0.494,0.24477611940298508,0.0949446091433922,0.10215736040609136,0.008333333333333415,0.08310348567152614,0.025168110070646676,0.5,0.4992481203007519,0.037223836207299556
FairAA,100.0,7,0.6580199719144952,0.494,0.24477611940298508,0.0949446091433922,0.10215736040609136,0.008333333333333415,0.08310348567152614,0.025168110070646676,0.5,0.4992481203007519,0.037223836207299556
FairAA_3Moment,0.0,7,0.7229286940240287,0.65,0.291497975708502,0.020986113278202545,0.025000000000000022,0.025000000000000022,0.15300117307872418,0.009931654105641008,0.5,0.5130030959752322,0.01801440640798034
FairAA_3Moment,0.03,7,0.7223435793415509,0.648,0.2903225806451613,0.018723669839288526,0.025000000000000022,0.025000000000000022,0.1529859868865303,0.008454060090877014,0.5,0.4915966386554622,0.014500043677855762
FairAA_3Moment,0.1,7,0.7217194570135747,0.644,0.288,0.014198782961460488,0.025000000000000022,0.025000000000000022,0.15295584750507807,0.007234239117269725,0.5,0.5024767801857585,0.010923486147929304
FairAA_3Moment,0.3,7,0.7202761741301296,0.64,0.2857142857142857,0.009673896083632394,0.025000000000000022,0.025000000000000022,0.15286668909405765,0.005919518568913151,0.5,0.4988500663423264,0.007144481666303465
FairAA_3Moment,1.0,7,0.7187548759556872,0.64,0.2857142857142857,0.009673896083632394,0.025000000000000022,0.025000000000000022,0.15275970531225247,0.004473021951446943,0.5,0.5017249004865103,0.004055364885277385
FairAA_3Moment,3.0,7,0.6921516617256983,0.648,0.3178294573643411,0.0039007645498517762,0.12916666666666665,0.12916666666666665,0.15266360869182805,0.003587366795474334,0.5,0.5054842989827509,0.0021161347007655693
FairAA_3Moment,10.0,7,0.6664456233421749,0.592,0.28169014084507044,0.015290997035418918,0.012499999999999956,0.012499999999999956,0.11482525253934406,0.01828543742550992,0.5,0.5084918177797435,0.021218863271538685
FairAA_3Moment,30.0,7,0.6664456233421749,0.592,0.28169014084507044,0.015290997035418918,0.012499999999999956,0.012499999999999956,0.11482525253934406,0.01828543742550992,0.5,0.5084918177797435,0.021218863271538685
FairAA_3Moment,100.0,7,0.6664456233421749,0.592,0.28169014084507044,0.015290997035418918,0.012499999999999956,0.012499999999999956,0.11482525253934406,0.01828543742550992,0.5,0.5084918177797435,0.021218863271538685
FairAA_Adv,0.0,7,0.7228896863785302,0.65,0.291497975708502,0.020986113278202545,0.025000000000000022,0.025000000000000022,0.153001171370738,0.00993165359301651,0.5,0.5130030959752322,0.01801440527854737
FairAA_Adv,0.03,7,0.7230067093150256,0.65,0.291497975708502,0.020986113278202545,0.025000000000000022,0.025000000000000022,0.15299993119012834,0.009807764362227633,0.5,0.5033613445378151,0.01775024340717557
FairAA_Adv,0.1,7,0.7227726634420346,0.65,0.291497975708502,0.020986113278202545,0.025000000000000022,0.025000000000000022,0.15300498525378803,0.009640878795890595,0.5,0.5063688633348076,0.01738095885361826
FairAA_Adv,0.3,7,0.7227531596192854,0.65,0.291497975708502,0.020986113278202545,0.025000000000000022,0.025000000000000022,0.15300558824064803,0.009271611286628456,0.5,0.5063688633348076,0.016451974375766523
FairAA_Adv,1.0,7,0.7223045716960524,0.65,0.291497975708502,0.020986113278202545,0.025000000000000022,0.025000000000000022,0.1529789822246389,0.008316934962508182,0.5,0.4863334807607253,0.013721574421888011
FairAA_Adv,3.0,7,0.7213293805585894,0.648,0.2903225806451613,0.018723669839288526,0.025000000000000022,0.025000000000000022,0.15291698036163892,0.0071476596020834116,0.5,0.5113666519239274,0.008886308330857934
FairAA_Adv,10.0,7,0.7204907161803713,0.646,0.2891566265060241,0.016461226400374507,0.025000000000000022,0.025000000000000022,0.15275871490289117,0.006422664072426976,0.5,0.48832375055285276,0.003758434808558843
FairAA_Adv,30.0,7,0.7193594944609143,0.582,0.281786941580756,0.020049929786238097,0.043252961082910324,0.008333333333333415,0.15269722448650014,0.006383628206320324,0.5,0.4875718708536046,0.0016192712637218346
FairAA_Adv,100.0,7,0.6673427991886409,0.546,0.2508250825082508,0.5769230769230769,0.5964467005076142,0.41666666666666663,0.020259394628978522,2.667572197332598,0.8978328173374613,1.0,0.39885171061621644
FairPCA_AA,0.0,7,0.7240989233889843,0.658,0.29045643153526973,0.004446871586830992,0.125,0.125,0.15548724333987074,0.018071980173334112,0.5,0.518000884564352,0.025522306579045195
FairPCA_AA,0.03,7,0.7240989233889843,0.658,0.29045643153526973,0.004446871586830992,0.125,0.125,0.14533150866032485,0.018074480339119736,0.5,0.518000884564352,0.02552425212249336
FairPCA_AA,0.1,7,0.7240989233889843,0.658,0.29045643153526973,0.004446871586830992,0.125,0.125,0.1399712168284839,0.01807310147861274,0.5,0.518000884564352,0.025522644572618554
FairPCA_AA,0.3,7,0.7240599157434857,0.658,0.29045643153526973,0.004446871586830992,0.125,0.125,0.1406656171533276,0.018067748182781784,0.5,0.518000884564352,0.025517591059229357
FairPCA_AA,1.0,7,0.724449992198471,0.66,0.2975206611570248,0.012794507723513815,0.025000000000000022,0.025000000000000022,0.13926330137559906,0.01792498163084455,0.5,0.518000884564352,0.025384324598535506
FairPCA_AA,3.0,7,0.723630831643002,0.66,0.2975206611570248,0.012794507723513815,0.025000000000000022,0.025000000000000022,0.13829974464514028,0.016812506342689604,0.5,0.5039805395842547,0.02409149699468125
FairPCA_AA,10.0,7,0.722421594632548,0.658,0.2962962962962963,0.01053206428459974,0.025000000000000022,0.025000000000000022,0.13901926556988786,0.015104871120925845,0.5,0.508359133126935,0.02157427139021966
FairPCA_AA,30.0,7,0.7224606022780464,0.66,0.2975206611570248,0.012794507723513815,0.025000000000000022,0.025000000000000022,0.13905426192273407,0.01430137639409057,0.5,0.5039805395842547,0.020756670581964176
FairPCA_AA,100.0,7,0.7223630831643001,0.658,0.2962962962962963,0.030035887033858677,0.025000000000000022,0.025000000000000022,0.1397819539835078,0.013821423003322675,0.5,0.5054842989827509,0.020254362259311535
Raw,,8,0.8843033234513964,0.854,0.5575757575757576,0.12849118427211734,0.12916666666666665,0.12916666666666665,,,,,
AA,,8,0.6979052894367297,0.622,0.29739776951672864,0.01022000312061161,0.13333333333333341,0.13333333333333341,0.1511541983655289,0.07222723130183739,0.4992481203007519,0.5178681999115435,0.06783924488441685
FairAA,0.0,8,0.6979052894367297,0.622,0.29739776951672864,0.01022000312061161,0.13333333333333341,0.13333333333333341,0.1511546353840434,0.07222343903270889,0.4992481203007519,0.5178681999115435,0.06783752528168699
FairAA,0.03,8,0.6975152129817445,0.622,0.29739776951672864,0.01022000312061161,0.13333333333333341,0.13333333333333341,0.15115680578131063,0.07191575916122173,0.4992481203007519,0.5193719593100398,0.06764843760617587
FairAA,0.1,8,0.6976712435637386,0.618,0.2952029520295203,0.025198938992042452,0.13333333333333341,0.13333333333333341,0.1511704188304691,0.06982622388117588,0.4992481203007519,0.5177355152587351,0.06624104705791564
FairAA,0.3,8,0.6973201747542519,0.618,0.2952029520295203,0.025198938992042452,0.13333333333333341,0.13333333333333341,0.15131707573039133,0.056097386454696085,0.5,0.5104820875718709,0.055768887101224206
FairAA,1.0,8,0.6957988765798097,0.612,0.2971014492753623,0.013886721797472301,0.11250000000000004,0.11250000000000004,0.15144429535083748,0.030352612104513677,0.5,0.4973463069438302,0.02703758088510291
FairAA,3.0,8,0.695233265720081,0.608,0.2898550724637681,0.013886721797472301,0.13333333333333341,0.13333333333333341,0.15035973929806723,0.02099203921320092,0.5,0.6279964617425917,0.012940792551916989
FairAA,10.0,8,0.6309096582930254,0.558,0.22996515679442509,0.04751131221719457,0.15833333333333333,0.15833333333333333,-0.010515271405491688,0.07188644253082044,0.5,0.5027421494913755,0.06286059298761629
FairAA,30.0,8,0.6309096582930254,0.558,0.22996515679442509,0.04751131221719457,0.15833333333333333,0.15833333333333333,-0.010515271405491688,0.07188644253082044,0.5,0.5027421494913755,0.06286059298761629
FairAA,100.0,8,0.6309096582930254,0.558,0.22996515679442509,0.04751131221719457,0.15833333333333333,0.15833333333333333,-0.010515271405491688,0.07188644253082044,0.5,0.5027421494913755,0.06286059298761629
FairAA_3Moment,0.0,8,0.6979052894367297,0.622,0.29739776951672864,0.01022000312061161,0.13333333333333341,0.13333333333333341,0.15115463684838748,0.07222344170130568,0.4992481203007519,0.5178681999115435,0.06783752902135536
FairAA_3Moment,0.03,8,0.6968130753627712,0.616,0.29411764705882354,0.022936495553128433,0.13333333333333341,0.13333333333333341,0.15115330947936534,0.05232274372853274,0.5,0.5002211410880141,0.053056205725329104
FairAA_3Moment,0.1,8,0.6955843345295678,0.612,0.291970802919708,0.01841160867530034,0.13333333333333341,0.13333333333333341,0.15113310213889963,0.03586691040015855,0.5,0.5011057054400707,0.03970886692814565
FairAA_3Moment,0.3,8,0.6948821969105944,0.612,0.2971014492753623,0.013886721797472301,0.11250000000000004,0.11250000000000004,0.15124006371458443,0.024669626672384815,0.5,0.49672711189739055,0.028287118442074644
FairAA_3Moment,1.0,8,0.6932048681541582,0.61,0.296028880866426,0.011624278358558282,0.11250000000000004,0.11250000000000004,0.15082102492714866,0.017277097559106225,0.5,0.5442724458204335,0.01792712288247938
FairAA_3Moment,3.0,8,0.6942970822281167,0.61,0.296028880866426,0.011624278358558282,0.11250000000000004,0.11250000000000004,0.15019243087897693,0.01188771517304854,0.5,0.5552852720035382,0.011952412115179237
FairAA_3Moment,10.0,8,0.6943360898736152,0.784,0.3076923076923077,0.051334061476049325,0.46666666666666673,0.46666666666666673,0.148297063898977,0.008153676441106428,0.5,0.5750552852720036,0.005841857791523515
FairAA_3Moment,30.0,8,0.6555234826025901,0.554,0.23890784982935154,0.07294429708222805,0.11666666666666659,0.11666666666666659,-0.33027612496495706,0.05392329189318379,0.5,0.469172932330827,0.05869777083162025
FairAA_3Moment,100.0,8,0.6555234826025901,0.554,0.23890784982935154,0.07294429708222805,0.11666666666666659,0.11666666666666659,-0.33027612496495706,0.05392329189318379,0.5,0.469172932330827,0.05869777083162025
FairAA_Adv,0.0,8,0.6979052894367297,0.622,0.29739776951672864,0.01022000312061161,0.13333333333333341,0.13333333333333341,0.1511546353840434,0.07222343903270889,0.4992481203007519,0.5178681999115435,0.06783752528168699
FairAA_Adv,0.03,8,0.6976907473864877,0.622,0.29739776951672864,0.01022000312061161,0.13333333333333341,0.13333333333333341,0.1511449038992988,0.07145392519456395,0.4992481203007519,0.5178681999115435,0.06733239281225978
FairAA_Adv,0.1,8,0.6976907473864877,0.622,0.29739776951672864,0.01022000312061161,0.13333333333333341,0.13333333333333341,0.15115583892167817,0.06977352766468259,0.5,0.5097302078726227,0.06619854114275397
FairAA_Adv,0.3,8,0.6976907473864878,0.62,0.2962962962962963,0.00795755968169759,0.13333333333333341,0.13333333333333341,0.15117674963868277,0.06573662814420977,0.5,0.5201238390092879,0.06336714754270283
FairAA_Adv,1.0,8,0.69763223591824,0.616,0.29411764705882354,0.022936495553128433,0.13333333333333341,0.13333333333333341,0.15120891802484193,0.05503197294489037,0.5,0.4988500663423263,0.05481219983206186
FairAA_Adv,3.0,8,0.6970471212357622,0.616,0.29411764705882354,0.022936495553128433,0.13333333333333341,0.13333333333333341,0.15101904253190412,0.04122285666626013,0.5,0.4989827509951349,0.04044131006582015
FairAA_Adv,10.0,8,0.6952332657200812,0.612,0.2971014492753623,0.013886721797472301,0.11250000000000004,0.11250000000000004,0.15093353994342107,0.03145033577219236,0.5,0.5337461300309598,0.025536116481093434
FairAA_Adv,30.0,8,0.6992705570291777,0.694,0.32,0.031752223435793425,0.21666666666666667,0.21666666666666667,0.15073814034136168,0.029288044882077813,0.5,0.5830605926581158,0.017107606998423133
FairAA_Adv,100.0,8,0.6230691215478235,0.704,0.24489795918367346,0.11717896707754721,0.1724830795262267,0.10416666666666669,-0.018795715710414607,1.693030272906539,0.6799646174259177,0.9395400265369306,0.27934433027018973
FairPCA_AA,0.0,8,0.6826337962240598,0.544,0.2645161290322581,0.043532532376345745,0.11250000000000004,0.11250000000000004,0.14891858256816515,0.019427312034438482,0.5,0.5054842989827509,0.029096684690953133
FairPCA_AA,0.03,8,0.6826533000468091,0.544,0.2645161290322581,0.043532532376345745,0.11250000000000004,0.11250000000000004,0.12717100213669896,0.019427357659014488,0.5,0.5054842989827509,0.02909669712621981
FairPCA_AA,0.1,8,0.6826142924013107,0.544,0.2645161290322581,0.043532532376345745,0.11250000000000004,0.11250000000000004,0.12733415724242647,0.01942565401317564,0.5,0.5054842989827509,0.0290981496117622
FairPCA_AA,0.3,8,0.6827118115150569,0.544,0.2645161290322581,0.043532532376345745,0.11250000000000004,0.11250000000000004,0.12875900138577812,0.019401856353868485,0.5,0.5062361786819991,0.02906765643296972
FairPCA_AA,1.0,8,0.6831799032610392,0.544,0.2645161290322581,0.043532532376345745,0.11250000000000004,0.11250000000000004,0.13485122813245964,0.01837726439392573,0.5,0.5149933657673597,0.027791005895619253
FairPCA_AA,3.0,8,0.6822047121235763,0.542,0.2588996763754045,0.041270088937431726,0.13333333333333341,0.13333333333333341,0.13918102274027322,0.017288914048312898,0.5,0.489827509951349,0.024626240261378378
FairPCA_AA,10.0,8,0.6827898268060539,0.562,0.2724252491694352,0.023170541426119518,0.11250000000000004,0.11250000000000004,0.14337167418811025,0.01909506798677385,0.5,0.5030959752321981,0.026416674340189197
FairPCA_AA,30.0,8,0.6971251365267593,0.612,0.2971014492753623,0.013886721797472301,0.11250000000000004,0.11250000000000004,0.1364346461642978,0.03765433120106498,0.5,0.508359133126935,0.03672803018121361
FairPCA_AA,100.0,8,0.6975737244499921,0.614,0.29818181818181816,0.01614916523638632,0.11250000000000004,0.11250000000000004,0.1396196282166694,0.03848870013757466,0.5,0.49371959310039804,0.03708569863561046
Raw,,9,0.91184272117335,0.848,0.5476190476190477,0.12170385395537525,0.12916666666666665,0.12916666666666665,,,,,
AA,,9,0.679630207520674,0.576,0.28378378378378377,0.007645498517709515,0.09166666666666667,0.09166666666666667,0.15898277830720808,0.03619931185702774,0.5,0.5082264484741266,0.052608356527522195
FairAA,0.0,9,0.6795716960524263,0.576,0.28378378378378377,0.007645498517709515,0.09166666666666667,0.09166666666666667,0.15898275786948812,0.036202757173811384,0.5,0.5089783281733746,0.05261274628153399
FairAA,0.03,9,0.6794156654704322,0.576,0.28378378378378377,0.007645498517709515,0.09166666666666667,0.09166666666666667,0.15899221529641172,0.03613243658539289,0.5,0.5089783281733746,0.05252675882763663
FairAA,0.1,9,0.6795131845841785,0.574,0.2828282828282828,0.00538305507879544,0.09166666666666667,0.09166666666666667,0.15898813747274954,0.035370158197133184,0.5,0.5119858469703671,0.05156865454502058
FairAA,0.3,9,0.6791231081291933,0.576,0.28378378378378377,0.007645498517709515,0.09166666666666667,0.09166666666666667,0.158908444428435,0.030543603878485315,0.5,0.5089783281733746,0.04496715525936977
FairAA,1.0,9,0.6796887189889219,0.574,0.28762541806020064,0.03986581369948511,0.19166666666666665,0.19166666666666665,0.1583338971194479,0.018963061926911107,0.5,0.5268907563025209,0.021707383682232684
FairAA,3.0,9,0.6819511624278359,0.57,0.2809364548494983,0.020361990950226228,0.09166666666666667,0.09166666666666667,0.1575091246521525,0.015454738380764943,0.5,0.560548429898275,0.007951930906940193
FairAA,10.0,9,0.6460251209237009,0.538,0.26666666666666666,0.1401934779216727,0.21250000000000002,0.21250000000000002,0.07141033894950277,0.048737326410398296,0.5,0.4902255639097744,0.04558184594329867
FairAA,30.0,9,0.6460251209237009,0.538,0.26666666666666666,0.1401934779216727,0.21250000000000002,0.21250000000000002,0.07141033894950277,0.048737326410398296,0.5,0.4902255639097744,0.04558184594329867
FairAA,100.0,9,0.6460251209237009,0.538,0.26666666666666666,0.1401934779216727,0.21250000000000002,0.21250000000000002,0.07141033894950277,0.048737326410398296,0.5,0.4902255639097744,0.04558184594329867
FairAA_3Moment,0.0,9,0.6795716960524263,0.576,0.28378378378378377,0.007645498517709515,0.09166666666666667,0.09166666666666667,0.15898275942208018,0.036202757296606825,0.5,0.5089783281733746,0.052612747770632455
FairAA_3Moment,0.03,9,0.6792791387111875,0.576,0.28378378378378377,0.007645498517709515,0.09166666666666667,0.09166666666666667,0.15891835345313432,0.028037397218594107,0.5,0.5061034940291906,0.042686454173195554
FairAA_3Moment,0.1,9,0.678635512560462,0.574,0.2828282828282828,0.02488687782805432,0.09166666666666667,0.09166666666666667,0.15873002902822086,0.020971219835888455,0.5,0.5121185316231756,0.03145526500186059
FairAA_3Moment,0.3,9,0.6802738336713995,0.576,0.28859060402684567,0.04212825713839918,0.19166666666666665,0.19166666666666665,0.15824914100953213,0.013364939439566625,0.5,0.5054842989827509,0.01982682723058403
FairAA_3Moment,1.0,9,0.6820096738960837,0.576,0.28859060402684567,0.04212825713839918,0.19166666666666665,0.19166666666666665,0.1576845123405225,0.007952467785939499,0.5,0.5030959752321982,0.010398529210915386
FairAA_3Moment,3.0,9,0.6888165080355749,0.7,0.29906542056074764,0.04088001248244655,0.17916666666666659,0.17916666666666659,0.15715357527509521,0.00624474686951626,0.5,0.5253869969040247,0.004413813895296333
FairAA_3Moment,10.0,9,0.6595802777344361,0.546,0.25573770491803277,0.08480262131377753,0.275,0.275,0.05601041757911929,0.09660838620355494,0.5,0.5291463954002653,0.08151572345097167
FairAA_3Moment,30.0,9,0.6595802777344361,0.546,0.25573770491803277,0.08480262131377753,0.275,0.275,0.05601041757911929,0.09660838620355494,0.5,0.5291463954002653,0.08151572345097167
FairAA_3Moment,100.0,9,0.6595802777344361,0.546,0.25573770491803277,0.08480262131377753,0.275,0.275,0.05601041757911929,0.09660838620355494,0.5,0.5291463954002653,0.08151572345097167
FairAA_Adv,0.0,9,0.6795716960524263,0.576,0.28378378378378377,0.007645498517709515,0.09166666666666667,0.09166666666666667,0.15898275786948812,0.036202757173811384,0.5,0.5089783281733746,0.05261274628153399
FairAA_Adv,0.03,9,0.6794156654704322,0.576,0.28378378378378377,0.007645498517709515,0.09166666666666667,0.09166666666666667,0.1589964688654616,0.035864675945075364,0.5,0.5089783281733746,0.05223761089631591
FairAA_Adv,0.1,9,0.6792011234201905,0.576,0.28378378378378377,0.007645498517709515,0.09166666666666667,0.09166666666666667,0.15900007729079202,0.035175567117648354,0.5,0.5119858469703671,0.05143443783849992
FairAA_Adv,0.3,9,0.679318146356686,0.574,0.2828282828282828,0.00538305507879544,0.09166666666666667,0.09166666666666667,0.15899138560832649,0.03354850878459503,0.5,0.5089783281733745,0.04943514875354153
FairAA_Adv,1.0,9,0.6792791387111874,0.576,0.28378378378378377,0.007645498517709515,0.09166666666666667,0.09166666666666667,0.15891995826647265,0.029283840753058454,0.5,0.49796550199026973,0.043605172629930494
FairAA_Adv,3.0,9,0.6795716960524264,0.576,0.28378378378378377,0.02714932126696834,0.09166666666666667,0.09166666666666667,0.158756792456477,0.02317990298878736,0.5,0.5033613445378152,0.03305146649183663
FairAA_Adv,10.0,9,0.6797082228116711,0.578,0.2895622895622896,0.0443907005773132,0.19166666666666665,0.19166666666666665,0.158230748385095,0.01750615148277157,0.5,0.5217602830605926,0.01849979912815253
FairAA_Adv,30.0,9,0.6932243719769074,0.532,0.26875,0.03136214698080819,0.19166666666666665,0.19166666666666665,0.1576856982574678,0.014232613315218523,0.5,0.5517912428129146,0.008740403406444643
FairAA_Adv,100.0,9,0.59237010454049,0.782,0.22695035460992907,0.9434389140271493,0.9517766497461929,0.875,0.010195329466346603,3.5166682583742457,0.9984962406015038,0.9984962406015038,0.3889565830028823
FairPCA_AA,0.0,9,0.705394757372445,0.69,0.3404255319148936,0.04938367920112341,0.13333333333333341,0.13333333333333341,0.14638534772857958,0.0380205354918417,0.5,0.47969924812030074,0.04051284055297108
FairPCA_AA,0.03,9,0.7050241847402091,0.69,0.3404255319148936,0.04938367920112341,0.13333333333333341,0.13333333333333341,0.1203336504595276,0.03802193524848796,0.5,0.47969924812030074,0.040513010586707435
FairPCA_AA,0.1,9,0.7052192229677017,0.69,0.3404255319148936,0.04938367920112341,0.13333333333333341,0.13333333333333341,0.12331168273629167,0.03802769321627608,0.5,0.47969924812030074,0.04051789323653205
FairPCA_AA,0.3,9,0.7049656732719614,0.69,0.3404255319148936,0.04938367920112341,0.13333333333333341,0.13333333333333341,0.12146840622366883,0.03802524055623013,0.5,0.48045112781954885,0.040512704469248526
FairPCA_AA,1.0,9,0.7067405211421438,0.686,0.33755274261603374,0.03440474332969262,0.13333333333333341,0.13333333333333341,0.12280881756266082,0.038580365038978326,0.5,0.48045112781954885,0.04075597644449774
FairPCA_AA,3.0,9,0.6762950538305508,0.568,0.2751677852348993,0.003120611639881421,0.11250000000000004,0.11250000000000004,0.14592891842283173,0.02787468642384472,0.5,0.5210084033613445,0.043002426005912836
FairPCA_AA,10.0,9,0.6753198626930877,0.566,0.27424749163879597,0.0008581682009674019,0.11250000000000004,0.11250000000000004,0.14642467028252337,0.02865735740155584,0.5,0.5195046439628482,0.04420078411184356
FairPCA_AA,30.0,9,0.6754758932750818,0.566,0.27424749163879597,0.0008581682009674019,0.11250000000000004,0.11250000000000004,0.14645635166777704,0.029117542353037096,0.5,0.5113666519239275,0.04484637002726872
FairPCA_AA,100.0,9,0.6753198626930879,0.566,0.27424749163879597,0.0008581682009674019,0.11250000000000004,0.11250000000000004,0.14646727816000982,0.02929773237836053,0.5,0.5098628925254312,0.04510559311885976
Raw,,10,0.9027539397721954,0.862,0.5605095541401274,0.12708690903417072,0.0941201353637902,0.050000000000000044,,,,,
AA,,10,0.6540801997191449,0.6,0.2537313432835821,0.046029021688250904,0.07275803722504232,0.016666666666666607,0.13920648256306256,0.12762784267008553,0.5,0.5356479433878814,0.0870108584536146
FairAA,0.0,10,0.6541192073646434,0.6,0.2537313432835821,0.046029021688250904,0.07275803722504232,0.016666666666666607,0.13920625728533464,0.12762783573623893,0.5,0.5356479433878814,0.08701207608157485
FairAA,0.03,10,0.654080199719145,0.6,0.2537313432835821,0.046029021688250904,0.07275803722504232,0.016666666666666607,0.1392085357421673,0.1271187008274297,0.5,0.5371517027863776,0.08679802595882978
FairAA,0.1,10,0.6540801997191449,0.6,0.2537313432835821,0.046029021688250904,0.07275803722504232,0.016666666666666607,0.13921853773494042,0.12167733481058662,0.5,0.5348960636886333,0.08472512932555011
FairAA,0.3,10,0.6554064596660946,0.6,0.2537313432835821,0.046029021688250904,0.07275803722504232,0.016666666666666607,0.13919373017075642,0.08811565650671604,0.5,0.5238832375055285,0.07061482812620687
FairAA,1.0,10,0.6569082540177875,0.598,0.2527881040892193,0.04829146512716492,0.07529610829103217,0.016666666666666607,0.13845568189841118,0.024356682899473014,0.5,0.5214949137549756,0.02646315898097641
FairAA,3.0,10,0.6546263067561242,0.59,0.2490842490842491,0.057341238882821055,0.08544839255499154,0.016666666666666607,0.13707972357952647,0.012916429183795652,0.5,0.5539141972578505,0.006779733114973517
FairAA,10.0,10,0.644815883913247,0.766,0.2732919254658385,0.13754095802777344,0.14583333333333331,0.14583333333333331,-0.3307627684319814,0.0601600727545335,0.5,0.5069880583812473,0.05427587888726757
FairAA,30.0,10,0.644815883913247,0.766,0.2732919254658385,0.13754095802777344,0.14583333333333331,0.14583333333333331,-0.3307627684319814,0.0601600727545335,0.5,0.5069880583812473,0.05427587888726757
FairAA,100.0,10,0.644815883913247,0.766,0.2732919254658385,0.13754095802777344,0.14583333333333331,0.14583333333333331,-0.3307627684319814,0.0601600727545335,0.5,0.5069880583812473,0.05427587888726757
FairAA_3Moment,0.0,10,0.6541582150101419,0.6,0.2537313432835821,0.046029021688250904,0.07275803722504232,0.016666666666666607,0.13920625897871675,0.127627820641374,0.5,0.5356479433878814,0.08701207521751754
FairAA_3Moment,0.03,10,0.6555624902480887,0.598,0.2527881040892193,0.028787642377906042,0.051924703891708945,0.016666666666666607,0.1390918249445401,0.07384591237317395,0.5,0.5591773551525874,0.06411524613242266
FairAA_3Moment,0.1,10,0.6562451240443126,0.598,0.2527881040892193,0.028787642377906042,0.051924703891708945,0.016666666666666607,0.1387564325774433,0.03546193805188147,0.5,0.5017249004865103,0.0394808303377698
FairAA_3Moment,0.3,10,0.6566156966765486,0.596,0.25735294117647056,0.003432672803869552,0.11666666666666659,0.11666666666666659,0.1380624599758249,0.01634934632993401,0.5,0.4988500663423264,0.02088154792331924
FairAA_3Moment,1.0,10,0.6557185208300826,0.594,0.2564102564102564,0.01833359338430335,0.11666666666666659,0.11666666666666659,0.1374520652897837,0.008886174915239131,0.5,0.5187527642636002,0.010816316451024405
FairAA_3Moment,3.0,10,0.6539826806053987,0.596,0.25735294117647056,0.01607114994538933,0.11666666666666659,0.11666666666666659,0.13676032743139588,0.005683203074395404,0.5,0.5231313578062804,0.004028260485518598
FairAA_3Moment,10.0,10,0.6503549695740365,0.632,0.2459016393442623,0.008269620845685721,0.09999999999999998,0.09999999999999998,0.13643293816421498,0.004299020914970808,0.5,0.5157452454666076,0.0016311190744581492
FairAA_3Moment,30.0,10,0.6196559525667031,0.542,0.22895622895622897,0.014120767670463441,0.029505076142131992,0.016666666666666607,-0.574194092761823,0.05959903177571002,0.5,0.4950906678460858,0.06335979381745604
FairAA_3Moment,100.0,10,0.6196559525667031,0.542,0.22895622895622897,0.014120767670463441,0.029505076142131992,0.016666666666666607,-0.574194092761823,0.05959903177571002,0.5,0.4950906678460858,0.06335979381745604
FairAA_Adv,0.0,10,0.6541192073646434,0.6,0.2537313432835821,0.046029021688250904,0.07275803722504232,0.016666666666666607,0.13920625728533464,0.12762783573623893,0.5,0.5356479433878814,0.08701207608157485
FairAA_Adv,0.03,10,0.654236230301139,0.6,0.2537313432835821,0.046029021688250904,0.07275803722504232,0.016666666666666607,0.13921568663585238,0.12514002947956882,0.5,0.5290137107474568,0.08604406465615981
FairAA_Adv,0.1,10,0.6541192073646436,0.6,0.2537313432835821,0.046029021688250904,0.07275803722504232,0.016666666666666607,0.13921142459311142,0.11999009050948717,0.5,0.5333923042901371,0.08408957123796622
FairAA_Adv,0.3,10,0.6546653144016228,0.6,0.2537313432835821,0.046029021688250904,0.07275803722504232,0.016666666666666607,0.13920630503805886,0.1075425549612844,0.5,0.5407784166298097,0.07915412471613449
FairAA_Adv,1.0,10,0.6554844749570916,0.602,0.2546816479400749,0.043766578249336885,0.07021996615905246,0.016666666666666607,0.13911476641817522,0.08086679023574217,0.5,0.5363998230871295,0.06715648660067658
FairAA_Adv,3.0,10,0.6556014978935872,0.598,0.2527881040892193,0.04829146512716492,0.07529610829103217,0.016666666666666607,0.13883321551543737,0.041503588809642,0.5,0.490579389650597,0.043205572553386126
FairAA_Adv,10.0,10,0.6555624902480887,0.598,0.2527881040892193,0.04829146512716492,0.07529610829103217,0.016666666666666607,0.13814533545288554,0.019466304041892868,0.5,0.5253869969040247,0.021011371940380007
FairAA_Adv,30.0,10,0.6561085972850679,0.594,0.25092250922509224,0.05281635200499302,0.08037225042301188,0.016666666666666607,0.137544669611539,0.013399868236790402,0.5,0.5363998230871295,0.008585659199430003
FairAA_Adv,100.0,10,0.6724528007489469,0.616,0.26717557251908397,0.032454361054766734,0.054991539763113384,0.004166666666666652,0.13712401859530954,0.013205990266600853,0.5,0.5532950022114109,0.005846262694261894
FairPCA_AA,0.0,10,0.6608285223903886,0.616,0.26717557251908397,0.012950538305507853,0.11666666666666659,0.11666666666666659,0.14541341496276727,0.060241220864179934,0.5,0.5098628925254312,0.0534034582648875
FairPCA_AA,0.03,10,0.6607895147448899,0.616,0.26717557251908397,0.012950538305507853,0.11666666666666659,0.11666666666666659,0.1252212432848906,0.06024122400359688,0.5,0.5106147722246793,0.05340418389738799
FairPCA_AA,0.1,10,0.6608285223903886,0.616,0.26717557251908397,0.012950538305507853,0.11666666666666659,0.11666666666666659,0.12516645597137066,0.06024154317539043,0.5,0.5106147722246793,0.05340426547485589
FairPCA_AA,0.3,10,0.6607895147448899,0.616,0.26717557251908397,0.012950538305507853,0.11666666666666659,0.11666666666666659,0.11703019237623014,0.060272927923425756,0.5,0.509111012826183,0.053424805688809626
FairPCA_AA,1.0,10,0.660711499453893,0.616,0.26717557251908397,0.032454361054766734,0.054991539763113384,0.004166666666666652,0.12466804498490025,0.060608683307823985,0.5,0.5106147722246793,0.053606357377020464
FairPCA_AA,3.0,10,0.6598728350756748,0.612,0.26515151515151514,0.03697924793259483,0.060067681895093095,0.004166666666666652,0.12206934086013677,0.06438099306490086,0.5,0.5232640424590889,0.0557989725215685
FairPCA_AA,10.0,10,0.658605086596973,0.612,0.26515151515151514,0.03697924793259483,0.060067681895093095,0.004166666666666652,0.12185378138898695,0.0704942992310239,0.5,0.5262715612560813,0.059040172767636984
FairPCA_AA,30.0,10,0.6573178342955218,0.61,0.2641509433962264,0.03924169137150885,0.06260575296108295,0.004166666666666652,0.12329076179664011,0.07366912081389865,0.5,0.5226448474126493,0.060632234112962397
FairPCA_AA,100.0,10,0.6567717272585427,0.61,0.2641509433962264,0.03924169137150885,0.06260575296108295,0.004166666666666652,0.12183732439761408,0.0749266814705083,0.5,0.5226448474126493,0.0612288016839119
Raw,,11,0.9114916523638632,0.854,0.562874251497006,0.026447183647995004,0.13333333333333341,0.13333333333333341,,,,,
AA,,11,0.6709510063972539,0.572,0.2620689655172414,0.21625838664378216,0.41666666666666663,0.41666666666666663,0.13493224130686465,0.1347596821407176,0.5,0.5305174701459532,0.09025305995506577
FairAA,0.0,11,0.671107036979248,0.572,0.2620689655172414,0.21625838664378216,0.41666666666666663,0.41666666666666663,0.13493103281136154,0.134810273392363,0.5,0.5312693498452012,0.09026597452865387
FairAA,0.03,11,0.6709705102200032,0.572,0.2620689655172414,0.21625838664378216,0.41666666666666663,0.41666666666666663,0.13494880511440444,0.13415462732834588,0.5,0.5401592215833702,0.09003752731708264
FairAA,0.1,11,0.6715361210797317,0.572,0.2620689655172414,0.1967545638945234,0.41666666666666663,0.41666666666666663,0.13491643394709785,0.12885499962392766,0.5,0.539407341884122,0.08801624092677829
FairAA,0.3,11,0.6726673427991886,0.57,0.2611683848797251,0.17498829770635044,0.41666666666666663,0.41666666666666663,0.13491910021256137,0.09751397991156419,0.5,0.5047324192835029,0.07524626082771244
FairAA,1.0,11,0.6753003588703387,0.57,0.2560553633217993,0.06249024808862541,0.19583333333333341,0.19583333333333341,0.13523278739543276,0.0267680452448813,0.5,0.5128704113224238,0.027924894768192952
FairAA,3.0,11,0.6374044312685286,0.564,0.2684563758389262,0.06163207988765795,0.13333333333333341,0.13333333333333341,0.13455165695010773,0.014593670537699888,0.5,0.5835913312693498,0.006068564682679599
FairAA,10.0,11,0.5946325479794039,0.476,0.23391812865497075,0.15712279606802926,0.25416666666666665,0.25416666666666665,0.0797451116054172,0.0356217781656446,0.5,0.503626713843432,0.038746731457005634
FairAA,30.0,11,0.5946325479794039,0.476,0.23391812865497075,0.15712279606802926,0.25416666666666665,0.25416666666666665,0.0797451116054172,0.0356217781656446,0.5,0.503626713843432,0.038746731457005634
FairAA,100.0,11,0.5946325479794039,0.476,0.23391812865497075,0.15712279606802926,0.25416666666666665,0.25416666666666665,0.0797451116054172,0.0356217781656446,0.5,0.503626713843432,0.038746731457005634
FairAA_3Moment,0.0,11,0.671029021688251,0.572,0.2620689655172414,0.21625838664378216,0.41666666666666663,0.41666666666666663,0.134931034095635,0.13481027290710035,0.5,0.5312693498452012,0.09026597590284724
FairAA_3Moment,0.03,11,0.6725698236854424,0.572,0.2620689655172414,0.15774691839600558,0.41666666666666663,0.41666666666666663,0.13489409199443203,0.09508493039798566,0.5,0.5113666519239275,0.07372342611865512
FairAA_3Moment,0.1,11,0.6755734123888283,0.568,0.25517241379310346,0.09923545014822904,0.19583333333333341,0.19583333333333341,0.13464088851170375,0.056687911756082565,0.5,0.512251216275984,0.05335250614433639
FairAA_3Moment,0.3,11,0.6747737556561086,0.568,0.25517241379310346,0.09923545014822904,0.19583333333333341,0.19583333333333341,0.1342131442242549,0.030349932983509187,0.5,0.5445378151260505,0.031500047512105514
FairAA_3Moment,1.0,11,0.6738765798096428,0.568,0.25517241379310346,0.07973162739897016,0.19583333333333341,0.19583333333333341,0.1338351493891261,0.015898684169511346,0.5,0.5532950022114109,0.014316572695200057
FairAA_3Moment,3.0,11,0.676607114994539,0.684,0.3008849557522124,0.00998595724762058,0.13749999999999996,0.13749999999999996,0.13350699223999807,0.01112845585965827,0.5,0.5437859354268023,0.0058395032363810565
FairAA_3Moment,10.0,11,0.6364682477765642,0.58,0.2391304347826087,0.16991730379154307,0.1848561759729273,0.03749999999999998,0.08507512549889895,0.09486510452526076,0.5,0.5437859354268022,0.08097633868438403
FairAA_3Moment,30.0,11,0.6364682477765642,0.58,0.2391304347826087,0.16991730379154307,0.1848561759729273,0.03749999999999998,0.08507512549889895,0.09486510452526076,0.5,0.5437859354268022,0.08097633868438403
FairAA_3Moment,100.0,11,0.6364682477765642,0.58,0.2391304347826087,0.16991730379154307,0.1848561759729273,0.03749999999999998,0.08507512549889895,0.09486510452526076,0.5,0.5437859354268022,0.08097633868438403
FairAA_Adv,0.0,11,0.671107036979248,0.572,0.2620689655172414,0.21625838664378216,0.41666666666666663,0.41666666666666663,0.13493103281136154,0.134810273392363,0.5,0.5312693498452012,0.09026597452865387
FairAA_Adv,0.03,11,0.6709510063972538,0.572,0.2620689655172414,0.21625838664378216,0.41666666666666663,0.41666666666666663,0.13493235402116177,0.13290041196130398,0.5,0.539407341884122,0.08954791652920581
FairAA_Adv,0.1,11,0.6714190981432362,0.574,0.2629757785467128,0.1990170073334374,0.41666666666666663,0.41666666666666663,0.1349348071815918,0.1289939911427257,0.5,0.5409111012826182,0.088040873635802
FairAA_Adv,0.3,11,0.6715166172569824,0.574,0.2629757785467128,0.17951318458417853,0.41666666666666663,0.41666666666666663,0.13494485773791243,0.11965228194321065,0.5,0.512251216275984,0.08431147333489775
FairAA_Adv,1.0,11,0.6730769230769231,0.572,0.2620689655172414,0.1772507411452645,0.41666666666666663,0.41666666666666663,0.13493521392378238,0.09482399400443187,0.5,0.5069880583812472,0.07377646642774588
FairAA_Adv,3.0,11,0.676626618817288,0.568,0.25517241379310346,0.09923545014822904,0.19583333333333341,0.19583333333333341,0.13474488330771983,0.0584333093395934,0.5,0.5261388766032729,0.054672040022693255
FairAA_Adv,10.0,11,0.6749492900608519,0.568,0.25517241379310346,0.07973162739897016,0.19583333333333341,0.19583333333333341,0.13385469387269977,0.021782200377201022,0.5,0.5276426360017691,0.022788890517884144
FairAA_Adv,30.0,11,0.611288812607271,0.472,0.26256983240223464,0.08191605554688719,0.22916666666666663,0.22916666666666663,0.13410061413951924,0.013840614686357333,0.5,0.518000884564352,0.007118950834582798
FairAA_Adv,100.0,11,0.6207481666406616,0.6,0.24812030075187969,0.6606334841628959,0.6776649746192893,0.5208333333333333,0.008239898098026721,2.7971213667903516,0.6869526758071649,1.0,0.41496143836404104
FairPCA_AA,0.0,11,0.657161803713528,0.616,0.26153846153846155,0.050085816820096773,0.13749999999999996,0.13749999999999996,0.13939441856765333,0.06934739855005523,0.5,0.5392746572313136,0.05257538975291288
FairPCA_AA,0.03,11,0.6572008113590264,0.616,0.26153846153846155,0.050085816820096773,0.13749999999999996,0.13749999999999996,0.12528853552267982,0.06934085354994535,0.5,0.5392746572313136,0.052573984763701335
FairPCA_AA,0.1,11,0.6572398190045249,0.616,0.26153846153846155,0.050085816820096773,0.13749999999999996,0.13749999999999996,0.12524920700246656,0.06934446361235336,0.5,0.5392746572313136,0.05257489144677521
FairPCA_AA,0.3,11,0.6572008113590264,0.616,0.26153846153846155,0.050085816820096773,0.13749999999999996,0.13749999999999996,0.1226469652254486,0.06937261434885666,0.5,0.5392746572313136,0.052592805325099135
FairPCA_AA,1.0,11,0.6561866125760649,0.616,0.26153846153846155,0.050085816820096773,0.13749999999999996,0.13749999999999996,0.12497033317730688,0.07147863079644656,0.5,0.5267580716497126,0.054077063631532064
FairPCA_AA,3.0,11,0.6566547043220472,0.616,0.26153846153846155,0.0695896395693556,0.13749999999999996,0.13749999999999996,0.1300297463344111,0.0722325523541254,0.5,0.5039805395842547,0.05563855362963921
FairPCA_AA,10.0,11,0.6580199719144953,0.62,0.26356589147286824,0.05461070369792481,0.13749999999999996,0.13749999999999996,0.1311112042293514,0.06363759176198946,0.5,0.5017249004865103,0.052143792531393326
FairPCA_AA,30.0,11,0.6606139803401466,0.62,0.26356589147286824,0.05461070369792481,0.13749999999999996,0.13749999999999996,0.1313246438928083,0.05499058861388584,0.5,0.4996019460415745,0.0473300451031165
FairPCA_AA,100.0,11,0.6686885629583399,0.604,0.2773722627737226,0.09642689967233581,0.17500000000000004,0.17500000000000004,0.1310008803405598,0.043764611532842,0.5,0.521627598407784,0.04390484020426748
Raw,,12,0.9066156966765485,0.844,0.524390243902439,0.11124980496177253,0.1708333333333334,0.1708333333333334,,,,,
AA,,12,0.71263067561242,0.652,0.304,0.024808862537057275,0.1875,0.1875,0.14123546526859498,0.10875808425224631,0.5,0.5317558602388323,0.08926009206197474
FairAA,0.0,12,0.71263067561242,0.652,0.304,0.024808862537057275,0.1875,0.1875,0.14123506834826272,0.10875999597656216,0.5,0.530252100840336,0.08926146536273509
FairAA,0.03,12,0.71263067561242,0.652,0.304,0.024808862537057275,0.1875,0.1875,0.14123859593590748,0.1080441754574677,0.5,0.539141972578505,0.08886589192255397
FairAA,0.1,12,0.7130207520674052,0.652,0.304,0.024808862537057275,0.1875,0.1875,0.14123775695047924,0.10456116917960112,0.5,0.5406457319770013,0.08714020633099745
FairAA,0.3,12,0.7125916679669215,0.652,0.304,0.024808862537057275,0.1875,0.1875,0.14130392719057117,0.0796661744066276,0.5,0.5584254754533392,0.07323585325665782
FairAA,1.0,12,0.7071110937743798,0.666,0.3183673469387755,0.025511000156030583,0.08750000000000002,0.08750000000000002,0.140872885495681,0.030355279247164635,0.5,0.5444051304732419,0.025696618201503423
FairAA,3.0,12,0.7048291465127164,0.634,0.29343629343629346,0.0451708534872835,0.1875,0.1875,0.1400124784297888,0.023239503287105112,0.5,0.5964617425917735,0.007045789326985352
FairAA,10.0,12,0.6509595880792636,0.724,0.26595744680851063,0.037447339678576996,0.03749999999999998,0.03749999999999998,0.07379491918488956,0.0769917350911038,0.5,0.5202565236620964,0.0556635117354487
FairAA,30.0,12,0.6509595880792636,0.724,0.26595744680851063,0.037447339678576996,0.03749999999999998,0.03749999999999998,0.07379491918488956,0.0769917350911038,0.5,0.5202565236620964,0.0556635117354487
FairAA,100.0,12,0.6509595880792636,0.724,0.26595744680851063,0.037447339678576996,0.03749999999999998,0.03749999999999998,0.07379491918488956,0.0769917350911038,0.5,0.5202565236620964,0.0556635117354487
FairAA_3Moment,0.0,12,0.71263067561242,0.652,0.304,0.024808862537057275,0.1875,0.1875,0.14123506984846146,0.10875999458910879,0.5,0.530252100840336,0.0892614667380768
FairAA_3Moment,0.03,12,0.7134888438133874,0.652,0.304,0.024808862537057275,0.1875,0.1875,0.1412000248790375,0.07274652212304211,0.5,0.5392746572313136,0.06975182607863076
FairAA_3Moment,0.1,12,0.7140739584958652,0.654,0.3107569721115538,0.007567483226712468,0.08750000000000002,0.08750000000000002,0.14100241159973037,0.046611364535164124,0.5,0.521627598407784,0.050547135356559976
FairAA_3Moment,0.3,12,0.7124746450304259,0.654,0.3107569721115538,0.007567483226712468,0.08750000000000002,0.08750000000000002,0.14064597575876558,0.02606105932160585,0.5,0.5128704113224236,0.02923772988775763
FairAA_3Moment,1.0,12,0.7120065532844437,0.654,0.3107569721115538,0.007567483226712468,0.08750000000000002,0.08750000000000002,0.1399166162640919,0.011903078513834986,0.5,0.5056169836355594,0.011992059359559583
FairAA_3Moment,3.0,12,0.7022741457325636,0.6,0.27007299270072993,0.04009985957247619,0.057000846023688656,0.04583333333333339,0.1392763728623978,0.006698255602916259,0.5,0.49371959310039804,0.00402983684864916
FairAA_3Moment,10.0,12,0.6706974567015135,0.62,0.25196850393700787,0.04415665470432201,0.17916666666666659,0.17916666666666659,0.07044230758777925,0.13548355639846404,0.5,0.5097302078726227,0.07756718221502183
FairAA_3Moment,30.0,12,0.6706974567015135,0.62,0.25196850393700787,0.04415665470432201,0.17916666666666659,0.17916666666666659,0.07044230758777925,0.13548355639846404,0.5,0.5097302078726227,0.07756718221502183
FairAA_3Moment,100.0,12,0.6706974567015135,0.62,0.25196850393700787,0.04415665470432201,0.17916666666666659,0.17916666666666659,0.07044230758777925,0.13548355639846404,0.5,0.5097302078726227,0.07756718221502183
FairAA_Adv,0.0,12,0.71263067561242,0.652,0.304,0.024808862537057275,0.1875,0.1875,0.14123506834826272,0.10875999597656216,0.5,0.530252100840336,0.08926146536273509
FairAA_Adv,0.03,12,0.7127086909034169,0.652,0.304,0.024808862537057275,0.1875,0.1875,0.1412367630980722,0.10729240743165003,0.5,0.5457762052189297,0.08851910441306271
FairAA_Adv,0.1,12,0.7129817444219066,0.652,0.304,0.024808862537057275,0.1875,0.1875,0.14123980010077097,0.10422548448858115,0.5,0.5281291463954003,0.0869664502530968
FairAA_Adv,0.3,12,0.7128257138399127,0.652,0.304,0.024808862537057275,0.1875,0.1875,0.14124572629825494,0.09705305871401548,0.5,0.5450243255196816,0.08314608029813664
FairAA_Adv,1.0,12,0.7132547979403963,0.652,0.304,0.024808862537057275,0.1875,0.1875,0.14123549997929696,0.07950551705183251,0.5,0.5532950022114108,0.07284228685824809
FairAA_Adv,3.0,12,0.7127867061944141,0.65,0.308300395256917,0.012092370104540506,0.08750000000000002,0.08750000000000002,0.14105908820561686,0.05048655019336468,0.5,0.5164971251658558,0.05132529921794692
FairAA_Adv,10.0,12,0.7118505227024498,0.646,0.3058823529411765,0.016617256982368545,0.08750000000000002,0.08750000000000002,0.14043263181694232,0.024780166412009752,0.5,0.5156125608137991,0.020646533087992386
FairAA_Adv,30.0,12,0.5964854111405836,0.556,0.25,0.011858324231549422,0.07499999999999996,0.07499999999999996,0.13995621520445556,0.02186247122606,0.5,0.5429013710747457,0.006245317050041256
FairAA_Adv,100.0,12,0.4277578405367452,0.124,0.20938628158844766,0.010454048993602805,0.01321912013536386,0.0,0.013140803187214112,3.9701113987949865,0.9896063688633348,0.9941176470588236,0.4030808912178536
FairPCA_AA,0.0,12,0.6907083788422531,0.666,0.2832618025751073,0.03315649867374004,0.03749999999999998,0.03749999999999998,0.15311982735047247,0.029111548780403895,0.5,0.538390092879257,0.04010197779274671
FairPCA_AA,0.03,12,0.6907083788422531,0.666,0.2832618025751073,0.03315649867374004,0.03749999999999998,0.03749999999999998,0.14575076031128897,0.029110613002132912,0.5,0.5435205661211853,0.04009577144566827
FairPCA_AA,0.1,12,0.6907083788422531,0.666,0.2832618025751073,0.03315649867374004,0.03749999999999998,0.03749999999999998,0.14493423897864555,0.029113098666330273,0.5,0.538390092879257,0.040099481127283926
FairPCA_AA,0.3,12,0.6907083788422531,0.666,0.2832618025751073,0.03315649867374004,0.03749999999999998,0.03749999999999998,0.14509023903022467,0.029114208613884363,0.5,0.5435205661211853,0.040103781368030056
FairPCA_AA,1.0,12,0.6898892182867842,0.666,0.2832618025751073,0.03315649867374004,0.03749999999999998,0.03749999999999998,0.14541783909552508,0.02927697981741595,0.5,0.5486510393631137,0.04013794188452548
FairPCA_AA,3.0,12,0.6926587611171791,0.654,0.2880658436213992,0.01053206428459974,0.006768189509306299,0.004166666666666652,0.1451865919694555,0.034046977821488134,0.5,0.5611676249447147,0.04859080988886164
FairPCA_AA,10.0,12,0.6973396785770011,0.662,0.31020408163265306,0.08402246840380717,0.08925549915397635,0.06666666666666665,0.14260816353229266,0.03106018824764567,0.5,0.5695709862892524,0.02869599960253561
FairPCA_AA,30.0,12,0.6978467779684818,0.668,0.3140495867768595,0.07130597597129035,0.07349830795262263,0.06666666666666665,0.14306602830137394,0.033122313157421535,0.5,0.554046881910659,0.028283977408055765
FairPCA_AA,100.0,12,0.6982368544234671,0.668,0.3140495867768595,0.07130597597129035,0.07349830795262263,0.06666666666666665,0.14314227858593598,0.03436885508364396,0.5,0.5525431225121628,0.0281296785636514
Raw,,13,0.9082930254329848,0.844,0.5411764705882353,0.0391636760805118,0.2333333333333334,0.2333333333333334,,,,,
AA,,13,0.6586245904197222,0.568,0.22302158273381295,0.08815727882665003,0.10575296108291032,0.04166666666666663,0.1352482693608711,0.11143709842299698,0.5,0.51437417072092,0.0807578283371973
FairAA,0.0,13,0.6587026057107193,0.568,0.22302158273381295,0.08815727882665003,0.10575296108291032,0.04166666666666663,0.13524716234234124,0.11143440250449232,0.5,0.51437417072092,0.08075980413547822
FairAA,0.03,13,0.6581955063192386,0.572,0.2246376811594203,0.083632391948822,0.10067681895093067,0.04166666666666663,0.13522259286406157,0.11093392321936357,0.5,0.5158779301194162,0.07999616865539046
FairAA,0.1,13,0.6588196286472149,0.574,0.22545454545454546,0.08136994850990792,0.09813874788494081,0.04166666666666663,0.13518143360037893,0.10561091991782068,0.5,0.5166298098186644,0.07794322968902317
FairAA,0.3,13,0.6588976439382119,0.574,0.22545454545454546,0.08136994850990792,0.09813874788494081,0.04166666666666663,0.13507848773836528,0.07632656982603381,0.5,0.5033613445378151,0.06525729707722455
FairAA,1.0,13,0.6571618037135278,0.586,0.23048327137546468,0.0677952878764238,0.08291032148900174,0.04166666666666663,0.13415113215030727,0.022526125243741313,0.5,0.502609464838567,0.022852530961279725
FairAA,3.0,13,0.6588976439382119,0.584,0.22962962962962963,0.07005773131533782,0.08544839255499154,0.04166666666666663,0.1333784414170175,0.02570807250887075,0.5,0.5547987616099072,0.0050230670719763094
FairAA,10.0,13,0.6306366047745358,0.416,0.2356020942408377,0.10563270400998603,0.15000000000000002,0.15000000000000002,-0.20413084745829257,0.07042977285648733,0.5,0.5240159221583369,0.07105453800715668
FairAA,30.0,13,0.6306366047745358,0.416,0.2356020942408377,0.10563270400998603,0.15000000000000002,0.15000000000000002,-0.20413084745829257,0.07042977285648733,0.5,0.5240159221583369,0.07105453800715668
FairAA,100.0,13,0.6306366047745358,0.416,0.2356020942408377,0.10563270400998603,0.15000000000000002,0.15000000000000002,-0.20413084745829257,0.07042977285648733,0.5,0.5240159221583369,0.07105453800715668
FairAA_3Moment,0.0,13,0.6587026057107193,0.568,0.22302158273381295,0.08815727882665003,0.10575296108291032,0.04166666666666663,0.13524716442805285,0.1114344132943148,0.5,0.51437417072092,0.08075980984311937
FairAA_3Moment,0.03,13,0.6578834451552504,0.572,0.2246376811594203,0.083632391948822,0.10067681895093067,0.04166666666666663,0.1350855479440447,0.0690749138365152,0.5,0.511499336576736,0.06202012137858176
FairAA_3Moment,0.1,13,0.656498673740053,0.572,0.2302158273381295,0.049149633328132325,0.0798434856175973,0.05833333333333335,0.13462234844694276,0.03348873189644175,0.5,0.5041132242370632,0.0401877201131518
FairAA_3Moment,0.3,13,0.6561281011078172,0.566,0.2277580071174377,0.00257450460290215,0.05833333333333335,0.05833333333333335,0.13396593926083644,0.014359862217319552,0.5,0.5166298098186644,0.021190097578489907
FairAA_3Moment,1.0,13,0.6560890934623186,0.564,0.2323943661971831,0.054298642533936625,0.15833333333333333,0.15833333333333333,0.13356967007654696,0.008382549578730525,0.5,0.5314020344980097,0.009550028939171593
FairAA_3Moment,3.0,13,0.6562841316898113,0.56,0.2361111111111111,0.04524886877828055,0.13749999999999996,0.13749999999999996,0.13321409566287523,0.006948948021801349,0.5,0.5336576735957541,0.004860036686635481
FairAA_3Moment,10.0,13,0.6574933687002652,0.544,0.22972972972972974,0.06615696676548599,0.13749999999999996,0.13749999999999996,0.1329222457198176,0.007306427319253461,0.5,0.5710747456877489,0.0022229301325739715
FairAA_3Moment,30.0,13,0.6349079419566234,0.562,0.23157894736842105,0.10399438289904822,0.1184433164128596,0.08333333333333337,-1.264158456381447,0.09599224971905096,0.5,0.5275099513489605,0.09872069522472808
FairAA_3Moment,100.0,13,0.6349079419566234,0.562,0.23157894736842105,0.10399438289904822,0.1184433164128596,0.08333333333333337,-1.264158456381447,0.09599224971905096,0.5,0.5275099513489605,0.09872069522472808
FairAA_Adv,0.0,13,0.6587026057107193,0.568,0.22302158273381295,0.08815727882665003,0.10575296108291032,0.04166666666666663,0.13524716234234124,0.11143440250449232,0.5,0.51437417072092,0.08075980413547822
FairAA_Adv,0.03,13,0.6581174910282416,0.572,0.2246376811594203,0.083632391948822,0.10067681895093067,0.04166666666666663,0.1352275771302328,0.10881182353622076,0.5,0.5107474568774878,0.07912244180694751
FairAA_Adv,0.1,13,0.6583905445467311,0.572,0.2246376811594203,0.083632391948822,0.10067681895093067,0.04166666666666663,0.13521469872463732,0.10449288148826341,0.5,0.5084918177797435,0.07745627802729124
FairAA_Adv,0.3,13,0.6590146668747074,0.572,0.2246376811594203,0.083632391948822,0.10067681895093067,0.04166666666666663,0.13519238975570858,0.09440434377935103,0.5,0.5084918177797434,0.07334406063425736
FairAA_Adv,1.0,13,0.6590926821657045,0.574,0.22545454545454546,0.08136994850990792,0.09813874788494081,0.04166666666666663,0.1350893177055854,0.07118785344737344,0.5,0.5056169836355594,0.06228305117850341
FairAA_Adv,3.0,13,0.6574738648775159,0.574,0.22545454545454546,0.08136994850990792,0.09813874788494081,0.04166666666666663,0.1347320136997906,0.04209973430504976,0.5,0.5018575851393188,0.04351979086592195
FairAA_Adv,10.0,13,0.6563231393353096,0.572,0.2246376811594203,0.083632391948822,0.10067681895093067,0.04166666666666663,0.134055240964553,0.02075110475682085,0.5,0.5069880583812472,0.01701592135962601
FairAA_Adv,30.0,13,0.6588196286472149,0.56,0.2198581560283688,0.07770322983304728,0.09253384094754652,0.04166666666666663,0.13395365907221302,0.02022332530522597,0.5,0.5038478549314462,0.006598520877040376
FairAA_Adv,100.0,13,0.6079926665626463,0.624,0.2231404958677686,0.7149321266968326,0.7233502538071066,0.6458333333333333,-0.05898724782779152,1.330185600500904,0.551923927465723,0.8909774436090225,0.24734510002601565
FairPCA_AA,0.0,13,0.6512326415977531,0.642,0.2572614107883817,0.17998127633016073,0.1988155668358714,0.16249999999999998,0.14773271274109934,0.07683956688810867,0.5,0.5223794781070323,0.06869298245025283
FairPCA_AA,0.03,13,0.6512326415977531,0.642,0.2572614107883817,0.17998127633016073,0.1988155668358714,0.16249999999999998,0.13024002780512156,0.07684042203828834,0.5,0.5223794781070323,0.068692723736295
FairPCA_AA,0.1,13,0.6512326415977531,0.642,0.2572614107883817,0.17998127633016073,0.1988155668358714,0.16249999999999998,0.12928491424231403,0.07683859616820687,0.5,0.5223794781070323,0.0686928577843893
FairPCA_AA,0.3,13,0.6512326415977531,0.642,0.2572614107883817,0.17998127633016073,0.1988155668358714,0.16249999999999998,0.12720540446127349,0.07684001223134385,0.5,0.5223794781070323,0.06869463527654235
FairPCA_AA,1.0,13,0.6507255422062725,0.64,0.256198347107438,0.18224371976907475,0.20135363790186125,0.16249999999999998,0.12854377775749104,0.07702990964742606,0.5,0.5231313578062804,0.06888996796156875
FairPCA_AA,3.0,13,0.6492822593228272,0.644,0.27049180327868855,0.14776096114838508,0.17798223350253806,0.08333333333333337,0.1398944756320034,0.06879269571355195,0.5,0.5127377266696153,0.05216283742840023
FairPCA_AA,10.0,13,0.6538851614916524,0.634,0.2591093117408907,0.13504446871586828,0.16476311336717428,0.0625,0.13693025757035604,0.07719243690308386,0.5,0.5385227775320655,0.07338380919693341
FairPCA_AA,30.0,13,0.650920580433765,0.638,0.26720647773279355,0.11554064596660946,0.13885363790186125,0.08333333333333337,0.13735817171100562,0.06993477482499633,0.5,0.5333923042901371,0.05410533400423599
FairPCA_AA,100.0,13,0.6540606958963957,0.634,0.26506024096385544,0.13956935559369632,0.16730118443316414,0.08333333333333337,0.1325436042774195,0.0783021008072664,0.5,0.5237505528527201,0.07518103508035633
Raw,,14,0.9360664690279294,0.854,0.5921787709497207,0.09681697612732093,0.10416666666666663,0.10416666666666663,,,,,
AA,,14,0.7125526603214231,0.67,0.2978723404255319,0.028631611795912004,0.013536379018612488,0.004166666666666652,0.12157569987479566,0.05501712362721378,0.5,0.5202565236620964,0.04056369451978905
FairAA,0.0,14,0.7125721641441722,0.67,0.2978723404255319,0.028631611795912004,0.013536379018612488,0.004166666666666652,0.12157569987479766,0.0550171235879493,0.5,0.5202565236620964,0.04056369535001143
FairAA,0.03,14,0.7126696832579186,0.668,0.2905982905982906,0.030894055234826023,0.016666666666666607,0.016666666666666607,0.12156525779163463,0.05486511802162464,0.5,0.5077399380804953,0.04048190681797884
FairAA,0.1,14,0.7115384615384615,0.668,0.2966101694915254,0.02636916835699793,0.010998307952622632,0.004166666666666652,0.12155091848215738,0.05384835535900656,0.5,0.5099955771782396,0.039827024095337935
FairAA,0.3,14,0.7117334997659541,0.67,0.2978723404255319,0.028631611795912004,0.013536379018612488,0.004166666666666652,0.1215262769338229,0.046475463953754015,0.5,0.5217602830605926,0.03490931515205103
FairAA,1.0,14,0.7119090341706975,0.664,0.3,0.036823217350600734,0.09583333333333333,0.09583333333333333,0.12138727455752452,0.026353722848106775,0.5,0.5218929677134011,0.016953588170688816
FairAA,3.0,14,0.7117920112342019,0.656,0.2892561983471074,0.032298330472772696,0.11666666666666659,0.11666666666666659,0.12078793099368612,0.01711085824922909,0.5,0.569703670942061,0.0046485968326359026
FairAA,10.0,14,0.6533000468091746,0.522,0.24126984126984127,0.0036667186768607474,0.1875,0.1875,0.0012615280342728186,0.011978226443196238,0.5,0.4917293233082707,0.03097762429642308
FairAA,30.0,14,0.6533000468091746,0.522,0.24126984126984127,0.0036667186768607474,0.1875,0.1875,0.0012615280342728186,0.011978226443196238,0.5,0.4917293233082707,0.03097762429642308
FairAA,100.0,14,0.6533000468091746,0.522,0.24126984126984127,0.0036667186768607474,0.1875,0.1875,0.0012615280342728186,0.011978226443196238,0.5,0.4917293233082707,0.03097762429642308
FairAA_3Moment,0.0,14,0.7125526603214231,0.67,0.2978723404255319,0.028631611795912004,0.013536379018612488,0.004166666666666652,0.121575701251876,0.055017121248271184,0.5,0.5202565236620964,0.040563693211105804
FairAA_3Moment,0.03,14,0.7120455609299422,0.67,0.2978723404255319,0.028631611795912004,0.013536379018612488,0.004166666666666652,0.12155002353296873,0.041528692000882717,0.5,0.5136222910216718,0.03238489167764644
FairAA_3Moment,0.1,14,0.7120455609299423,0.668,0.2966101694915254,0.02636916835699793,0.010998307952622632,0.004166666666666652,0.12145179463247369,0.028674167280932195,0.5,0.5255196815568333,0.025244069006174853
FairAA_3Moment,0.3,14,0.711655484474957,0.66,0.2916666666666667,0.017319394601341853,0.004166666666666652,0.004166666666666652,0.12124975431094875,0.01825365615849739,0.5,0.5439186200796108,0.017083011297179637
FairAA_3Moment,1.0,14,0.7113629271337182,0.658,0.2962962962962963,0.030035887033858677,0.09583333333333333,0.09583333333333333,0.12094687253141911,0.011224031492900521,0.5,0.5621848739495798,0.00912920662332077
FairAA_3Moment,3.0,14,0.7121235762209392,0.654,0.2938775510204082,0.025511000156030583,0.09583333333333333,0.09583333333333333,0.12066080969752513,0.008584352455655142,0.5,0.5481645289694825,0.004150571604066008
FairAA_3Moment,10.0,14,0.6317288188484942,0.51,0.24615384615384617,0.038461538461538436,0.10833333333333339,0.10833333333333339,-0.06637202357029937,0.01809221211811818,0.5,0.5083591331269349,0.03672901841714103
FairAA_3Moment,30.0,14,0.6317288188484942,0.51,0.24615384615384617,0.038461538461538436,0.10833333333333339,0.10833333333333339,-0.06637202357029937,0.01809221211811818,0.5,0.5083591331269349,0.03672901841714103
FairAA_3Moment,100.0,14,0.6317288188484942,0.51,0.24615384615384617,0.038461538461538436,0.10833333333333339,0.10833333333333339,-0.06637202357029937,0.01809221211811818,0.5,0.5083591331269349,0.03672901841714103
FairAA_Adv,0.0,14,0.7125721641441722,0.67,0.2978723404255319,0.028631611795912004,0.013536379018612488,0.004166666666666652,0.12157569987479766,0.0550171235879493,0.5,0.5202565236620964,0.04056369535001143
FairAA_Adv,0.03,14,0.7107973162739898,0.666,0.28936170212765955,0.028631611795912004,0.016666666666666607,0.016666666666666607,0.12153180517756068,0.05449585741615903,0.5,0.5136222910216718,0.04027367825538175
FairAA_Adv,0.1,14,0.7111288812607273,0.668,0.2966101694915254,0.02636916835699793,0.010998307952622632,0.004166666666666652,0.12153017173275049,0.05356411830169139,0.5,0.5379035824856258,0.039776516678829664
FairAA_Adv,0.3,14,0.7108558277422375,0.666,0.29535864978902954,0.02410672491808391,0.008460236886632833,0.004166666666666652,0.12152542404391731,0.0512937801251111,0.5,0.5291463954002653,0.03854250287731478
FairAA_Adv,1.0,14,0.7115189577157123,0.666,0.29535864978902954,0.02410672491808391,0.008460236886632833,0.004166666666666652,0.12151217023342387,0.04507001453165249,0.5,0.5306501547987617,0.03483441886765422
FairAA_Adv,3.0,14,0.7122015915119363,0.67,0.2978723404255319,0.028631611795912004,0.013536379018612488,0.004166666666666652,0.12147785680662149,0.034093509938055155,0.5,0.5314020344980097,0.026330085464248212
FairAA_Adv,10.0,14,0.7099781557185209,0.714,0.30917874396135264,0.09198002808550476,0.0769881556683587,0.05833333333333335,0.1213316152457441,0.02475430994146799,0.5,0.5092436974789916,0.015806747391187655
FairAA_Adv,30.0,14,0.7061163988141678,0.682,0.31759656652360513,0.013652675924481217,0.07499999999999996,0.07499999999999996,0.12112450242123829,0.01967221654401974,0.5,0.5306501547987617,0.007501180129439571
FairAA_Adv,100.0,14,0.5877281947261663,0.79,0.2222222222222222,0.9570135746606335,0.9644670050761421,0.8958333333333334,0.005979062014035752,3.755337634584353,0.9954887218045112,1.0,0.3982963241692694
FairPCA_AA,0.0,14,0.7042635356529879,0.648,0.296,0.06381650803557498,0.08957275803722509,0.04583333333333339,0.1487319343229465,0.06435562050992472,0.5,0.5297655904467049,0.06545578321845806
FairPCA_AA,0.03,14,0.7042635356529879,0.648,0.296,0.06381650803557498,0.08957275803722509,0.04583333333333339,0.1263062340988681,0.06435679293988994,0.5,0.5290137107474568,0.06545597372311798
FairPCA_AA,0.1,14,0.7042635356529879,0.648,0.296,0.06381650803557498,0.08957275803722509,0.04583333333333339,0.12404567759141627,0.0643524913807556,0.5,0.5297655904467049,0.0654515886272242
FairPCA_AA,0.3,14,0.7042635356529879,0.648,0.296,0.06381650803557498,0.08957275803722509,0.04583333333333339,0.12386559097033811,0.06435617548628558,0.5,0.5297655904467049,0.0654542768946667
FairPCA_AA,1.0,14,0.7043805585894836,0.648,0.296,0.06381650803557498,0.08957275803722509,0.04583333333333339,0.12019733903512242,0.06469106495276722,0.5,0.5379035824856259,0.06561822575733359
FairPCA_AA,3.0,14,0.704107505070994,0.644,0.29365079365079366,0.06834139491340302,0.09464890016920474,0.04583333333333339,0.12137818376603615,0.06664461896309182,0.5,0.5318885448916408,0.0666264207758047
FairPCA_AA,10.0,14,0.7047121235762209,0.646,0.2948207171314741,0.04657512872523012,0.06873942470389172,0.04583333333333339,0.11101304920230037,0.06949752541596388,0.5,0.5208757187085361,0.06773665078890953
FairPCA_AA,30.0,14,0.7056483070681854,0.648,0.296,0.0443126852863161,0.06620135363790186,0.04583333333333339,0.12019194504432551,0.07131486775219464,0.5,0.529013710747457,0.06840914538360707
FairPCA_AA,100.0,14,0.7056483070681854,0.648,0.296,0.0443126852863161,0.06620135363790186,0.04583333333333339,0.11669322782785918,0.07205247212811239,0.5,0.5238832375055285,0.06863747870056788
Raw,,15,0.905133406147605,0.854,0.546583850931677,0.07902948977999688,0.050000000000000044,0.050000000000000044,,,,,
AA,,15,0.6738375721641441,0.67,0.2918454935622318,0.005851146824777609,0.030668358714043997,0.016666666666666607,0.14437019134508566,0.0630502241506723,0.5,0.5201238390092879,0.06062439203499533
FairAA,0.0,15,0.6737010454048993,0.67,0.2918454935622318,0.005851146824777609,0.030668358714043997,0.016666666666666607,0.14436755165720117,0.06304688184040153,0.5,0.5201238390092879,0.060621956754039544
FairAA,0.03,15,0.6739155874551412,0.67,0.2918454935622318,0.005851146824777609,0.030668358714043997,0.016666666666666607,0.14440421006800408,0.06270484592883085,0.5,0.5201238390092879,0.0603767230863415
FairAA,0.1,15,0.6743056639101264,0.67,0.2918454935622318,0.005851146824777609,0.030668358714043997,0.016666666666666607,0.14442471448484895,0.06050361009354788,0.5,0.5127377266696153,0.059007410881656015
FairAA,0.3,15,0.6751443282883445,0.668,0.2905982905982906,0.008113590263691683,0.0332064297800338,0.016666666666666607,0.14441077036139738,0.04624653345539742,0.5,0.5282618310482088,0.04956751544898949
FairAA,1.0,15,0.6760610079575595,0.668,0.2966101694915254,0.012638477141519722,0.11666666666666659,0.11666666666666659,0.14373472822805333,0.014721768879502606,0.5,0.5106147722246793,0.01845460604096333
FairAA,3.0,15,0.6737790606958962,0.66,0.2916666666666667,0.017319394601341853,0.11666666666666659,0.11666666666666659,0.14296839569294184,0.00745267658980775,0.5,0.58796992481203,0.005736704822612147
FairAA,10.0,15,0.633133094086441,0.532,0.25949367088607594,0.09611483850834768,0.12916666666666665,0.12916666666666665,0.0746353036816857,0.014645804401559048,0.5,0.49973463069438295,0.015121396662342641
FairAA,30.0,15,0.633133094086441,0.532,0.25949367088607594,0.09611483850834768,0.12916666666666665,0.12916666666666665,0.0746353036816857,0.014645804401559048,0.5,0.49973463069438295,0.015121396662342641
FairAA,100.0,15,0.633133094086441,0.532,0.25949367088607594,0.09611483850834768,0.12916666666666665,0.12916666666666665,0.0746353036816857,0.014645804401559048,0.5,0.49973463069438295,0.015121396662342641
FairAA_3Moment,0.0,15,0.6738375721641441,0.67,0.2918454935622318,0.005851146824777609,0.030668358714043997,0.016666666666666607,0.1443675530437637,0.06304688254566959,0.5,0.5201238390092879,0.06062195836607887
FairAA_3Moment,0.03,15,0.6756709315025745,0.67,0.2918454935622318,0.005851146824777609,0.030668358714043997,0.016666666666666607,0.14434352776215575,0.043939163323449604,0.5,0.5201238390092879,0.048045665597629066
FairAA_3Moment,0.1,15,0.6765681073490405,0.67,0.2978723404255319,0.009127789046653123,0.11666666666666659,0.11666666666666659,0.14412764774765308,0.0256658419849638,0.5,0.5210084033613445,0.032794549865355176
FairAA_3Moment,0.3,15,0.6767046341082852,0.668,0.2966101694915254,0.006865345607739104,0.11666666666666659,0.11666666666666659,0.14367838014737344,0.012507586130006021,0.5,0.49221583370190175,0.018267261010561822
FairAA_3Moment,1.0,15,0.6777188328912468,0.668,0.2966101694915254,0.006865345607739104,0.11666666666666659,0.11666666666666659,0.1431400244932095,0.006372722099733497,0.5,0.5092436974789916,0.007769151797159403
FairAA_3Moment,3.0,15,0.684291621157747,0.66,0.2857142857142857,0.02184428147916989,0.13749999999999996,0.13749999999999996,0.14280838045959432,0.0045537811947654605,0.5,0.515126050420168,0.003091911875187238
FairAA_3Moment,10.0,15,0.6632469964112967,0.63,0.29118773946360155,0.030191917615852715,0.17500000000000004,0.17500000000000004,0.07879304030950096,0.02906404195027601,0.5,0.5104820875718709,0.04704205663668242
FairAA_3Moment,30.0,15,0.6632469964112967,0.63,0.29118773946360155,0.030191917615852715,0.17500000000000004,0.17500000000000004,0.07879304030950096,0.02906404195027601,0.5,0.5104820875718709,0.04704205663668242
FairAA_3Moment,100.0,15,0.6632469964112967,0.63,0.29118773946360155,0.030191917615852715,0.17500000000000004,0.17500000000000004,0.07879304030950096,0.02906404195027601,0.5,0.5104820875718709,0.04704205663668242
FairAA_Adv,0.0,15,0.6737010454048993,0.67,0.2918454935622318,0.005851146824777609,0.030668358714043997,0.016666666666666607,0.14436755165720117,0.06304688184040153,0.5,0.5201238390092879,0.060621956754039544
FairAA_Adv,0.03,15,0.6738375721641441,0.67,0.2918454935622318,0.005851146824777609,0.030668358714043997,0.016666666666666607,0.14439372318281019,0.062015622873005216,0.5,0.521627598407784,0.05996267912565659
FairAA_Adv,0.1,15,0.6742861600873772,0.67,0.2918454935622318,0.005851146824777609,0.030668358714043997,0.016666666666666607,0.14441860334810297,0.05989127173026054,0.5,0.5061034940291906,0.05865577391501072
FairAA_Adv,0.3,15,0.6744616944921205,0.67,0.2918454935622318,0.005851146824777609,0.030668358714043997,0.016666666666666607,0.1444257103392229,0.05436369174546152,0.5,0.5104820875718709,0.055156775349000535
FairAA_Adv,1.0,15,0.6748322671243564,0.67,0.2918454935622318,0.005851146824777609,0.030668358714043997,0.016666666666666607,0.1443880962102443,0.04350412133660864,0.5,0.5039805395842547,0.04757045216799149
FairAA_Adv,3.0,15,0.675943985021064,0.67,0.2918454935622318,0.005851146824777609,0.030668358714043997,0.016666666666666607,0.14421102183695733,0.027079397872425415,0.5,0.5166298098186642,0.033726359391382056
FairAA_Adv,10.0,15,0.6766656264627867,0.666,0.29535864978902954,0.004602902168825085,0.11666666666666659,0.11666666666666659,0.14354569259782113,0.01228524328853109,0.5,0.5039805395842547,0.014649314963546135
FairAA_Adv,30.0,15,0.6676938679981275,0.506,0.24464831804281345,0.03502886565766894,0.13333333333333341,0.13333333333333341,0.14310022639190112,0.00834203531807498,0.5,0.49871738168951785,0.005672817832015772
FairAA_Adv,100.0,15,0.5968949914183179,0.778,0.26490066225165565,0.9208144796380091,0.9365482233502538,0.7916666666666666,0.015167474701678674,3.53078190126171,0.9984962406015038,1.0,0.3728701196337965
FairPCA_AA,0.0,15,0.6945701357466063,0.634,0.28793774319066145,0.017865501638321124,0.31666666666666665,0.31666666666666665,0.1428770178722334,0.019128285138829026,0.5,0.5430340557275541,0.023456381229420984
FairPCA_AA,0.03,15,0.6946091433921049,0.634,0.28793774319066145,0.017865501638321124,0.31666666666666665,0.31666666666666665,0.13421863331978878,0.019128265337949868,0.5,0.5430340557275541,0.023456395352450143
FairPCA_AA,0.1,15,0.6946091433921049,0.634,0.28793774319066145,0.017865501638321124,0.31666666666666665,0.31666666666666665,0.1253875332817017,0.019128714665406665,0.5,0.5430340557275541,0.023456721094786616
FairPCA_AA,0.3,15,0.6946091433921049,0.634,0.28793774319066145,0.017865501638321124,0.31666666666666665,0.31666666666666665,0.13303909390412227,0.01912945260689336,0.5,0.5430340557275541,0.023458550199680073
FairPCA_AA,1.0,15,0.6729794039631767,0.686,0.29596412556053814,0.0027305351848962434,0.15833333333333333,0.15833333333333333,0.131473113300708,0.02567020791650365,0.5,0.49310039805395844,0.03870111889751513
FairPCA_AA,3.0,15,0.6739545951006398,0.684,0.29464285714285715,0.0049929786238102625,0.15833333333333333,0.15833333333333333,0.13579870740515065,0.02623984480681063,0.5,0.48872180451127817,0.03991922219022351
FairPCA_AA,10.0,15,0.6751443282883445,0.682,0.29333333333333333,0.007255422062724282,0.15833333333333333,0.15833333333333333,0.13723383553441082,0.02916672209970861,0.5,0.48796992481203005,0.04309350089374844
FairPCA_AA,30.0,15,0.6751248244655954,0.686,0.29596412556053814,0.0027305351848962434,0.15833333333333333,0.15833333333333333,0.13757535545861055,0.03191087373507118,0.5,0.49460415745245473,0.0453934721132741
FairPCA_AA,100.0,15,0.6748712747698549,0.684,0.29464285714285715,0.0049929786238102625,0.15833333333333333,0.15833333333333333,0.13800578653669338,0.03303889303977603,0.5,0.49535603715170273,0.04608159548974741
Raw,,16,0.9016227180527383,0.862,0.5818181818181818,0.0894835387735996,0.20833333333333337,0.20833333333333337,,,,,
AA,,16,0.7091199875175535,0.606,0.303886925795053,0.07606490872210958,0.19166666666666665,0.19166666666666665,0.15033486303363186,0.1005139856244886,0.5,0.508359133126935,0.08806029040020844
FairAA,0.0,16,0.7091589951630519,0.606,0.303886925795053,0.07606490872210958,0.19166666666666665,0.19166666666666665,0.15033485777650868,0.10051456530172098,0.5,0.508359133126935,0.08806041243398194
FairAA,0.03,16,0.7090029645810579,0.606,0.303886925795053,0.07606490872210958,0.19166666666666665,0.19166666666666665,0.15035262646971725,0.0999220022299997,0.5,0.496594427244582,0.08778785857245586
FairAA,0.1,16,0.709315025745046,0.606,0.303886925795053,0.07606490872210958,0.19166666666666665,0.19166666666666665,0.15035189475255717,0.09690554229852372,0.5,0.5017249004865104,0.08629728742306901
FairAA,0.3,16,0.70841784989858,0.608,0.3,0.08285223903885164,0.21250000000000002,0.21250000000000002,0.15033061271882675,0.07475939864925263,0.5,0.4973463069438302,0.0744262252767566
FairAA,1.0,16,0.7083008269620845,0.614,0.29818181818181816,0.05515681073490408,0.2333333333333334,0.2333333333333334,0.14897228978830301,0.027419475157955397,0.5,0.4943387881468377,0.031234930249829262
FairAA,3.0,16,0.6997191449524107,0.64,0.31297709923664124,0.006553284443750973,0.11250000000000004,0.11250000000000004,0.14791569112845304,0.015090960093589512,0.5,0.5459088898717381,0.008289242653445113
FairAA,10.0,16,0.6334841628959276,0.716,0.2604166666666667,0.008893743173662039,0.20416666666666666,0.20416666666666666,0.07487389809870337,0.03361946947667227,0.5,0.49973463069438295,0.04342020015152527
FairAA,30.0,16,0.6334841628959276,0.716,0.2604166666666667,0.008893743173662039,0.20416666666666666,0.20416666666666666,0.07487389809870337,0.03361946947667227,0.5,0.49973463069438295,0.04342020015152527
FairAA,100.0,16,0.6334841628959276,0.716,0.2604166666666667,0.008893743173662039,0.20416666666666666,0.20416666666666666,0.07487389809870337,0.03361946947667227,0.5,0.49973463069438295,0.04342020015152527
FairAA_3Moment,0.0,16,0.7091199875175535,0.606,0.303886925795053,0.07606490872210958,0.19166666666666665,0.19166666666666665,0.15033485938449442,0.1005145675971525,0.5,0.508359133126935,0.08806041548570892
FairAA_3Moment,0.03,16,0.708261819316586,0.608,0.3049645390070922,0.0783273521610236,0.19166666666666665,0.19166666666666665,0.15028170300661858,0.07290968795996272,0.5,0.4870853604599734,0.0730835890986363
FairAA_3Moment,0.1,16,0.7092370104540489,0.608,0.3,0.06334841628959276,0.21250000000000002,0.21250000000000002,0.1500825357766804,0.04734566636294635,0.5,0.4907120743034056,0.05529053528263351
FairAA_3Moment,0.3,16,0.7095490716180372,0.616,0.30434782608695654,0.07239819004524889,0.21250000000000002,0.21250000000000002,0.14970848544464233,0.027019047313211697,0.5,0.49371959310039804,0.03747136869269843
FairAA_3Moment,1.0,16,0.7071696052426276,0.61,0.3010752688172043,0.06561085972850678,0.21250000000000002,0.21250000000000002,0.14889091068837923,0.010188267678292395,0.5,0.5106147722246793,0.018420712554996742
FairAA_3Moment,3.0,16,0.7057263223591824,0.666,0.31275720164609055,0.01053206428459974,0.2958333333333334,0.2958333333333334,0.14803417988622491,0.00402042722650553,0.5,0.5137549756744803,0.006763962284030665
FairAA_3Moment,10.0,16,0.6981393353097207,0.584,0.2876712328767123,0.07520674052114212,0.21250000000000002,0.21250000000000002,0.07533594056452209,0.04621253791203922,0.5,0.5158779301194162,0.05843883066189847
FairAA_3Moment,30.0,16,0.6981393353097207,0.584,0.2876712328767123,0.07520674052114212,0.21250000000000002,0.21250000000000002,0.07533594056452209,0.04621253791203922,0.5,0.5158779301194162,0.05843883066189847
FairAA_3Moment,100.0,16,0.6981393353097207,0.584,0.2876712328767123,0.07520674052114212,0.21250000000000002,0.21250000000000002,0.07533594056452209,0.04621253791203922,0.5,0.5158779301194162,0.05843883066189847
FairAA_Adv,0.0,16,0.7091589951630519,0.606,0.303886925795053,0.07606490872210958,0.19166666666666665,0.19166666666666665,0.15033485777650868,0.10051456530172098,0.5,0.508359133126935,0.08806041243398194
FairAA_Adv,0.03,16,0.7091980028085505,0.606,0.303886925795053,0.07606490872210958,0.19166666666666665,0.19166666666666665,0.15033918076461694,0.09901365485486324,0.5,0.5032286598850066,0.08731500335776127
FairAA_Adv,0.1,16,0.7093540333905446,0.606,0.303886925795053,0.07606490872210958,0.19166666666666665,0.19166666666666665,0.15033955387789844,0.09591695091382108,0.5,0.5068553737284387,0.08576955896244051
FairAA_Adv,0.3,16,0.7093540333905446,0.604,0.3028169014084507,0.07380246528319556,0.19166666666666665,0.19166666666666665,0.1503290468271007,0.0876559345381821,0.5,0.5039805395842547,0.08148843986701251
FairAA_Adv,1.0,16,0.7089639569355592,0.608,0.3049645390070922,0.0783273521610236,0.19166666666666665,0.19166666666666665,0.15026972973147712,0.0722875813537352,0.5,0.4885891198584697,0.07271365863984078
FairAA_Adv,3.0,16,0.708183804025589,0.612,0.302158273381295,0.0678733031674208,0.21250000000000002,0.21250000000000002,0.1500580657744498,0.05067287407140819,0.5,0.4833259619637328,0.05713611959624767
FairAA_Adv,10.0,16,0.7088859416445624,0.616,0.30434782608695654,0.07239819004524889,0.21250000000000002,0.21250000000000002,0.14929453006854376,0.024472828525736845,0.5,0.5163644405130473,0.026736474807001726
FairAA_Adv,30.0,16,0.6447573724449992,0.622,0.24096385542168675,0.016461226400374507,0.22083333333333327,0.22083333333333327,0.14849943633413165,0.016427730375291993,0.5,0.5361344537815126,0.009213275346074232
FairAA_Adv,100.0,16,0.4982836635980652,0.23,0.1995841995841996,0.9180059291621158,1.0,1.0,0.029862849497118593,2.7053998195924898,0.959310039805396,0.9764705882352942,0.41383406128252886
FairPCA_AA,0.0,16,0.710602278046497,0.622,0.29739776951672864,0.12724293961616473,0.375,0.375,0.1665732662758327,0.04559240032144385,0.5,0.5011057054400707,0.041121933385149675
FairPCA_AA,0.03,16,0.7107973162739898,0.62,0.2962962962962963,0.12498049617725071,0.375,0.375,0.15126346913036226,0.04561165092038344,0.5,0.5018575851393188,0.041127231491791275
FairPCA_AA,0.1,16,0.7104462474645029,0.622,0.29739776951672864,0.12724293961616473,0.375,0.375,0.14993084726063133,0.04559227035664093,0.5,0.5011057054400707,0.041121841516879816
FairPCA_AA,0.3,16,0.7103292245280074,0.622,0.29739776951672864,0.12724293961616473,0.375,0.375,0.15071119062855187,0.04559758354079568,0.5,0.5011057054400707,0.04112205112195816
FairPCA_AA,1.0,16,0.710290216882509,0.624,0.29850746268656714,0.12950538305507875,0.375,0.375,0.1518098618522551,0.04541590822960162,0.5,0.5069880583812472,0.041063499180669746
FairPCA_AA,3.0,16,0.7122796068029333,0.626,0.299625468164794,0.13176782649399277,0.375,0.375,0.15131741355448458,0.04449747009416216,0.5,0.49973463069438295,0.04085946245117031
FairPCA_AA,10.0,16,0.7121235762209395,0.626,0.299625468164794,0.13176782649399277,0.375,0.375,0.15342685929279276,0.04466656422911208,0.5,0.5063688633348076,0.04124661137226947
FairPCA_AA,30.0,16,0.711499453892963,0.628,0.3007518796992481,0.1340302699329068,0.375,0.375,0.1536231092833693,0.044960110044434565,0.5,0.5084918177797435,0.04151335988371173
FairPCA_AA,100.0,16,0.7110703697924794,0.628,0.3007518796992481,0.1340302699329068,0.375,0.375,0.15539129999732593,0.04508574962971856,0.5,0.4989827509951349,0.041630443547040305
Raw,,17,0.9036901232641597,0.874,0.5882352941176471,0.17514432828834453,0.15355329949238578,0.029166666666666674,,,,,
AA,,17,0.7288968637853019,0.672,0.32231404958677684,0.05180215322203152,0.15416666666666667,0.15416666666666667,0.14478445488358627,0.08076855648440617,0.5,0.556921716054843,0.06472764684379122
FairAA,0.0,17,0.7293064440630364,0.672,0.32231404958677684,0.05180215322203152,0.15416666666666667,0.15416666666666667,0.144784585105329,0.08077040113322975,0.5,0.557673595754091,0.06472908917201561
FairAA,0.03,17,0.7289748790762991,0.672,0.32231404958677684,0.05180215322203152,0.15416666666666667,0.15416666666666667,0.14479304292225437,0.0804937843156468,0.5,0.5584254754533393,0.064524027114884
FairAA,0.1,17,0.7286823217350601,0.672,0.32231404958677684,0.05180215322203152,0.15416666666666667,0.15416666666666667,0.14485847638862892,0.07820130805176717,0.5,0.5599292348518354,0.0631953986087476
FairAA,0.3,17,0.7274340770791075,0.67,0.32098765432098764,0.0495397097831175,0.15416666666666667,0.15416666666666667,0.14492773197448394,0.0640244616457406,0.5,0.5495356037151702,0.056203656356739004
FairAA,1.0,17,0.7271415197378687,0.666,0.32388663967611336,0.059993758776720196,0.13333333333333341,0.13333333333333341,0.144562264857517,0.02378723656681847,0.5,0.5347633790358248,0.03167388812845735
FairAA,3.0,17,0.7209588079263535,0.664,0.3225806451612903,0.018723669839288526,0.012499999999999956,0.012499999999999956,0.1428330664663945,0.009468675474607724,0.5,0.5546660769570986,0.00800458532070535
FairAA,10.0,17,0.7137814011546263,0.662,0.32669322709163345,0.011936339522546413,0.11250000000000004,0.11250000000000004,0.14158329530561986,0.008928447400843198,0.5,0.6524104378593543,0.0015358659629141408
FairAA,30.0,17,0.6785770010922141,0.722,0.27225130890052357,0.050163832111093765,0.0625,0.0625,-0.20181078152383658,0.02533122995101522,0.5,0.5130030959752322,0.02624703391864213
FairAA,100.0,17,0.6785770010922141,0.722,0.27225130890052357,0.050163832111093765,0.0625,0.0625,-0.20181078152383658,0.02533122995101522,0.5,0.5130030959752322,0.02624703391864213
FairAA_3Moment,0.0,17,0.7289358714308005,0.672,0.32231404958677684,0.05180215322203152,0.15416666666666667,0.15416666666666667,0.14478458688111262,0.08077040236128497,0.5,0.557673595754091,0.06472909236570279
FairAA_3Moment,0.03,17,0.7279801841160868,0.672,0.32231404958677684,0.05180215322203152,0.15416666666666667,0.15416666666666667,0.14479603826703724,0.060863702396083186,0.5,0.5480318443166741,0.055568282939354854
FairAA_3Moment,0.1,17,0.7276291153066001,0.67,0.32098765432098764,0.0495397097831175,0.15416666666666667,0.15416666666666667,0.1446256415069006,0.040074355085537694,0.5,0.5376382131800088,0.04463029771985025
FairAA_3Moment,0.3,17,0.724606022780465,0.668,0.319672131147541,0.047277266344203484,0.15416666666666667,0.15416666666666667,0.14397999892152602,0.021185102184869797,0.5,0.5429013710747457,0.0305189850240895
FairAA_3Moment,1.0,17,0.7204322047121237,0.666,0.32388663967611336,0.04048993602746137,0.13333333333333341,0.13333333333333341,0.14304839189303564,0.008532320725927578,0.5,0.5312693498452011,0.014591231513849768
FairAA_3Moment,3.0,17,0.7180917459822126,0.668,0.33064516129032256,0.03822749258854735,0.11250000000000004,0.11250000000000004,0.14213672617984996,0.005449955819394003,0.5,0.5356479433878814,0.006314319196501328
FairAA_3Moment,10.0,17,0.7249180839444531,0.684,0.30701754385964913,0.014042752379466394,0.03881133671742809,0.004166666666666652,0.14157114444644314,0.005092498066120554,0.5,0.5437859354268022,0.002137909941342107
FairAA_3Moment,30.0,17,0.7235918239975034,0.534,0.26959247648902823,0.05312841316898109,0.19166666666666665,0.19166666666666665,-0.3806687356601297,0.028588870887555573,0.5,0.5089783281733745,0.0465491604666957
FairAA_3Moment,100.0,17,0.7235918239975034,0.534,0.26959247648902823,0.05312841316898109,0.19166666666666665,0.19166666666666665,-0.3806687356601297,0.028588870887555573,0.5,0.5089783281733745,0.0465491604666957
FairAA_Adv,0.0,17,0.7293064440630364,0.672,0.32231404958677684,0.05180215322203152,0.15416666666666667,0.15416666666666667,0.144784585105329,0.08077040113322975,0.5,0.557673595754091,0.06472908917201561
FairAA_Adv,0.03,17,0.7289943828990482,0.672,0.32231404958677684,0.05180215322203152,0.15416666666666667,0.15416666666666667,0.14479736797822318,0.0797200048598925,0.5,0.5584254754533393,0.06411980219897073
FairAA_Adv,0.1,17,0.7283117491028241,0.672,0.32231404958677684,0.05180215322203152,0.15416666666666667,0.15416666666666667,0.1448188114059451,0.07745734410422234,0.5,0.5554179566563467,0.06289663023571833
FairAA_Adv,0.3,17,0.7287213293805586,0.672,0.32231404958677684,0.05180215322203152,0.15416666666666667,0.15416666666666667,0.1448342402559556,0.07246175834735225,0.5,0.5429013710747457,0.06016515671754668
FairAA_Adv,1.0,17,0.7272195350288657,0.672,0.32231404958677684,0.05180215322203152,0.15416666666666667,0.15416666666666667,0.14481880079464093,0.06015486562876027,0.5,0.5563025210084034,0.05384692314435552
FairAA_Adv,3.0,17,0.7271805273833671,0.67,0.32098765432098764,0.0495397097831175,0.15416666666666667,0.15416666666666667,0.1446482524051822,0.04026221494473636,0.5,0.5450243255196815,0.04404075365223699
FairAA_Adv,10.0,17,0.7265954127008895,0.664,0.3225806451612903,0.05773131533780618,0.25416666666666665,0.25416666666666665,0.14377279413259192,0.018896311818087708,0.5,0.5332596196373286,0.025657945608990592
FairAA_Adv,30.0,17,0.7246645342487127,0.664,0.328,0.03370260571071931,0.11250000000000004,0.11250000000000004,0.14309318267094673,0.011388358762184692,0.5,0.5599292348518354,0.010675441488268357
FairAA_Adv,100.0,17,0.7102512092370105,0.624,0.3088235294117647,0.003432672803869552,0.09166666666666667,0.09166666666666667,0.14279348202638742,0.010317695454390097,0.5,0.5878372401592216,0.003853014913046013
FairPCA_AA,0.0,17,0.7256397253861757,0.676,0.31932773109243695,0.0608519269776876,0.17500000000000004,0.17500000000000004,0.14487349680531825,0.019014196568338693,0.5,0.5157452454666076,0.02476255018263005
FairPCA_AA,0.03,17,0.7257372444999219,0.676,0.31932773109243695,0.0608519269776876,0.17500000000000004,0.17500000000000004,0.12821702944281088,0.01901450014255368,0.5,0.5149933657673594,0.024761447035152907
FairPCA_AA,0.1,17,0.7256787330316742,0.676,0.31932773109243695,0.0608519269776876,0.17500000000000004,0.17500000000000004,0.12673200704626442,0.01901260188038756,0.5,0.5149933657673594,0.024757064461106277
FairPCA_AA,0.3,17,0.7257177406771727,0.676,0.31932773109243695,0.0608519269776876,0.17500000000000004,0.17500000000000004,0.12680041200222203,0.019013436840151,0.5,0.5157452454666076,0.024763317145311763
FairPCA_AA,1.0,17,0.7259517865501639,0.68,0.3277310924369748,0.0608519269776876,0.15416666666666667,0.15416666666666667,0.1287733270991248,0.01905834674584561,0.5,0.5128704113224237,0.02437315338429757
FairPCA_AA,3.0,17,0.7266929318146357,0.682,0.3291139240506329,0.06311437041660167,0.15416666666666667,0.15416666666666667,0.13197618738958117,0.01950148487014236,0.5,0.5121185316231756,0.02462845738148644
FairPCA_AA,10.0,17,0.7270635044468716,0.672,0.32231404958677684,0.05180215322203152,0.15416666666666667,0.15416666666666667,0.1332399763713521,0.020790039731413357,0.5,0.5002211410880142,0.027862878398341163
FairPCA_AA,30.0,17,0.7265954127008893,0.674,0.3236514522821577,0.05406459666094554,0.15416666666666667,0.15416666666666667,0.13293304313397447,0.021806336646136182,0.5,0.5045997346306944,0.029838212624933483
FairPCA_AA,100.0,17,0.7361717896707755,0.65,0.31906614785992216,0.05687314713683883,0.11250000000000004,0.11250000000000004,0.1313744309828897,0.02228181819567432,0.5,0.5759398496240601,0.03168945317019999
Raw,,18,0.8880090497737557,0.854,0.5575757575757576,0.06997971602434078,0.03214890016920474,0.008333333333333415,,,,,
AA,,18,0.6990950226244343,0.666,0.28936170212765955,0.029879856451864584,0.2583333333333334,0.2583333333333334,0.1503582514775359,0.06543101874212132,0.5,0.5401592215833702,0.07481424674923108
FairAA,0.0,18,0.6990560149789358,0.666,0.28936170212765955,0.029879856451864584,0.2583333333333334,0.2583333333333334,0.15035803069819875,0.06543117124679582,0.5,0.5401592215833702,0.07481427633486243
FairAA,0.03,18,0.6994850990794197,0.666,0.28936170212765955,0.029879856451864584,0.2583333333333334,0.2583333333333334,0.15034645043190742,0.0653526659153898,0.5,0.5401592215833702,0.0746657294733932
FairAA,0.1,18,0.7002262443438915,0.664,0.288135593220339,0.012638477141519722,0.2583333333333334,0.2583333333333334,0.1503259180343096,0.06353288327428014,0.5,0.5394073418841221,0.0733673918522207
FairAA,0.3,18,0.7012989545951007,0.664,0.29411764705882354,0.01716336401934776,0.23750000000000004,0.23750000000000004,0.15038289330076393,0.05014004005009992,0.5,0.5335249889429455,0.06416080365343318
FairAA,1.0,18,0.7048096426899673,0.656,0.29508196721311475,0.03073802465283193,0.21666666666666667,0.21666666666666667,0.15098142289405003,0.014359148629430107,0.5,0.5255196815568333,0.02612417713805741
FairAA,3.0,18,0.7036199095022624,0.682,0.3056768558951965,0.03580901856763924,0.23750000000000004,0.23750000000000004,0.14993335852228828,0.01019413445840589,0.5,0.551923927465723,0.006217605421805314
FairAA,10.0,18,0.6787720393197066,0.57,0.2508710801393728,0.12802309252613508,0.16264805414551603,0.025000000000000022,0.08447581018822081,0.04728997648975708,0.5,0.5695709862892524,0.023832012399238996
FairAA,30.0,18,0.6787720393197066,0.57,0.2508710801393728,0.12802309252613508,0.16264805414551603,0.025000000000000022,0.08447581018822081,0.04728997648975708,0.5,0.5695709862892524,0.023832012399238996
FairAA,100.0,18,0.6787720393197066,0.57,0.2508710801393728,0.12802309252613508,0.16264805414551603,0.025000000000000022,0.08447581018822081,0.04728997648975708,0.5,0.5695709862892524,0.023832012399238996
FairAA_3Moment,0.0,18,0.6990950226244343,0.666,0.28936170212765955,0.029879856451864584,0.2583333333333334,0.2583333333333334,0.15035803202812392,0.06543117316144959,0.5,0.5401592215833702,0.07481428027885578
FairAA_3Moment,0.03,18,0.7014159775315961,0.664,0.29411764705882354,0.01716336401934776,0.23750000000000004,0.23750000000000004,0.15030768193909838,0.0483053673040823,0.5,0.5217602830605926,0.0626810978488065
FairAA_3Moment,0.1,18,0.7030152909970354,0.662,0.2928870292887029,7.801529099704663e-05,0.23750000000000004,0.23750000000000004,0.15013584617540243,0.03313401469828048,0.5,0.5232640424590889,0.049475928665272284
FairAA_3Moment,0.3,18,0.7036394133250118,0.658,0.29045643153526973,0.015056951162427834,0.23750000000000004,0.23750000000000004,0.1499631761443525,0.0158459409792574,0.5,0.5490490933215392,0.029563467942096383
FairAA_3Moment,1.0,18,0.7035223903885162,0.654,0.2938775510204082,0.006007177406771702,0.21666666666666667,0.21666666666666667,0.1492724835209891,0.007688870694712691,0.5,0.5380362671384342,0.014157437247005886
FairAA_3Moment,3.0,18,0.6925222343579341,0.686,0.29596412556053814,0.016773287564362638,0.2791666666666667,0.2791666666666667,0.15010986482560384,0.004439127362806383,0.5,0.532905793896506,0.005408781066553341
FairAA_3Moment,10.0,18,0.650920580433765,0.62,0.291044776119403,0.10454048993602749,0.15355329949238578,0.033333333333333326,0.08329676008559983,0.06536738834429234,0.5,0.5018575851393188,0.07189251887377371
FairAA_3Moment,30.0,18,0.650920580433765,0.62,0.291044776119403,0.10454048993602749,0.15355329949238578,0.033333333333333326,0.08329676008559983,0.06536738834429234,0.5,0.5018575851393188,0.07189251887377371
FairAA_3Moment,100.0,18,0.650920580433765,0.62,0.291044776119403,0.10454048993602749,0.15355329949238578,0.033333333333333326,0.08329676008559983,0.06536738834429234,0.5,0.5018575851393188,0.07189251887377371
FairAA_Adv,0.0,18,0.6990560149789358,0.666,0.28936170212765955,0.029879856451864584,0.2583333333333334,0.2583333333333334,0.15035803069819875,0.06543117124679582,0.5,0.5401592215833702,0.07481427633486243
FairAA_Adv,0.03,18,0.6994850990794195,0.666,0.28936170212765955,0.029879856451864584,0.2583333333333334,0.2583333333333334,0.15033670051050785,0.06463221427269727,0.5,0.5409111012826184,0.07404808823352624
FairAA_Adv,0.1,18,0.6997581525979092,0.666,0.28936170212765955,0.029879856451864584,0.2583333333333334,0.2583333333333334,0.15033002281997332,0.0626957008929675,0.5,0.5379035824856258,0.07277155083918521
FairAA_Adv,0.3,18,0.7000702137618973,0.666,0.28936170212765955,0.029879856451864584,0.2583333333333334,0.2583333333333334,0.150333485612256,0.05769150143176477,0.5,0.5348960636886334,0.0694409562053975
FairAA_Adv,1.0,18,0.7005383055078795,0.666,0.29535864978902954,0.03440474332969262,0.23750000000000004,0.23750000000000004,0.15032968652122636,0.04740099306455747,0.5,0.5365325077399381,0.06208312464918723
FairAA_Adv,3.0,18,0.7019035731003276,0.664,0.29411764705882354,0.01716336401934776,0.23750000000000004,0.23750000000000004,0.15029045385190076,0.02805343352509726,0.5,0.5217602830605926,0.04494683472373817
FairAA_Adv,10.0,18,0.7033273521610236,0.66,0.2975206611570248,0.026213137775003892,0.21666666666666667,0.21666666666666667,0.1500359705621781,0.011515330525639356,0.5,0.5394073418841221,0.019505080632750308
FairAA_Adv,30.0,18,0.7078522390388516,0.558,0.2754098360655738,0.03222031518177565,0.09166666666666667,0.09166666666666667,0.15023527480689625,0.008042395954987902,0.5,0.5481645289694825,0.0065798574412338495
FairAA_Adv,100.0,18,0.5595646746762365,0.74,0.23529411764705882,0.8778280542986425,0.8883248730964467,0.7916666666666666,-0.0024207523488277705,2.304955436593006,0.8674480318443167,0.963202122954445,0.36833660219970404
FairPCA_AA,0.0,18,0.6979833047277266,0.642,0.3035019455252918,0.07965361210797317,0.15416666666666667,0.15416666666666667,0.14643032121677046,0.023110103688981698,0.5,0.538655462184874,0.022367030733844218
FairPCA_AA,0.03,18,0.6979833047277266,0.642,0.3035019455252918,0.07965361210797317,0.15416666666666667,0.15416666666666667,0.13356603248035892,0.02311134540358606,0.5,0.5379035824856258,0.022365807806006395
FairPCA_AA,0.1,18,0.6979833047277266,0.642,0.3035019455252918,0.07965361210797317,0.15416666666666667,0.15416666666666667,0.1333830145637125,0.02311033865566059,0.5,0.538655462184874,0.022367052024430966
FairPCA_AA,0.3,18,0.6981393353097207,0.64,0.3023255813953488,0.08191605554688719,0.15416666666666667,0.15416666666666667,0.13159965282738417,0.02310730284674911,0.5,0.5379035824856258,0.022362677928906703
FairPCA_AA,1.0,18,0.6978857856139803,0.64,0.3023255813953488,0.08191605554688719,0.15416666666666667,0.15416666666666667,0.1307685092241605,0.022731389652121403,0.5,0.5327731092436976,0.021971145568833825
FairPCA_AA,3.0,18,0.7019620845685755,0.638,0.30115830115830117,0.10368232173506003,0.1774534686971235,0.15416666666666667,0.14266991821514197,0.017667508376825958,0.5,0.5187527642636002,0.027164209652841262
FairPCA_AA,10.0,18,0.7018450616320799,0.64,0.296875,0.09689499141831798,0.17500000000000004,0.17500000000000004,0.14279782475816682,0.017347652461492835,0.5,0.4965944272445821,0.02597210876993506
FairPCA_AA,30.0,18,0.7022546419098143,0.64,0.29133858267716534,0.09237010454048994,0.19583333333333341,0.19583333333333341,0.14282964710584145,0.018053689110046123,0.5,0.5128704113224238,0.026978688435648705
FairPCA_AA,100.0,18,0.7015720081135903,0.642,0.2924901185770751,0.09010766110157592,0.19583333333333341,0.19583333333333341,0.14261243138267443,0.0186132043679621,0.5,0.5091110128261831,0.027453432480425945
Raw,,19,0.9080589795599937,0.838,0.5371428571428571,0.14487439538149477,0.126163282571912,0.012499999999999956,,,,,
AA,,19,0.6494772975503198,0.626,0.2549800796812749,0.10945545326884071,0.17916666666666659,0.17916666666666659,0.15232701950532068,0.03523129945475523,0.5,0.5252543122512163,0.040858797751484245
FairAA,0.0,19,0.6494772975503199,0.626,0.2549800796812749,0.10945545326884071,0.17916666666666659,0.17916666666666659,0.1523269340103246,0.035231369899239806,0.5,0.5252543122512163,0.040858856594333574
FairAA,0.03,19,0.6496333281323139,0.626,0.2549800796812749,0.10945545326884071,0.17916666666666659,0.17916666666666659,0.15233176066677656,0.03518354330557327,0.5,0.5149933657673597,0.040831311098094326
FairAA,0.1,19,0.6495943204868154,0.626,0.2549800796812749,0.10945545326884071,0.17916666666666659,0.17916666666666659,0.15232622759972703,0.034559124803823726,0.5,0.5157452454666077,0.04034127228139512
FairAA,0.3,19,0.6522858480262131,0.626,0.2549800796812749,0.08995163051958183,0.17916666666666659,0.17916666666666659,0.15234264301375522,0.03033207530402282,0.5,0.505484298982751,0.03693983238609554
FairAA,1.0,19,0.6511351224840068,0.628,0.256,0.09221407395849585,0.17916666666666659,0.17916666666666659,0.15211936501522993,0.015193383924836934,0.5,0.5084918177797434,0.01797544490106639
FairAA,3.0,19,0.6494187860820722,0.622,0.25296442687747034,0.0269152753939772,0.17916666666666659,0.17916666666666659,0.15148570210654566,0.009909739086408909,0.5,0.5127377266696151,0.003598378175462623
FairAA,10.0,19,0.6388867217974722,0.504,0.24848484848484848,0.03026993290684976,0.04875211505922167,0.008333333333333415,0.08385409988146542,0.019195895800227403,0.5,0.4946041574524546,0.01916749040049935
FairAA,30.0,19,0.6388867217974722,0.504,0.24848484848484848,0.03026993290684976,0.04875211505922167,0.008333333333333415,0.08385409988146542,0.019195895800227403,0.5,0.4946041574524546,0.01916749040049935
FairAA,100.0,19,0.6388867217974722,0.504,0.24848484848484848,0.03026993290684976,0.04875211505922167,0.008333333333333415,0.08385409988146542,0.019195895800227403,0.5,0.4946041574524546,0.01916749040049935
FairAA_3Moment,0.0,19,0.6494772975503199,0.626,0.2549800796812749,0.10945545326884071,0.17916666666666659,0.17916666666666659,0.15232693561383948,0.035231370563551856,0.5,0.5252543122512163,0.04085885752018825
FairAA_3Moment,0.03,19,0.6521493212669682,0.624,0.25396825396825395,0.08768918708066781,0.17916666666666659,0.17916666666666659,0.1523205797173941,0.030054928598512443,0.5,0.5098628925254313,0.03672567636230055
FairAA_3Moment,0.1,19,0.6517982524574817,0.624,0.25984251968503935,0.08316430020283977,0.15833333333333333,0.15833333333333333,0.15226507425848812,0.023544887348997956,0.5,0.5018575851393189,0.03036951108246988
FairAA_3Moment,0.3,19,0.6505890154470275,0.624,0.25984251968503935,0.08316430020283977,0.15833333333333333,0.15833333333333333,0.15199645021999808,0.013418248242167308,0.5,0.49371959310039804,0.018109172721816932
FairAA_3Moment,1.0,19,0.6496918396005616,0.622,0.25882352941176473,0.06139803401466687,0.15833333333333333,0.15833333333333333,0.15154485263542106,0.006705054446032421,0.5,0.49371959310039804,0.008245570247239029
FairAA_3Moment,3.0,19,0.6426119519425807,0.67,0.2600896860986547,0.07528475581213917,0.24166666666666664,0.24166666666666664,0.15117291573029878,0.0037919200501886907,0.5,0.4893409995577178,0.0034164883407548016
FairAA_3Moment,10.0,19,0.6273014510844127,0.618,0.2792452830188679,0.05827742237478545,0.07499999999999996,0.07499999999999996,0.09314602065435651,0.01600203807511552,0.5,0.48345864661654137,0.02616463915581812
FairAA_3Moment,30.0,19,0.6273014510844127,0.618,0.2792452830188679,0.05827742237478545,0.07499999999999996,0.07499999999999996,0.09314602065435651,0.01600203807511552,0.5,0.48345864661654137,0.02616463915581812
FairAA_3Moment,100.0,19,0.6273014510844127,0.618,0.2792452830188679,0.05827742237478545,0.07499999999999996,0.07499999999999996,0.09314602065435651,0.01600203807511552,0.5,0.48345864661654137,0.02616463915581812
FairAA_Adv,0.0,19,0.6494772975503199,0.626,0.2549800796812749,0.10945545326884071,0.17916666666666659,0.17916666666666659,0.1523269340103246,0.035231369899239806,0.5,0.5252543122512163,0.040858856594333574
FairAA_Adv,0.03,19,0.6494382899048214,0.626,0.2549800796812749,0.10945545326884071,0.17916666666666659,0.17916666666666659,0.1523263182753487,0.034968764488761295,0.5,0.5134896063688632,0.0406620630870318
FairAA_Adv,0.1,19,0.6493212669683258,0.626,0.2549800796812749,0.10945545326884071,0.17916666666666659,0.17916666666666659,0.15232748089824855,0.034408831256733996,0.5,0.5157452454666077,0.04020366590570359
FairAA_Adv,0.3,19,0.6491262287408331,0.626,0.2549800796812749,0.10945545326884071,0.17916666666666659,0.17916666666666659,0.15233077018455055,0.032955693126776264,0.5,0.5083591331269349,0.038980859388325274
FairAA_Adv,1.0,19,0.6490287096270869,0.626,0.2549800796812749,0.08995163051958183,0.17916666666666659,0.17916666666666659,0.152330540922597,0.02913791845837277,0.5,0.5069880583812472,0.035549197302545896
FairAA_Adv,3.0,19,0.6524418786082071,0.626,0.2608695652173913,0.08542674364175379,0.15833333333333333,0.15833333333333333,0.15225551613105248,0.021998433045170573,0.5,0.5113666519239275,0.02781412309859442
FairAA_Adv,10.0,19,0.6509010766110157,0.622,0.25882352941176473,0.0809018567639257,0.15833333333333333,0.15833333333333333,0.15194487985118044,0.013659573695750882,0.5,0.508359133126935,0.015363957237709065
FairAA_Adv,30.0,19,0.6460641285691996,0.514,0.24299065420560748,0.029099703541894173,0.033333333333333326,0.033333333333333326,0.15161665601956276,0.010549457682892949,0.5,0.5106147722246794,0.005259066564821675
FairAA_Adv,100.0,19,0.5229950070213762,0.694,0.18181818181818182,0.8393665158371041,0.8541666666666666,0.8541666666666666,-0.05674632878829389,3.9412872087948205,0.9969924812030075,1.0,0.3842966353060804
FairPCA_AA,0.0,19,0.663051958183804,0.642,0.2868525896414343,0.10945545326884071,0.21666666666666667,0.21666666666666667,0.1372047519932309,0.04216493030141999,0.5,0.48770455550641306,0.03980143388527661
FairPCA_AA,0.03,19,0.6629739428928071,0.642,0.2868525896414343,0.10945545326884071,0.21666666666666667,0.21666666666666667,0.12600388876106483,0.04216237628191455,0.5,0.48770455550641306,0.0398029409975824
FairPCA_AA,0.1,19,0.6631689811202995,0.642,0.2868525896414343,0.10945545326884071,0.21666666666666667,0.21666666666666667,0.12712351659822962,0.04216276921925588,0.5,0.48770455550641306,0.03980306776953491
FairPCA_AA,0.3,19,0.6629349352473085,0.642,0.2868525896414343,0.10945545326884071,0.21666666666666667,0.21666666666666667,0.12636357555467492,0.042169187062415014,0.5,0.48770455550641306,0.03980783231953974
FairPCA_AA,1.0,19,0.6636955843345296,0.646,0.2891566265060241,0.11398034014666875,0.21666666666666667,0.21666666666666667,0.12406115700248532,0.042193694963996387,0.5,0.5068553737284387,0.04011864084369171
FairPCA_AA,3.0,19,0.6631884849430488,0.652,0.28688524590163933,0.10578873459198002,0.23750000000000004,0.23750000000000004,0.1275799275766213,0.040652143494684156,0.5,0.49146395400265364,0.040481950517253354
FairPCA_AA,10.0,19,0.6435871430800437,0.644,0.2644628099173554,0.11031362146980805,0.17916666666666659,0.17916666666666659,0.14204988444884148,0.02311197618066063,0.5,0.5166298098186644,0.032089038248977124
FairPCA_AA,30.0,19,0.6438211889530349,0.644,0.2644628099173554,0.11031362146980805,0.17916666666666659,0.17916666666666659,0.1423846102589429,0.021423540707374178,0.5,0.49447147279964615,0.02956544254269667
FairPCA_AA,100.0,19,0.643314089561554,0.648,0.26666666666666666,0.11483850834763615,0.17916666666666659,0.17916666666666659,0.1424825076390318,0.020946462238349506,0.5,0.5011057054400707,0.029009995091828125
Raw,,20,0.9085660789514745,0.856,0.5662650602409639,0.10672491808394446,0.13333333333333341,0.13333333333333341,,,,,
AA,,20,0.7076181931658605,0.63,0.3018867924528302,0.11678889062256204,0.375,0.375,0.15780094097044495,0.07660107237928138,0.5,0.4920831490490933,0.07524046320536615
FairAA,0.0,20,0.7076181931658605,0.63,0.3018867924528302,0.11678889062256204,0.375,0.375,0.1578015723273335,0.0765997166368762,0.5,0.4913312693498451,0.0752412436142101
FairAA,0.03,20,0.7075401778748636,0.628,0.3007518796992481,0.11452644718364802,0.375,0.375,0.1578052265607539,0.07642295139661537,0.5,0.4920831490490933,0.0750789949429274
FairAA,0.1,20,0.7075401778748636,0.628,0.3007518796992481,0.11452644718364802,0.375,0.375,0.1578042529680007,0.07517156556993249,0.5,0.49133126934984517,0.07414798512002745
FairAA,0.3,20,0.7073646434701201,0.628,0.3007518796992481,0.11452644718364802,0.375,0.375,0.15775674872902612,0.06494282634798776,0.5,0.48620079610791683,0.06670551755282175
FairAA,1.0,20,0.7075401778748636,0.628,0.30597014925373134,0.05149009205804339,0.2333333333333334,0.2333333333333334,0.1570774907770741,0.03149064589367301,0.5,0.527377266696152,0.035230712986414385
FairAA,3.0,20,0.7052972382586987,0.668,0.30833333333333335,0.036823217350600734,0.31666666666666665,0.31666666666666665,0.15519977554548514,0.014719075526496428,0.5,0.593719593100398,0.007748881455055402
FairAA,10.0,20,0.7093930410360431,0.562,0.2958199356913183,0.07122796068029336,0.12916666666666665,0.12916666666666665,0.09015771911062376,0.09381869061243642,0.5,0.5093763821318,0.0582755666945749
FairAA,30.0,20,0.7093930410360431,0.562,0.2958199356913183,0.07122796068029336,0.12916666666666665,0.12916666666666665,0.09015771911062376,0.09381869061243642,0.5,0.5093763821318,0.0582755666945749
FairAA,100.0,20,0.7093930410360431,0.562,0.2958199356913183,0.07122796068029336,0.12916666666666665,0.12916666666666665,0.09015771911062376,0.09381869061243642,0.5,0.5093763821318,0.0582755666945749
FairAA_3Moment,0.0,20,0.7076181931658605,0.63,0.3018867924528302,0.11678889062256204,0.375,0.375,0.15780157401154404,0.07659971797534382,0.5,0.4913312693498451,0.07524124581949033
FairAA_3Moment,0.03,20,0.7076572008113591,0.63,0.3018867924528302,0.11678889062256204,0.375,0.375,0.15775951838146351,0.06400390202582906,0.5,0.484077841662981,0.0658705281322783
FairAA_3Moment,0.1,20,0.7077352161023561,0.63,0.3018867924528302,0.11678889062256204,0.375,0.375,0.15758699548627564,0.049736119861832906,0.5,0.49146395400265364,0.055047204830944205
FairAA_3Moment,0.3,20,0.7058628491184272,0.632,0.30303030303030304,0.06053986581369947,0.25416666666666665,0.25416666666666665,0.15690769525956627,0.028617900383120176,0.5,0.4848297213622291,0.03412290703024873
FairAA_3Moment,1.0,20,0.7037174286160087,0.634,0.30943396226415093,0.03877359962552662,0.2333333333333334,0.2333333333333334,0.15560605954091444,0.011299312816782536,0.5,0.49146395400265364,0.015130837461686156
FairAA_3Moment,3.0,20,0.6986464347012014,0.684,0.31896551724137934,0.03541894211265406,0.31666666666666665,0.31666666666666665,0.15471638648979147,0.006126865127150993,0.5,0.52375055285272,0.006106984906186157
FairAA_3Moment,10.0,20,0.7120650647526915,0.596,0.2986111111111111,0.0842565142767982,0.07083333333333341,0.07083333333333341,0.11622937360730623,0.04634385530676205,0.5,0.5152587350729765,0.059808853187357264
FairAA_3Moment,30.0,20,0.7120650647526915,0.596,0.2986111111111111,0.0842565142767982,0.07083333333333341,0.07083333333333341,0.11622937360730623,0.04634385530676205,0.5,0.5152587350729765,0.059808853187357264
FairAA_3Moment,100.0,20,0.7120650647526915,0.596,0.2986111111111111,0.0842565142767982,0.07083333333333341,0.07083333333333341,0.11622937360730623,0.04634385530676205,0.5,0.5152587350729765,0.059808853187357264
FairAA_Adv,0.0,20,0.7076181931658605,0.63,0.3018867924528302,0.11678889062256204,0.375,0.375,0.1578015723273335,0.0765997166368762,0.5,0.4913312693498451,0.0752412436142101
FairAA_Adv,0.03,20,0.707579185520362,0.628,0.3007518796992481,0.11452644718364802,0.375,0.375,0.15780334829047238,0.07602243319548402,0.5,0.4890756302521009,0.07486347674231682
FairAA_Adv,0.1,20,0.7075401778748635,0.628,0.3007518796992481,0.11452644718364802,0.375,0.375,0.15779448348962444,0.0749338373122393,0.5,0.4905793896505971,0.0741195217591746
FairAA_Adv,0.3,20,0.7077742237478546,0.628,0.3007518796992481,0.11452644718364802,0.375,0.375,0.1577778012808937,0.07193767157405884,0.5,0.4928350287483414,0.07201238181804581
FairAA_Adv,1.0,20,0.7073061320018723,0.628,0.3007518796992481,0.11452644718364802,0.375,0.375,0.15776028884858817,0.0655175781165942,0.5,0.4854489164086687,0.06701652136419796
FairAA_Adv,3.0,20,0.706818536433141,0.632,0.29770992366412213,0.0650647526915275,0.275,0.275,0.15754016653197778,0.050836397352307716,0.5,0.4810703228659885,0.05456242955533608
FairAA_Adv,10.0,20,0.7066234982056483,0.632,0.30303030303030304,0.06053986581369947,0.25416666666666665,0.25416666666666665,0.1570150799063662,0.03392188112674954,0.5,0.5169836355594869,0.03718504508374884
FairAA_Adv,30.0,20,0.7062919332189109,0.712,0.30097087378640774,0.055234826025901074,0.32083333333333336,0.32083333333333336,0.1557282798779841,0.019204307032429924,0.5,0.5662980981866431,0.016794371249014124
FairAA_Adv,100.0,20,0.6961304415665471,0.604,0.2773722627737226,0.5255110001560306,0.5298223350253808,0.41666666666666663,0.03813614256883102,3.60395176549276,0.8978328173374612,1.0,0.4098776319598437
FairPCA_AA,0.0,20,0.695974410984553,0.62,0.3115942028985507,0.00561710095178658,0.19166666666666665,0.19166666666666665,0.1564276804416137,0.05784345961016657,0.5,0.5474126492702345,0.06376540426333469
FairPCA_AA,0.03,20,0.695974410984553,0.62,0.3115942028985507,0.00561710095178658,0.19166666666666665,0.19166666666666665,0.14849097241768616,0.05784615200518467,0.5,0.5481645289694825,0.0637683085553069
FairPCA_AA,0.1,20,0.6959354033390545,0.62,0.3115942028985507,0.00561710095178658,0.19166666666666665,0.19166666666666665,0.14813086124218322,0.05784421594061179,0.5,0.5481645289694825,0.06376562788774615
FairPCA_AA,0.3,20,0.695974410984553,0.62,0.3115942028985507,0.00561710095178658,0.19166666666666665,0.19166666666666665,0.14846310749232783,0.05785717770119403,0.5,0.5481645289694825,0.06377626293229641
FairPCA_AA,1.0,20,0.6962864721485411,0.618,0.3104693140794224,0.007879544390700599,0.19166666666666665,0.19166666666666665,0.14957880546443514,0.05712289890848654,0.5,0.5709420610349403,0.06364418535047435
FairPCA_AA,3.0,20,0.6993485723201748,0.618,0.3104693140794224,0.007879544390700599,0.19166666666666665,0.19166666666666665,0.14797771615001565,0.05259454907249039,0.5,0.5496682883679788,0.06212155696371435
FairPCA_AA,10.0,20,0.7035613980340147,0.622,0.31272727272727274,0.003354657512872561,0.19166666666666665,0.19166666666666665,0.15319974318976104,0.04778007226633346,0.5,0.5187527642636001,0.05794593413791911
FairPCA_AA,30.0,20,0.7034248712747698,0.628,0.3161764705882353,0.022936495553128433,0.19166666666666665,0.19166666666666665,0.15428283628356643,0.046319324719406085,0.5,0.5113666519239274,0.055810118570704635
FairPCA_AA,100.0,20,0.7039709783117492,0.63,0.3173431734317343,0.025198938992042452,0.19166666666666665,0.19166666666666665,0.1556127709641716,0.04604453761834276,0.5,0.5113666519239274,0.05516637587397774
Raw,,21,0.9098533312529256,0.878,0.5960264900662252,0.12115774691839598,0.15000000000000002,0.15000000000000002,,,,,
AA,,21,0.7049071618037136,0.626,0.2943396226415094,0.07778124512404433,0.275,0.275,0.1408225567208432,0.20535743548984525,0.5,0.5281291463954002,0.10970459732297233
FairAA,0.0,21,0.7049071618037136,0.626,0.2943396226415094,0.07778124512404433,0.275,0.275,0.14082255672084376,0.2053574354704253,0.5,0.5281291463954002,0.10970459726320618
FairAA,0.03,21,0.7053362459041972,0.628,0.29545454545454547,0.08004368856295835,0.275,0.275,0.1408125783417965,0.20453304035773306,0.5,0.5214949137549756,0.10935831598898418
FairAA,0.1,21,0.7052972382586987,0.628,0.29545454545454547,0.08004368856295835,0.275,0.275,0.14081065238252255,0.19672784534657767,0.5,0.5444051304732419,0.10713141145889854
FairAA,0.3,21,0.7056483070681854,0.632,0.30303030303030304,0.04103604306444064,0.25416666666666665,0.25416666666666665,0.14060287782423508,0.14124869786985816,0.5,0.5276426360017691,0.0897559449387369
FairAA,1.0,21,0.7090419722265564,0.632,0.30303030303030304,0.04103604306444064,0.25416666666666665,0.25416666666666665,0.13890497464299112,0.030558286718092575,0.5,0.49447147279964615,0.03176847789510231
FairAA,3.0,21,0.7035418942112655,0.646,0.30039525691699603,0.007411452644718375,0.17500000000000004,0.17500000000000004,0.13774456569965976,0.015671668340393352,0.5,0.5166298098186642,0.007364850730609197
FairAA,10.0,21,0.6792011234201905,0.746,0.32085561497326204,0.02020596036823219,0.22083333333333327,0.22083333333333327,0.07518783482905711,0.04518832842314524,0.5,0.5307828394515701,0.053536419206029015
FairAA,30.0,21,0.6792011234201905,0.746,0.32085561497326204,0.02020596036823219,0.22083333333333327,0.22083333333333327,0.07518783482905711,0.04518832842314524,0.5,0.5307828394515701,0.053536419206029015
FairAA,100.0,21,0.6792011234201905,0.746,0.32085561497326204,0.02020596036823219,0.22083333333333327,0.22083333333333327,0.07518783482905711,0.04518832842314524,0.5,0.5307828394515701,0.053536419206029015
FairAA_3Moment,0.0,21,0.7049071618037136,0.626,0.2943396226415094,0.07778124512404433,0.275,0.275,0.14082255829273493,0.20535743558962705,0.5,0.5281291463954002,0.10970459937718977
FairAA_3Moment,0.03,21,0.7058043376501795,0.632,0.30303030303030304,0.04103604306444064,0.25416666666666665,0.25416666666666665,0.14060282108460753,0.13743374769800976,0.5,0.5547987616099072,0.08642220618579198
FairAA_3Moment,0.1,21,0.7062724293961616,0.63,0.3018867924528302,0.03877359962552662,0.25416666666666665,0.25416666666666665,0.13993086345201722,0.07094363531195874,0.5,0.5298982750995135,0.05894159402961286
FairAA_3Moment,0.3,21,0.707052582306132,0.634,0.3041825095057034,0.04329848650335466,0.25416666666666665,0.25416666666666665,0.13903746917065973,0.03920093533744484,0.5,0.5240159221583369,0.035761707636336626
FairAA_3Moment,1.0,21,0.7060383835231705,0.634,0.3041825095057034,0.02379466375409578,0.25416666666666665,0.25416666666666665,0.13796413878483693,0.014978153547882567,0.5,0.5350287483414419,0.01520215405066662
FairAA_3Moment,3.0,21,0.7028787642377906,0.672,0.3050847457627119,0.006865345607739104,0.09583333333333333,0.09583333333333333,0.1375984439125567,0.009061511218757312,0.5,0.5437859354268022,0.005515841087005181
FairAA_3Moment,10.0,21,0.7060968949914183,0.6,0.29577464788732394,0.09330628803245433,0.21250000000000002,0.21250000000000002,0.10860844198046837,0.14242007673495993,0.5,0.5290137107474568,0.0825005652862265
FairAA_3Moment,30.0,21,0.7060968949914183,0.6,0.29577464788732394,0.09330628803245433,0.21250000000000002,0.21250000000000002,0.10860844198046837,0.14242007673495993,0.5,0.5290137107474568,0.0825005652862265
FairAA_3Moment,100.0,21,0.7060968949914183,0.6,0.29577464788732394,0.09330628803245433,0.21250000000000002,0.21250000000000002,0.10860844198046837,0.14242007673495993,0.5,0.5290137107474568,0.0825005652862265
FairAA_Adv,0.0,21,0.7049071618037136,0.626,0.2943396226415094,0.07778124512404433,0.275,0.275,0.14082255672084376,0.2053574354704253,0.5,0.5281291463954002,0.10970459726320618
FairAA_Adv,0.03,21,0.7052582306132003,0.628,0.29545454545454547,0.08004368856295835,0.275,0.275,0.140830439973181,0.20194707135998213,0.5,0.5421494913754975,0.10866956338217942
FairAA_Adv,0.1,21,0.705102200031206,0.628,0.29545454545454547,0.08004368856295835,0.275,0.275,0.14083236553920797,0.19594261530546264,0.5,0.5429013710747456,0.10686986221373915
FairAA_Adv,0.3,21,0.7047511312217194,0.624,0.2932330827067669,0.07551880168513031,0.275,0.275,0.14080171520974616,0.1825774699308378,0.5,0.526625386996904,0.10288865722141818
FairAA_Adv,1.0,21,0.7049461694492121,0.628,0.3007518796992481,0.05601497893587143,0.25416666666666665,0.25416666666666665,0.1406478619535768,0.1459755224878525,0.5,0.5320212295444493,0.09096452202955371
FairAA_Adv,3.0,21,0.7062724293961616,0.634,0.3041825095057034,0.04329848650335466,0.25416666666666665,0.25416666666666665,0.140110612827274,0.08637830645880007,0.5,0.5710747456877487,0.0669054931024319
FairAA_Adv,10.0,21,0.706369948509908,0.636,0.3053435114503817,0.04556092994226868,0.25416666666666665,0.25416666666666665,0.13868072945093146,0.02536435059233222,0.5,0.5496682883679788,0.02466655068708394
FairAA_Adv,30.0,21,0.7027032298330473,0.678,0.28444444444444444,0.007255422062724282,0.17916666666666659,0.17916666666666659,0.13778813881819751,0.015573586682386509,0.5,0.5130030959752322,0.007134964222111968
FairAA_Adv,100.0,21,0.4819394601341863,0.196,0.1927710843373494,0.9759712903729131,1.0,1.0,0.019810266022266876,4.342830185547903,0.9954887218045112,1.0,0.39908226591436324
FairPCA_AA,0.0,21,0.7102512092370105,0.662,0.31020408163265306,0.08402246840380717,0.41666666666666663,0.41666666666666663,0.14760028162061523,0.036543616854000316,0.5,0.4950906678460858,0.04014859036976996
FairPCA_AA,0.03,21,0.7102512092370104,0.662,0.31020408163265306,0.08402246840380717,0.41666666666666663,0.41666666666666663,0.13904505675137369,0.03654361685195395,0.5,0.4950906678460858,0.04014859041633746
FairPCA_AA,0.1,21,0.7102122015915119,0.662,0.31020408163265306,0.08402246840380717,0.41666666666666663,0.41666666666666663,0.13892017782855715,0.03655053273231501,0.5,0.4950906678460858,0.04015725359965149
FairPCA_AA,0.3,21,0.710212201591512,0.662,0.31020408163265306,0.08402246840380717,0.41666666666666663,0.41666666666666663,0.13589004248855563,0.036549168978383784,0.5,0.4950906678460858,0.04015517186371251
FairPCA_AA,1.0,21,0.7107973162739898,0.662,0.31020408163265306,0.08402246840380717,0.41666666666666663,0.41666666666666663,0.1380167926431114,0.03649838389760307,0.5,0.496594427244582,0.040048044355012954
FairPCA_AA,3.0,21,0.7120065532844437,0.66,0.3089430894308943,0.08176002496489315,0.41666666666666663,0.41666666666666663,0.14073546730385222,0.03665879273813366,0.5,0.49221583370190186,0.03982106905468345
FairPCA_AA,10.0,21,0.7130207520674052,0.66,0.3089430894308943,0.08176002496489315,0.41666666666666663,0.41666666666666663,0.13688656623761108,0.036633878876873194,0.5,0.49084475895621404,0.03974515760370689
FairPCA_AA,30.0,21,0.7128257138399126,0.66,0.3089430894308943,0.08176002496489315,0.41666666666666663,0.41666666666666663,0.1396674685431173,0.036615776619144835,0.5,0.4885891198584697,0.03974692569730949
FairPCA_AA,100.0,21,0.7129037291309095,0.658,0.3076923076923077,0.07949758152597908,0.41666666666666663,0.41666666666666663,0.1405040993957326,0.03659807482214217,0.5,0.49296771340115,0.03973284661468671
Raw,,22,0.897760961148385,0.842,0.5433526011560693,0.1103916367608051,0.22916666666666663,0.22916666666666663,,,,,
AA,,22,0.6991925417381806,0.67,0.3037974683544304,0.03440474332969262,0.05911590524534688,0.025000000000000022,0.13114661589226606,0.030433657501974243,0.5,0.5238832375055285,0.039197903671306336
FairAA,0.0,22,0.6991925417381806,0.67,0.3037974683544304,0.03440474332969262,0.05911590524534688,0.025000000000000022,0.13114651460411797,0.0304336449974294,0.5,0.5246351172047765,0.03919846421538081
FairAA,0.03,22,0.6987829614604463,0.67,0.3037974683544304,0.03440474332969262,0.05911590524534688,0.025000000000000022,0.13116749373071124,0.030250637022114724,0.5,0.5261388766032729,0.03904511751430192
FairAA,0.1,22,0.6988024652831955,0.67,0.3037974683544304,0.03440474332969262,0.05911590524534688,0.025000000000000022,0.13128935512832685,0.028344448124098975,0.5,0.5187527642636003,0.03731937083346484
FairAA,0.3,22,0.6987439538149478,0.664,0.3,0.041192073646434735,0.06673011844331644,0.025000000000000022,0.13135427779555098,0.02105159233119791,0.5,0.5033613445378151,0.029690705282231146
FairAA,1.0,22,0.702683726010298,0.654,0.29959514170040485,0.03752535496957399,0.08195854483925552,0.07499999999999996,0.13327952837115808,0.010369938287480451,0.5,0.5216275984077842,0.009175487892084404
FairAA,3.0,22,0.703658917147761,0.65,0.291497975708502,0.057029177718832924,0.08449661590524538,0.025000000000000022,0.1335576467791707,0.009427666148742242,0.5,0.5327731092436975,0.001823536612154774
FairAA,10.0,22,0.6976712435637386,0.686,0.2895927601809955,0.0017943516929317949,0.05833333333333335,0.05833333333333335,0.13334975139070981,0.010870389288354154,0.5,0.636267138434321,0.0005484861721556239
FairAA,30.0,22,0.6059057575284755,0.534,0.22073578595317725,0.11788110469652047,0.2791666666666667,0.2791666666666667,-0.4852201470801918,0.018628438100376732,0.5,0.4982308712958868,0.02550406475146602
FairAA,100.0,22,0.6059057575284755,0.534,0.22073578595317725,0.11788110469652047,0.2791666666666667,0.2791666666666667,-0.4852201470801918,0.018628438100376732,0.5,0.4982308712958868,0.02550406475146602
FairAA_3Moment,0.0,22,0.6994070837884225,0.67,0.3037974683544304,0.03440474332969262,0.05911590524534688,0.025000000000000022,0.13114651649192677,0.030433649067879376,0.5,0.5246351172047765,0.039198470372611975
FairAA_3Moment,0.03,22,0.699816664066157,0.664,0.3,0.041192073646434735,0.06673011844331644,0.025000000000000022,0.13121717308105219,0.018107032428894776,0.5,0.4988500663423264,0.02659727183245533
FairAA_3Moment,0.1,22,0.7002262443438914,0.664,0.30578512396694213,0.026213137775003892,0.07499999999999996,0.07499999999999996,0.13135651271530202,0.010927172472696367,0.5,0.4907120743034056,0.015228634068356048
FairAA_3Moment,0.3,22,0.7038344515525042,0.656,0.3008130081300813,0.03526291153065997,0.07942047377326567,0.07499999999999996,0.1320085951150537,0.008196898078817294,0.5,0.5459088898717381,0.00881757817344592
FairAA_3Moment,1.0,22,0.7041465127164924,0.656,0.3008130081300813,0.03526291153065997,0.07942047377326567,0.07499999999999996,0.13208496388961077,0.0066130618105295635,0.5,0.5555506413091551,0.004438367888677441
FairAA_3Moment,3.0,22,0.7047316273989702,0.652,0.29838709677419356,0.03978779840848806,0.08449661590524538,0.07499999999999996,0.13199601243252201,0.005816473587912263,0.5,0.5650597080937637,0.002139697164034345
FairAA_3Moment,10.0,22,0.7000312061163988,0.634,0.2823529411764706,0.05562490248088625,0.10480118443316416,0.09583333333333333,0.13192056012198372,0.005589335089272729,0.5,0.5753206545776205,0.000902249244420705
FairAA_3Moment,30.0,22,0.6427679825245748,0.606,0.25660377358490566,0.09775315961928538,0.22499999999999998,0.22499999999999998,-1.2437930488074378,0.029581626520657878,0.5,0.49871738168951796,0.044321088203280505
FairAA_3Moment,100.0,22,0.6427679825245748,0.606,0.25660377358490566,0.09775315961928538,0.22499999999999998,0.22499999999999998,-1.2437930488074378,0.029581626520657878,0.5,0.49871738168951796,0.044321088203280505
FairAA_Adv,0.0,22,0.6991925417381806,0.67,0.3037974683544304,0.03440474332969262,0.05911590524534688,0.025000000000000022,0.13114651460411797,0.0304336449974294,0.5,0.5246351172047765,0.03919846421538081
FairAA_Adv,0.03,22,0.6986659385239506,0.67,0.3037974683544304,0.03440474332969262,0.05911590524534688,0.025000000000000022,0.1311581468377604,0.029818795354962235,0.5,0.5195046439628482,0.0386676019513117
FairAA_Adv,0.1,22,0.6987439538149478,0.67,0.3037974683544304,0.03440474332969262,0.05911590524534688,0.025000000000000022,0.13127396111268486,0.0284905898586727,0.5,0.5246351172047765,0.0374807780446096
FairAA_Adv,0.3,22,0.6988219691059447,0.67,0.3037974683544304,0.03440474332969262,0.05911590524534688,0.025000000000000022,0.13132952855033753,0.025426936999170535,0.5,0.5113666519239274,0.034557009784527436
FairAA_Adv,1.0,22,0.6990170073334374,0.67,0.3037974683544304,0.03440474332969262,0.05911590524534688,0.025000000000000022,0.13153994720441597,0.018826441970052565,0.5,0.5071207430340557,0.027054829195685103
FairAA_Adv,3.0,22,0.6993095646746763,0.662,0.2987551867219917,0.043454517085348754,0.0692681895093063,0.025000000000000022,0.13171844597102667,0.012180099357937735,0.5,0.5039805395842547,0.016502136949197818
FairAA_Adv,10.0,22,0.69973864877516,0.656,0.29508196721311475,0.05024184740209081,0.07688240270727581,0.025000000000000022,0.13225722174508858,0.009182340004468492,0.5,0.5162317558602388,0.007079148224801193
FairAA_Adv,30.0,22,0.7004602902168825,0.656,0.2892561983471074,0.04571696052426277,0.07434433164128595,0.004166666666666652,0.13391500537921375,0.008753290979889972,0.5,0.554046881910659,0.0027432357251203393
FairAA_Adv,100.0,22,0.7114604462474644,0.564,0.2781456953642384,0.03307848338274305,0.21250000000000002,0.21250000000000002,0.13562687332553258,0.00905852637208504,0.5,0.5700574966828837,0.0009016246679701811
FairPCA_AA,0.0,22,0.7291894211265407,0.688,0.3389830508474576,0.1043844593540334,0.375,0.375,0.1435145811908597,0.03943298165498521,0.5,0.5261388766032729,0.05202721194704005
FairPCA_AA,0.03,22,0.7291894211265407,0.688,0.3389830508474576,0.1043844593540334,0.375,0.375,0.1274649719271037,0.039433605192602195,0.5,0.5261388766032729,0.052026976987926674
FairPCA_AA,0.1,22,0.7293649555312841,0.688,0.3389830508474576,0.1043844593540334,0.375,0.375,0.12389998241218392,0.039435221563967504,0.5,0.5320212295444493,0.05202988808086185
FairPCA_AA,0.3,22,0.7292284287720393,0.688,0.3389830508474576,0.1043844593540334,0.375,0.375,0.12474211234756427,0.039441550093857525,0.5,0.5261388766032729,0.05203478401964659
FairPCA_AA,1.0,22,0.7287798408488064,0.688,0.3389830508474576,0.1043844593540334,0.375,0.375,0.12536713364267582,0.039959326543966,0.5,0.5217602830605926,0.05244480898003772
FairPCA_AA,3.0,22,0.7285652987985645,0.69,0.3404255319148936,0.10664690279294742,0.375,0.375,0.12791697366688437,0.04118938066492717,0.5,0.502609464838567,0.052836744545859377
FairPCA_AA,10.0,22,0.7282337338118271,0.69,0.3404255319148936,0.10664690279294742,0.375,0.375,0.12828971961134128,0.04171593266146589,0.5,0.518000884564352,0.05193481591099958
FairPCA_AA,30.0,22,0.7288188484943049,0.69,0.3404255319148936,0.10664690279294742,0.375,0.375,0.12856341512066838,0.04177071984791314,0.5,0.4870853604599734,0.051789136081965934
FairPCA_AA,100.0,22,0.7283702605710719,0.69,0.3404255319148936,0.10664690279294742,0.375,0.375,0.12846441976381429,0.04177273546344329,0.5,0.4855816010614772,0.052122354326745605
Raw,,23,0.9018567639257296,0.862,0.5714285714285714,0.11803713527851459,0.12916666666666665,0.12916666666666665,,,,,
AA,,23,0.6585660789514746,0.638,0.24896265560165975,0.015056951162427834,0.22083333333333327,0.22083333333333327,0.13796905029270523,0.012922427694469052,0.5,0.4827067669172932,0.01997873887879067
FairAA,0.0,23,0.6585855827742237,0.638,0.24896265560165975,0.015056951162427834,0.22083333333333327,0.22083333333333327,0.13796905733628395,0.012922371815290212,0.5,0.4827067669172932,0.019978776337822413
FairAA,0.03,23,0.6586050865969729,0.638,0.24896265560165975,0.015056951162427834,0.22083333333333327,0.22083333333333327,0.1379848439920881,0.012890747945969894,0.5,0.4827067669172932,0.019879236396906034
FairAA,0.1,23,0.6587221095334685,0.638,0.24896265560165975,0.015056951162427834,0.22083333333333327,0.22083333333333327,0.1379848041266286,0.01275698269999781,0.5,0.48345864661654125,0.01955364528282426
FairAA,0.3,23,0.6589951630519582,0.64,0.25,0.017319394601341853,0.22083333333333327,0.22083333333333327,0.13821434947541844,0.011638146688682571,0.5,0.4849624060150376,0.016405465902404028
FairAA,1.0,23,0.6603994382899049,0.634,0.24691358024691357,0.01053206428459974,0.22083333333333327,0.22083333333333327,0.14026401626649543,0.008457174755139407,0.5,0.5106147722246794,0.007817394608988455
FairAA,3.0,23,0.6600678733031674,0.632,0.2459016393442623,0.008269620845685721,0.22083333333333327,0.22083333333333327,0.14075465481048433,0.0069052850587022485,0.5,0.48996019460415746,0.0016447926900591547
FairAA,10.0,23,0.6688445935403339,0.576,0.273972602739726,0.022312373225152116,0.048329103214890035,0.012499999999999956,0.07665138138076855,0.02187797542100345,0.5,0.4989827509951349,0.0226122617901348
FairAA,30.0,23,0.6688445935403339,0.576,0.273972602739726,0.022312373225152116,0.048329103214890035,0.012499999999999956,0.07665138138076855,0.02187797542100345,0.5,0.4989827509951349,0.0226122617901348
FairAA,100.0,23,0.6688445935403339,0.576,0.273972602739726,0.022312373225152116,0.048329103214890035,0.012499999999999956,0.07665138138076855,0.02187797542100345,0.5,0.4989827509951349,0.0226122617901348
FairAA_3Moment,0.0,23,0.6585660789514746,0.638,0.24896265560165975,0.015056951162427834,0.22083333333333327,0.22083333333333327,0.1379690587973097,0.012922372297205276,0.5,0.4827067669172932,0.019978777039185085
FairAA_3Moment,0.03,23,0.6591511936339524,0.644,0.25210084033613445,0.02184428147916989,0.22083333333333327,0.22083333333333327,0.13812289608654105,0.011327496350615252,0.5,0.4894736842105263,0.016416780481494427
FairAA_3Moment,0.1,23,0.6594632547979404,0.642,0.2510460251046025,0.019581838040255872,0.22083333333333327,0.22083333333333327,0.13826815183141183,0.009649071981988833,0.5,0.4872180451127819,0.014326988308748942
FairAA_3Moment,0.3,23,0.6586440942424715,0.636,0.24793388429752067,0.012794507723513815,0.22083333333333327,0.22083333333333327,0.13889949394889756,0.0064871567601699764,0.5,0.5004865103936311,0.008529575727314394
FairAA_3Moment,1.0,23,0.6582150101419878,0.632,0.2459016393442623,0.008269620845685721,0.22083333333333327,0.22083333333333327,0.14039534850875734,0.0037137506035341827,0.5,0.49310039805395844,0.0042307130118685796
FairAA_3Moment,3.0,23,0.6617647058823528,0.692,0.25961538461538464,0.011702293649555329,0.16249999999999998,0.16249999999999998,0.14071791838459924,0.002148346803761636,0.5,0.4864661654135339,0.00202359936026969
FairAA_3Moment,10.0,23,0.6442892806990169,0.578,0.26480836236933797,0.008503666718676861,0.054166666666666585,0.054166666666666585,0.08555409622284282,0.012537661281980084,0.5,0.4959752321981424,0.013794113831038513
FairAA_3Moment,30.0,23,0.6442892806990169,0.578,0.26480836236933797,0.008503666718676861,0.054166666666666585,0.054166666666666585,0.08555409622284282,0.012537661281980084,0.5,0.4959752321981424,0.013794113831038513
FairAA_3Moment,100.0,23,0.6442892806990169,0.578,0.26480836236933797,0.008503666718676861,0.054166666666666585,0.054166666666666585,0.08555409622284282,0.012537661281980084,0.5,0.4959752321981424,0.013794113831038513
FairAA_Adv,0.0,23,0.6585855827742237,0.638,0.24896265560165975,0.015056951162427834,0.22083333333333327,0.22083333333333327,0.13796905733628395,0.012922371815290212,0.5,0.4827067669172932,0.019978776337822413
FairAA_Adv,0.03,23,0.6584880636604774,0.638,0.24896265560165975,0.015056951162427834,0.22083333333333327,0.22083333333333327,0.13797513274008733,0.012843531923762197,0.5,0.48120300751879697,0.019811714880669285
FairAA_Adv,0.1,23,0.6586831018879701,0.638,0.24896265560165975,0.015056951162427834,0.22083333333333327,0.22083333333333327,0.13799502786735185,0.012674714550737654,0.5,0.4819548872180451,0.019457268563141682
FairAA_Adv,0.3,23,0.6588781401154626,0.638,0.24896265560165975,0.015056951162427834,0.22083333333333327,0.22083333333333327,0.13805205108873164,0.012256603653986509,0.5,0.4849624060150376,0.018560891193079312
FairAA_Adv,1.0,23,0.6587611171789671,0.64,0.25,0.017319394601341853,0.22083333333333327,0.22083333333333327,0.1380617440906684,0.011281705373939466,0.5,0.48345864661654125,0.016532319465582524
FairAA_Adv,3.0,23,0.6591902012794508,0.634,0.24691358024691357,0.01053206428459974,0.22083333333333327,0.22083333333333327,0.13858668848854405,0.00929268892431312,0.5,0.5225121627598408,0.011667178051023082
FairAA_Adv,10.0,23,0.658605086596973,0.634,0.24691358024691357,0.01053206428459974,0.22083333333333327,0.22083333333333327,0.13952157217406025,0.007467816108952863,0.5,0.518000884564352,0.006230918971185322
FairAA_Adv,30.0,23,0.6424169137150881,0.54,0.22818791946308725,0.04212825713839918,0.2583333333333334,0.2583333333333334,0.1423875383307297,0.007240386671603427,0.5,0.4915966386554622,0.001460277263896581
FairAA_Adv,100.0,23,0.6287447339678577,0.768,0.2926829268292683,0.8914027149321266,0.9137055837563451,0.7083333333333333,0.011151558126671568,3.426805101416547,0.9896063688633348,0.9941176470588236,0.3717324711040812
FairPCA_AA,0.0,23,0.6538461538461539,0.6,0.24242424242424243,0.06053986581369947,0.30000000000000004,0.30000000000000004,0.14618667862985424,0.016540980224346802,0.5,0.5104820875718709,0.020777937710932365
FairPCA_AA,0.03,23,0.6538461538461539,0.6,0.24242424242424243,0.06053986581369947,0.30000000000000004,0.30000000000000004,0.14054434922037617,0.016542115007743163,0.5,0.5104820875718709,0.020778873860038724
FairPCA_AA,0.1,23,0.6538461538461539,0.6,0.24242424242424243,0.06053986581369947,0.30000000000000004,0.30000000000000004,0.1397095091239745,0.016541985757125066,0.5,0.5104820875718709,0.02078061639778369
FairPCA_AA,0.3,23,0.6538461538461539,0.6,0.24242424242424243,0.06053986581369947,0.30000000000000004,0.30000000000000004,0.1386469615201209,0.0165350404894411,0.5,0.5104820875718709,0.020772314315124232
FairPCA_AA,1.0,23,0.6537291309096582,0.598,0.24150943396226415,0.05827742237478545,0.30000000000000004,0.30000000000000004,0.13953763785436202,0.016078191085363458,0.5,0.5089783281733746,0.020278041601954767
FairPCA_AA,3.0,23,0.6545092838196286,0.616,0.25,0.03963176782649397,0.30000000000000004,0.30000000000000004,0.14074184324591799,0.014171180778310588,0.5,0.5222467934542239,0.018308780780634075
FairPCA_AA,10.0,23,0.6580199719144952,0.622,0.25296442687747034,0.0269152753939772,0.30000000000000004,0.30000000000000004,0.14051320791144162,0.012912144378635637,0.5,0.5053516143299425,0.01667773473632104
FairPCA_AA,30.0,23,0.6591902012794508,0.628,0.25,0.03822749258854735,0.32083333333333336,0.32083333333333336,0.13996758286705924,0.012578198556361664,0.5,0.5030959752321982,0.01584342312513761
FairPCA_AA,100.0,23,0.6590731783429551,0.632,0.25203252032520324,0.023248556717116564,0.32083333333333336,0.32083333333333336,0.14032855176905867,0.012475873651313862,0.5,0.49570986289252544,0.015497605155624553
Raw,,24,0.9090731783429553,0.864,0.5802469135802469,0.17428616008737713,0.13578680203045684,0.10833333333333339,,,,,
AA,,24,0.7519893899204244,0.65,0.308300395256917,0.05110001560305816,0.15416666666666667,0.15416666666666667,0.1561930645399915,0.1913879808675259,0.5,0.5356479433878814,0.1346058241394777
FairAA,0.0,24,0.7520479013886721,0.65,0.308300395256917,0.05110001560305816,0.15416666666666667,0.15416666666666667,0.15619433719014153,0.19139841240514543,0.5,0.5363998230871296,0.1346072144750764
FairAA,0.03,24,0.7520283975659229,0.65,0.308300395256917,0.05110001560305816,0.15416666666666667,0.15416666666666667,0.15622646622644343,0.19092968526425497,0.5,0.5371517027863776,0.13438544227235766
FairAA,0.1,24,0.7521454205024186,0.65,0.308300395256917,0.05110001560305816,0.15416666666666667,0.15416666666666667,0.15624062431582864,0.18569720301545095,0.5,0.551923927465723,0.1321302577559334
FairAA,0.3,24,0.7522819472616633,0.648,0.30708661417322836,0.03385863629271335,0.15416666666666667,0.15416666666666667,0.1559931372509057,0.14831904189086287,0.5,0.5409111012826183,0.11493701312650803
FairAA,1.0,24,0.7468793883601186,0.644,0.2992125984251969,0.02465283195506318,0.17500000000000004,0.17500000000000004,0.1538512487413829,0.050095375434768274,0.5,0.5430340557275541,0.04830231051580482
FairAA,3.0,24,0.7425105320642846,0.642,0.2980392156862745,0.0028865657668903366,0.17500000000000004,0.17500000000000004,0.15040587550861828,0.025793620853209243,0.5,0.608359133126935,0.009010312499318024
FairAA,10.0,24,0.6418708066781089,0.522,0.26461538461538464,0.05796536121079726,0.07772842639593913,0.050000000000000044,0.08809522784888646,0.12146760333358919,0.5,0.5167624944714728,0.1101845264285831
FairAA,30.0,24,0.6418708066781089,0.522,0.26461538461538464,0.05796536121079726,0.07772842639593913,0.050000000000000044,0.08809522784888646,0.12146760333358919,0.5,0.5167624944714728,0.1101845264285831
FairAA,100.0,24,0.6418708066781089,0.522,0.26461538461538464,0.05796536121079726,0.07772842639593913,0.050000000000000044,0.08809522784888646,0.12146760333358919,0.5,0.5167624944714728,0.1101845264285831
FairAA_3Moment,0.0,24,0.7519893899204244,0.65,0.308300395256917,0.05110001560305816,0.15416666666666667,0.15416666666666667,0.15619433876132638,0.1913984178668639,0.5,0.5363998230871296,0.1346072186236379
FairAA_3Moment,0.03,24,0.7520674052114213,0.65,0.308300395256917,0.03159619285379933,0.15416666666666667,0.15416666666666667,0.15599963340047152,0.14019044592638186,0.5,0.5312693498452012,0.110741324435737
FairAA_3Moment,0.1,24,0.7509946949602122,0.644,0.3046875,0.05913559057575285,0.275,0.275,0.155260021475632,0.09001879476264585,0.5,0.529013710747457,0.08131004505717178
FairAA_3Moment,0.3,24,0.7484006865345608,0.642,0.3035019455252918,0.05687314713683883,0.275,0.275,0.15335970016400113,0.04133622258582936,0.5,0.5350287483414418,0.04552062064397205
FairAA_3Moment,1.0,24,0.7457091589951631,0.64,0.3023255813953488,0.07411452644718364,0.275,0.275,0.1508544570361856,0.019991639663430316,0.5,0.4943387881468377,0.019006736253239974
FairAA_3Moment,3.0,24,0.7229286940240287,0.668,0.319672131147541,0.047277266344203484,0.275,0.275,0.14957531695962567,0.01153617242395566,0.5,0.5524104378593542,0.009233224692663161
FairAA_3Moment,10.0,24,0.6433921048525512,0.584,0.2727272727272727,0.10625682633796224,0.20833333333333337,0.20833333333333337,0.09541247053570745,0.14672879228845503,0.5,0.5107474568774879,0.12000089349090734
FairAA_3Moment,30.0,24,0.6433921048525512,0.584,0.2727272727272727,0.10625682633796224,0.20833333333333337,0.20833333333333337,0.09541247053570745,0.14672879228845503,0.5,0.5107474568774879,0.12000089349090734
FairAA_3Moment,100.0,24,0.6433921048525512,0.584,0.2727272727272727,0.10625682633796224,0.20833333333333337,0.20833333333333337,0.09541247053570745,0.14672879228845503,0.5,0.5107474568774879,0.12000089349090734
FairAA_Adv,0.0,24,0.7520479013886721,0.65,0.308300395256917,0.05110001560305816,0.15416666666666667,0.15416666666666667,0.15619433719014153,0.19139841240514543,0.5,0.5363998230871296,0.1346072144750764
FairAA_Adv,0.03,24,0.7524574816664065,0.652,0.31496062992125984,0.05336245904197218,0.13333333333333341,0.13333333333333341,0.1562227775506808,0.18920385112331817,0.5,0.538655462184874,0.13377532014827115
FairAA_Adv,0.1,24,0.7523599625526602,0.652,0.31496062992125984,0.05336245904197218,0.13333333333333341,0.13333333333333341,0.15621660895841805,0.18527064817305022,0.5,0.5401592215833702,0.1321261193734516
FairAA_Adv,0.3,24,0.752184428147917,0.652,0.31496062992125984,0.05336245904197218,0.13333333333333341,0.13333333333333341,0.15619003426700595,0.17574565003999842,0.5,0.551923927465723,0.12805191640611624
FairAA_Adv,1.0,24,0.7521454205024185,0.65,0.3137254901960784,0.03612107973162737,0.13333333333333341,0.13333333333333341,0.15601756860729799,0.14369985089665066,0.5,0.5489164086687306,0.11312889846368618
FairAA_Adv,3.0,24,0.7500195038227493,0.64,0.3023255813953488,0.0039007645498517762,0.15416666666666667,0.15416666666666667,0.15519507563526624,0.08877944701762452,0.5,0.5128704113224237,0.08036382049679729
FairAA_Adv,10.0,24,0.7468988921828678,0.636,0.3,0.011078171321579011,0.15416666666666667,0.15416666666666667,0.15374991411608396,0.05497977140070076,0.5,0.5798319327731092,0.05059498021561754
FairAA_Adv,30.0,24,0.7213878920268373,0.568,0.3032258064516129,0.11249804961772508,0.22916666666666663,0.22916666666666663,0.15116042498441573,0.02804582266952016,0.5,0.5892083149049092,0.016503490015552985
FairAA_Adv,100.0,24,0.5559369636448743,0.468,0.20359281437125748,0.5067873303167421,0.5076142131979695,0.5,-0.10831994757624552,2.8373075627493627,0.9917293233082706,0.991110128261831,0.33120027020980647
FairPCA_AA,0.0,24,0.7407551880168514,0.63,0.29118773946360155,0.010688094866593834,0.17500000000000004,0.17500000000000004,0.14971283631023535,0.07552154038796205,0.5,0.5217602830605926,0.06043068034433734
FairPCA_AA,0.03,24,0.7407551880168514,0.63,0.29118773946360155,0.010688094866593834,0.17500000000000004,0.17500000000000004,0.12119888451383531,0.07552035960352171,0.5,0.5217602830605926,0.060429796957603664
FairPCA_AA,0.1,24,0.7406186612576064,0.63,0.29118773946360155,0.010688094866593834,0.17500000000000004,0.17500000000000004,0.12030748021930326,0.07550955232242407,0.5,0.5276426360017691,0.06042661578307527
FairPCA_AA,0.3,24,0.7407746918396005,0.63,0.29118773946360155,0.010688094866593834,0.17500000000000004,0.17500000000000004,0.12027380718652425,0.07553572041394618,0.5,0.5210084033613446,0.06043168784108506
FairPCA_AA,1.0,24,0.7408332033078484,0.628,0.2900763358778626,0.012950538305507853,0.17500000000000004,0.17500000000000004,0.124664734302245,0.07627960744570794,0.5,0.5312693498452012,0.06046706839350344
FairPCA_AA,3.0,24,0.7436417537837415,0.63,0.29118773946360155,0.010688094866593834,0.17500000000000004,0.17500000000000004,0.13534840685272698,0.08450947920964169,0.5,0.5283945157010173,0.06419924441351782
FairPCA_AA,10.0,24,0.7465673271961306,0.636,0.29457364341085274,0.023404587299110657,0.17500000000000004,0.17500000000000004,0.13455371374968927,0.09565523322085484,0.5,0.5253869969040248,0.07318285631024492
FairPCA_AA,30.0,24,0.7483811827118116,0.638,0.29571984435797666,0.040645966609455464,0.17500000000000004,0.17500000000000004,0.13404388096009145,0.10231007229861083,0.5,0.5187527642636001,0.07934702508437338
FairPCA_AA,100.0,24,0.7483031674208145,0.64,0.3023255813953488,0.04290841004836948,0.15416666666666667,0.15416666666666667,0.13433134628005927,0.10533920213876902,0.5,0.5297655904467049,0.08203210674002429
