method,lambda,seed,auc,acc,f1,dp_gap,eo_gap,eopp_gap,ev,mmd_alpha,linsep_alpha,nonlinsep_alpha,dp_alpha
Raw,,0,0.9095701272635037,0.826,0.6947368421052632,0.29860760406897047,0.2601760176017601,0.2601760176017601,,,,,
AA,,0,0.8582787445686937,0.768,0.5886524822695035,0.19944448452492602,0.12237559447859875,0.0363036303630363,0.08208634959797845,0.21855807303481756,0.515,0.6290000000000001,0.07210524894991391
FairAA,0.0,0,0.8579699596373983,0.768,0.5886524822695035,0.19944448452492602,0.12237559447859875,0.0363036303630363,0.08201742243019283,0.2191520448667843,0.514,0.619,0.07217431573299737
FairAA,0.03,0,0.8580140717704405,0.768,0.5886524822695035,0.19944448452492602,0.12237559447859875,0.0363036303630363,0.08201394447855026,0.2145274898590075,0.5119999999999999,0.6159999999999999,0.07127075269651392
FairAA,0.1,0,0.8571979973091599,0.772,0.5957446808510638,0.19944448452492602,0.12913235123535552,0.01925192519251928,0.08198739294273971,0.18860420350490703,0.503,0.617,0.06651146055289088
FairAA,0.3,0,0.8486953836652771,0.764,0.593103448275862,0.13321549671740857,0.06490649064906495,0.06490649064906495,0.09420246690271594,0.07722749571169685,0.496,0.585,0.04055358851139025
FairAA,1.0,0,0.8340832395950506,0.75,0.576271186440678,0.04898636462015732,0.07480748074807486,0.07480748074807486,0.09307976976159837,0.012379436915013642,0.496,0.557,0.007663355103862207
FairAA,3.0,0,0.8318886609762015,0.732,0.567741935483871,0.021751677368155253,0.11056105610561062,0.11056105610561062,0.0928107299747799,0.010117367166805669,0.496,0.554,0.0014402175212188902
FairAA,10.0,0,0.7972385804715586,0.756,0.5447761194029851,0.1845826419450256,0.19911991199119916,0.19911991199119916,-1.5797982414427922,0.17741372642926978,0.5770000000000001,0.578,0.10824083254371977
FairAA,30.0,0,0.7972385804715586,0.756,0.5447761194029851,0.1845826419450256,0.19911991199119916,0.19911991199119916,-1.5797982414427922,0.17741372642926978,0.5770000000000001,0.578,0.10824083254371977
FairAA,100.0,0,0.7972385804715586,0.756,0.5447761194029851,0.1845826419450256,0.19911991199119916,0.19911991199119916,-1.5797982414427922,0.17741372642926978,0.5770000000000001,0.578,0.10824083254371977
FairAA_3Moment,0.0,0,0.8579699596373983,0.768,0.5886524822695035,0.19944448452492602,0.12237559447859875,0.0363036303630363,0.08201742398774137,0.21915193033446967,0.514,0.619,0.07217431443705888
FairAA_3Moment,0.03,0,0.8415492181124419,0.754,0.5802047781569966,0.106125099199192,0.07480748074807486,0.07480748074807486,0.09375224883375322,0.030190543093257083,0.495,0.5720000000000001,0.025499476127423603
FairAA_3Moment,0.1,0,0.8338185667967974,0.75,0.576271186440678,0.0399682562585672,0.07480748074807486,0.07480748074807486,0.09316593080551672,0.006291427868749255,0.496,0.5760000000000001,0.010643595037961731
FairAA_3Moment,0.3,0,0.8292639890601909,0.744,0.5733333333333334,0.009847774330856374,0.13036303630363044,0.13036303630363044,0.09284924801317129,0.0018977248893009557,0.496,0.5740000000000001,0.004268427142275856
FairAA_3Moment,1.0,0,0.8261540836807164,0.742,0.5770491803278689,0.011254599235264395,0.176017601760176,0.176017601760176,0.09269167830358072,0.001304923934700497,0.496,0.5740000000000001,0.0016632698327669897
FairAA_3Moment,3.0,0,0.8222722159730033,0.77,0.5724907063197026,0.016232595050862164,0.15401540154015403,0.15401540154015403,0.09245706661253572,0.0014806376252824993,0.496,0.591,0.0008980681573612044
FairAA_3Moment,10.0,0,0.8053111008182801,0.76,0.5419847328244275,0.18465478681191835,0.11386138613861385,0.11386138613861385,-0.8277540475284189,0.10377569231955153,0.5,0.595,0.06382798542351778
FairAA_3Moment,30.0,0,0.8053111008182801,0.76,0.5419847328244275,0.18465478681191835,0.11386138613861385,0.11386138613861385,-0.8277540475284189,0.10377569231955153,0.5,0.595,0.06382798542351778
FairAA_3Moment,100.0,0,0.8053111008182801,0.76,0.5419847328244275,0.18465478681191835,0.11386138613861385,0.11386138613861385,-0.8277540475284189,0.10377569231955153,0.5,0.595,0.06382798542351778
FairAA_Adv,0.0,0,0.8579699596373983,0.768,0.5886524822695035,0.19944448452492602,0.12237559447859875,0.0363036303630363,0.08201742243019283,0.2191520448667843,0.514,0.619,0.07217431573299737
FairAA_Adv,0.03,0,0.8592712675621429,0.78,0.6126760563380281,0.24150494192338218,0.1469377102424313,0.14136413641364132,0.09467838990508237,0.2466853015342365,0.536,0.599,0.0762382943680692
FairAA_Adv,0.1,0,0.8590727629634531,0.784,0.6197183098591549,0.25052305028497224,0.15369446699918804,0.15126512651265123,0.09452906376931303,0.23711674084983503,0.525,0.61,0.07437259927097953
FairAA_Adv,0.3,0,0.858466221134123,0.778,0.6132404181184669,0.2324507611283457,0.15126512651265123,0.15126512651265123,0.09450951240055039,0.2086689314167378,0.5090000000000001,0.6040000000000001,0.06943621644408474
FairAA_Adv,1.0,0,0.8553122036216062,0.778,0.607773851590106,0.16636606305461368,0.06959749449019834,0.06600660066006603,0.09437428109388046,0.13984795879143774,0.492,0.59,0.05572146967474993
FairAA_Adv,3.0,0,0.8480998698692074,0.776,0.5912408759124088,0.11236563018541232,0.0489548954895489,0.0489548954895489,0.09395825022829085,0.06439385933897068,0.496,0.601,0.03502411314297514
FairAA_Adv,10.0,0,0.8291206246278038,0.8,0.5283018867924528,0.04397229637111319,0.1655665566556656,0.1655665566556656,0.0933482664552836,0.022541348066901223,0.496,0.6060000000000001,0.014737177190659567
FairAA_Adv,30.0,0,0.8353735194865348,0.762,0.5824561403508772,0.037082461582858384,0.09460946094609457,0.09460946094609457,0.09302608624445219,0.013153441890325301,0.496,0.62,0.005515252363898679
FairAA_Adv,100.0,0,0.18817133152473586,0.752,0.015873015873015872,0.002921867109155183,0.009900990099009901,0.009900990099009901,0.09284712662296346,0.011515465764253996,0.496,0.608,0.0017408644033636358
FairPCA_AA,0.0,0,0.8262423079468008,0.762,0.5938566552901023,0.07005266575283164,0.05500550055005504,0.05500550055005504,0.07892717943890837,0.026701030891110644,0.5,0.655,0.026571919408983263
FairPCA_AA,0.03,0,0.8262423079468008,0.762,0.5938566552901023,0.07005266575283164,0.05500550055005504,0.05500550055005504,0.07194223332059102,0.026701032172553374,0.5,0.655,0.026571919678757227
FairPCA_AA,0.1,0,0.8261540836807163,0.762,0.5938566552901023,0.07005266575283164,0.05500550055005504,0.05500550055005504,0.07208560826509092,0.02666834844915178,0.5,0.6609999999999999,0.026549634116205784
FairPCA_AA,0.3,0,0.8259335230155055,0.758,0.5870307167235495,0.07005266575283164,0.03111587982832617,0.0005500550055005382,0.06915341718848433,0.026534075178564764,0.5,0.657,0.026498047987047357
FairPCA_AA,1.0,0,0.8264408125454907,0.758,0.5870307167235495,0.06103455739124164,0.06490649064906495,0.06490649064906495,0.07274194186875416,0.028089777807908445,0.5,0.6849999999999999,0.027241024397430286
FairPCA_AA,3.0,0,0.8270142702750392,0.766,0.5923344947735192,0.07012481061972442,0.030477902795499362,0.009350935093509372,0.06616221385463728,0.02685373428360982,0.5,0.647,0.027268845008155473
FairPCA_AA,10.0,0,0.8364542667460685,0.77,0.5993031358885017,0.08816102734290454,0.012672543788423613,0.0005500550055005382,0.06820365021753994,0.044372267717778024,0.5,0.6369999999999999,0.03415632526661753
FairPCA_AA,30.0,0,0.8396303403251064,0.77,0.5993031358885017,0.09717913570449466,0.001623941538104634,0.0005500550055005382,0.07075793634024607,0.05323432922611593,0.5,0.62,0.03685927701185933
FairPCA_AA,100.0,0,0.8411963210481044,0.776,0.6028368794326241,0.10024529254743525,0.009350935093509372,0.009350935093509372,0.06892155411236023,0.05716798066081685,0.5,0.639,0.03796520385835624
Raw,,1,0.8830146231721036,0.802,0.6476868327402135,0.2776134478031888,0.18318640528940955,0.11551155115511558,,,,,
AA,,1,0.814100443326937,0.696,0.5449101796407185,0.17477094004761562,0.1012933534392762,0.05005500550055009,0.1048924524276812,0.16784223048177538,0.5700000000000001,0.607,0.0806848986740849
FairAA,0.0,1,0.814078387260416,0.696,0.5449101796407185,0.17477094004761562,0.1012933534392762,0.05005500550055009,0.10489455737759368,0.16785305002263795,0.5700000000000001,0.599,0.08068995918518848
FairAA,0.03,1,0.8140232470941133,0.692,0.5416666666666666,0.17174085563812136,0.09882844217608167,0.05005500550055009,0.10451711643125805,0.16851400264477456,0.5700000000000001,0.6,0.08064474810996378
FairAA,0.1,1,0.8112772668122367,0.69,0.5345345345345346,0.14472260298679746,0.07243939218188145,0.030253025302530268,0.10427641514447261,0.13950985919898407,0.552,0.5720000000000001,0.07310663155686319
FairAA,0.3,1,0.801671849842299,0.684,0.5269461077844312,0.09360796479330497,0.020352035203520358,0.020352035203520358,0.10392137902873089,0.05257473701036086,0.502,0.5519999999999999,0.04350826197294132
FairAA,1.0,1,0.7898056860539492,0.674,0.5134328358208955,0.0025972152081379374,0.08287901635541117,0.06490649064906495,0.10255687917863698,0.006044358502123259,0.499,0.529,0.007624398524703466
FairAA,3.0,1,0.7818434460398332,0.658,0.5236768802228412,0.029940119760479056,0.11661166116611654,0.11661166116611654,0.10177185624435747,0.00584195102749141,0.5,0.576,0.0017358318333348193
FairAA,10.0,1,0.7237477668232648,0.66,0.42567567567567566,0.03820070701969552,0.35808580858085814,0.35808580858085814,-0.2734757150263267,0.04963280119469449,0.499,0.5589999999999999,0.05053112346850295
FairAA,30.0,1,0.7237477668232648,0.66,0.42567567567567566,0.03820070701969552,0.35808580858085814,0.35808580858085814,-0.2734757150263267,0.04963280119469449,0.499,0.5589999999999999,0.05053112346850295
FairAA,100.0,1,0.7237477668232648,0.66,0.42567567567567566,0.03820070701969552,0.35808580858085814,0.35808580858085814,-0.2734757150263267,0.04963280119469449,0.499,0.5589999999999999,0.05053112346850295
FairAA_3Moment,0.0,1,0.8140783872604159,0.696,0.5449101796407185,0.17477094004761562,0.1012933534392762,0.05005500550055009,0.1048945587818646,0.1678530713317542,0.5700000000000001,0.599,0.08068996899461094
FairAA_3Moment,0.03,1,0.7995875515560554,0.686,0.5313432835820896,0.060529543322992596,0.03520352035203522,0.03520352035203522,0.10383109539410795,0.029861673618472695,0.499,0.513,0.03234232769510788
FairAA_3Moment,0.1,1,0.7933015725975429,0.678,0.5222551928783383,0.021427025467137983,0.06078181185477327,0.04510451045104513,0.10295962644417511,0.007415682937527701,0.499,0.53,0.01291805200526705
FairAA_3Moment,0.3,1,0.7910739098789122,0.668,0.5146198830409356,0.008693456460572846,0.09456559563855704,0.04510451045104513,0.10251629484255775,0.003050292539177213,0.499,0.5509999999999999,0.005123377588997889
FairAA_3Moment,1.0,1,0.7915811994088975,0.682,0.5137614678899083,0.008513094293341072,0.08653288481614663,0.08470847084708477,0.10213807632999039,0.002265116751251295,0.499,0.5290000000000001,0.0024456573231003823
FairAA_3Moment,3.0,1,0.7804869979487858,0.728,0.5342465753424658,0.012950003607243354,0.07865786578657863,0.07865786578657863,0.10206585710539129,0.001948274360100699,0.499,0.587,0.0008605448001124391
FairAA_3Moment,10.0,1,0.7735283089613798,0.654,0.5386666666666666,0.15323569728013853,0.0907087344855585,0.047304730473047285,-0.4573114184052123,0.05561780689854512,0.54,0.5449999999999999,0.05049415808818621
FairAA_3Moment,30.0,1,0.7735283089613798,0.654,0.5386666666666666,0.15323569728013853,0.0907087344855585,0.047304730473047285,-0.4573114184052123,0.05561780689854512,0.54,0.5449999999999999,0.05049415808818621
FairAA_3Moment,100.0,1,0.7735283089613798,0.654,0.5386666666666666,0.15323569728013853,0.0907087344855585,0.047304730473047285,-0.4573114184052123,0.05561780689854512,0.54,0.5449999999999999,0.05049415808818621
FairAA_Adv,0.0,1,0.814078387260416,0.696,0.5449101796407185,0.17477094004761562,0.1012933534392762,0.05005500550055009,0.10489455737759368,0.16785305002263795,0.5700000000000001,0.599,0.08068995918518848
FairAA_Adv,0.03,1,0.8142217516928031,0.69,0.5400593471810089,0.16571675925257917,0.09207168541932492,0.05005500550055009,0.10442994117931004,0.16842148822135805,0.5720000000000001,0.5970000000000001,0.08051344471918016
FairAA_Adv,0.1,1,0.81315203246653,0.69,0.5400593471810089,0.16571675925257917,0.09207168541932492,0.05005500550055009,0.10441030735719836,0.15840470183457744,0.5619999999999999,0.5940000000000001,0.07807437754809969
FairAA_Adv,0.3,1,0.8102737157855269,0.69,0.5400593471810089,0.1566986508909891,0.08102308316900592,0.05005500550055009,0.10437057076472855,0.13320197990391336,0.544,0.564,0.07152040299680604
FairAA_Adv,1.0,1,0.8049912878537242,0.686,0.5313432835820896,0.10562008513094295,0.030253025302530268,0.030253025302530268,0.10411257272822627,0.08040058809238526,0.523,0.535,0.05499697702308033
FairAA_Adv,3.0,1,0.7976797018019807,0.69,0.5345345345345346,0.08159584445566698,0.03520352035203522,0.03520352035203522,0.10344829593732874,0.031357344987615,0.499,0.541,0.03247053228984892
FairAA_Adv,10.0,1,0.7906438165817509,0.646,0.528,0.04501839694105769,0.04433940378146389,0.0016501650165017256,0.10265644197872104,0.008931506187659921,0.499,0.5730000000000001,0.01267921059404399
FairAA_Adv,30.0,1,0.65808685678996,0.694,0.3651452282157676,0.031527306832118906,0.21892189218921893,0.21892189218921893,0.10220495504180549,0.005326085971842365,0.5,0.567,0.0045962972006047455
FairAA_Adv,100.0,1,0.6823705860296874,0.652,0.3916083916083916,0.2024024240675276,0.17808258902679505,0.16171617161716173,0.024170213594989942,0.41333981656390967,0.7929999999999999,0.9369999999999999,0.10417676757701229
FairPCA_AA,0.0,1,0.7610225192439182,0.68,0.4968553459119497,0.09858596060890268,0.2651265126512651,0.2651265126512651,0.08149169414782576,0.04605664941781806,0.5,0.605,0.012754359946315172
FairPCA_AA,0.03,1,0.7610225192439181,0.68,0.4968553459119497,0.09858596060890268,0.2651265126512651,0.2651265126512651,0.07460095897298036,0.04605664892440264,0.5,0.605,0.012754359392822961
FairPCA_AA,0.1,1,0.7610225192439182,0.68,0.4968553459119497,0.09858596060890268,0.2651265126512651,0.2651265126512651,0.07461238257545044,0.04605625989107287,0.5,0.607,0.012755502443588185
FairPCA_AA,0.3,1,0.760779902512186,0.68,0.4968553459119497,0.09858596060890268,0.2651265126512651,0.2651265126512651,0.07343981539806432,0.046087703633471366,0.5,0.595,0.012756723185355917
FairPCA_AA,1.0,1,0.7613313041752133,0.68,0.4968553459119497,0.09858596060890268,0.2651265126512651,0.2651265126512651,0.07373260244874302,0.04452144961157334,0.5,0.599,0.012831086005234204
FairPCA_AA,3.0,1,0.7663600873420234,0.678,0.4952978056426332,0.08657384027126469,0.2651265126512651,0.2651265126512651,0.07576756237763038,0.03641725501024562,0.5,0.556,0.016550063478194977
FairPCA_AA,10.0,1,0.782438959835903,0.694,0.5377643504531722,0.030517278695620764,0.05767892355875187,0.03520352035203522,0.07771555331292135,0.051194077959721196,0.5,0.578,0.03793385081607912
FairPCA_AA,30.0,1,0.7921436291051854,0.698,0.541033434650456,0.04256547146670514,0.04416541004523833,0.03520352035203522,0.07831201053424797,0.060607066689719824,0.5,0.563,0.044122086609023774
FairPCA_AA,100.0,1,0.7931361520986348,0.7,0.5426829268292683,0.04858956785224727,0.037408653288481586,0.03520352035203522,0.0777746107834546,0.061411450357304775,0.5,0.568,0.045488743152123375
Raw,,2,0.8675753766073359,0.798,0.6552901023890785,0.34961402496212396,0.25742373274562114,0.16501650165016502,,,,,
AA,,2,0.8625245373740047,0.794,0.6254545454545455,0.11535964216146019,0.06490649064906495,0.06490649064906495,0.09365071453288631,0.09606896756403605,0.523,0.616,0.06123264705834617
FairAA,0.0,2,0.8625245373740048,0.794,0.6254545454545455,0.11535964216146019,0.06490649064906495,0.06490649064906495,0.09366319680070856,0.0960858810235633,0.523,0.6200000000000001,0.06124220674722767
FairAA,0.03,2,0.8599439775910365,0.788,0.6159420289855072,0.100317437414328,0.07480748074807486,0.07480748074807486,0.09624984953257754,0.08865201718321114,0.517,0.631,0.059435304975714885
FairAA,0.1,2,0.8588411742649815,0.786,0.6137184115523465,0.09429334102878584,0.07480748074807486,0.07480748074807486,0.09625780557476671,0.07855225293825219,0.509,0.647,0.055648536612622854
FairAA,0.3,2,0.8525000551401662,0.78,0.6099290780141844,0.037118534016304716,0.19581958195819582,0.19581958195819582,0.09534302600684497,0.03296994926922636,0.5,0.6560000000000001,0.03415423222353728
FairAA,1.0,2,0.8389907143959946,0.774,0.5949820788530465,0.010100281364980868,0.22552255225522544,0.22552255225522544,0.09401243986536689,0.009189428132964972,0.5,0.6360000000000001,0.009303431662426045
FairAA,3.0,2,0.8435783762323827,0.772,0.583941605839416,0.00486977851525866,0.25522552255225517,0.25522552255225517,0.09373278287510134,0.007558505964213369,0.5,0.7250000000000001,0.002877058018535615
FairAA,10.0,2,0.8055978296830543,0.79,0.5205479452054794,0.010821730033908072,0.06956849553416077,0.024752475247524774,-0.3495206145166889,0.029034463185523718,0.501,0.579,0.0371909618699172
FairAA,30.0,2,0.8055978296830543,0.79,0.5205479452054794,0.010821730033908072,0.06956849553416077,0.024752475247524774,-0.3495206145166889,0.029034463185523718,0.501,0.579,0.0371909618699172
FairAA,100.0,2,0.8055978296830543,0.79,0.5205479452054794,0.010821730033908072,0.06956849553416077,0.024752475247524774,-0.3495206145166889,0.029034463185523718,0.501,0.579,0.0371909618699172
FairAA_3Moment,0.0,2,0.8625245373740048,0.794,0.6254545454545455,0.11535964216146019,0.06490649064906495,0.06490649064906495,0.09366319820857294,0.09608584403666398,0.523,0.6200000000000001,0.06124220254687497
FairAA_3Moment,0.03,2,0.8501069719226273,0.776,0.6028368794326241,0.028100425654714656,0.20572057205720562,0.20572057205720562,0.09524843250482595,0.02472708696751913,0.5,0.6690000000000002,0.028402394621483768
FairAA_3Moment,0.1,2,0.8444826749597477,0.778,0.604982206405694,0.025106413678666784,0.20572057205720562,0.20572057205720562,0.09493475868867673,0.01031412834182488,0.5,0.6649999999999999,0.01584551896014503
FairAA_3Moment,0.3,2,0.39235536734378795,0.504,0.1267605633802817,0.9939759036144579,1.0,1.0,-0.10194196670470568,2.678199269649554,0.998,0.998,0.4
FairAA_3Moment,1.0,2,0.8389355742296919,0.762,0.5853658536585366,0.02005627299617635,0.21562156215621553,0.21562156215621553,0.09442524476080727,0.0027658885401522504,0.5,0.6060000000000001,0.004418320994921801
FairAA_3Moment,3.0,2,0.846158936015351,0.786,0.5962264150943396,0.013779669576509668,0.2651265126512651,0.2651265126512651,0.09430799653570954,0.0025022675987114162,0.5,0.68,0.0028703060135560473
FairAA_3Moment,10.0,2,0.8396082842585854,0.738,0.5867507886435331,0.087800303008441,0.12651265126512645,0.12651265126512645,-0.884099216638842,0.04699530738960245,0.502,0.576,0.042436436154284364
FairAA_3Moment,30.0,2,0.8396082842585854,0.738,0.5867507886435331,0.087800303008441,0.12651265126512645,0.12651265126512645,-0.884099216638842,0.04699530738960245,0.502,0.576,0.042436436154284364
FairAA_3Moment,100.0,2,0.8396082842585854,0.738,0.5867507886435331,0.087800303008441,0.12651265126512645,0.12651265126512645,-0.884099216638842,0.04699530738960245,0.502,0.576,0.042436436154284364
FairAA_Adv,0.0,2,0.8625245373740048,0.794,0.6254545454545455,0.11535964216146019,0.06490649064906495,0.06490649064906495,0.09366319680070856,0.0960858810235633,0.523,0.6200000000000001,0.06124220674722767
FairAA_Adv,0.03,2,0.8598116411919099,0.788,0.6159420289855072,0.100317437414328,0.07480748074807486,0.07480748074807486,0.09624351125919606,0.08743353338711302,0.5200000000000001,0.624,0.05901710046321186
FairAA_Adv,0.1,2,0.8592161273958402,0.788,0.6159420289855072,0.100317437414328,0.07480748074807486,0.07480748074807486,0.09624217301617399,0.08343743385209645,0.513,0.616,0.05753880953515443
FairAA_Adv,0.3,2,0.8581022960365249,0.782,0.6036363636363636,0.08830531707669004,0.09460946094609457,0.09460946094609457,0.09623318698313554,0.07349712107668915,0.51,0.603,0.0537193092480223
FairAA_Adv,1.0,2,0.8550365027900925,0.782,0.6093189964157706,0.055190823172931225,0.20572057205720562,0.20572057205720562,0.09615060754333471,0.050825728657014846,0.5,0.592,0.04378093309573885
FairAA_Adv,3.0,2,0.8498643551908953,0.77,0.5964912280701754,0.019046244859678263,0.20572057205720562,0.20572057205720562,0.09588503238987667,0.024985945676693655,0.5,0.6559999999999999,0.02839223168771667
FairAA_Adv,10.0,2,0.8447473477580009,0.754,0.5858585858585859,0.026188586682057535,0.1859185918591859,0.1859185918591859,0.09537375966485628,0.010072858400056894,0.5,0.804,0.012686717083747518
FairAA_Adv,30.0,2,0.23840402302653346,0.208,0.20481927710843373,0.016485102084986658,0.11221122112211224,0.11221122112211224,0.094893771475007,0.006936049226283658,0.497,0.9470000000000001,0.004717847987227798
FairAA_Adv,100.0,2,0.2876111074351,0.334,0.18581907090464547,0.03354736310511508,0.04297645284769758,0.01650165016501648,0.0947035891869148,0.006261455442267194,0.497,0.9570000000000001,0.0014071948802740811
FairPCA_AA,0.0,2,0.8257791305498577,0.738,0.5435540069686411,0.05612870644253659,0.275027502750275,0.275027502750275,0.07321487936765159,0.024009451337142718,0.5,0.707,0.005919872621629833
FairPCA_AA,0.03,2,0.8257570744833367,0.738,0.5435540069686411,0.05612870644253659,0.275027502750275,0.275027502750275,0.06579029876394826,0.02400280839835922,0.5,0.7100000000000001,0.005920387302876114
FairPCA_AA,0.1,2,0.8257239903835549,0.738,0.5435540069686411,0.05612870644253659,0.275027502750275,0.275027502750275,0.06580743175300252,0.024004572375549538,0.5,0.7139999999999999,0.005923928814766698
FairPCA_AA,0.3,2,0.8257791305498579,0.738,0.5435540069686411,0.05612870644253659,0.275027502750275,0.275027502750275,0.0652672010772537,0.024011944281419284,0.5,0.7089999999999999,0.00591805622287427
FairPCA_AA,1.0,2,0.8265290368115751,0.738,0.5435540069686411,0.05612870644253659,0.275027502750275,0.275027502750275,0.06469628172637365,0.02327263751088493,0.5,0.7090000000000001,0.005737103722972326
FairPCA_AA,3.0,2,0.8442400582280156,0.74,0.5859872611464968,0.03372772527234685,0.13641364136413636,0.13641364136413636,0.07032620216006258,0.00906091927278152,0.5,0.6719999999999999,0.014695664928965558
FairPCA_AA,10.0,2,0.8332671651337701,0.754,0.5684210526315789,0.008008080225091974,0.24532453245324526,0.24532453245324526,0.08446330721697537,0.02700581622117526,0.5,0.615,0.026009706461300304
FairPCA_AA,30.0,2,0.8384282846997066,0.764,0.5815602836879432,0.010064208931534535,0.23542354235423535,0.23542354235423535,0.08823720402762769,0.029365046731784306,0.5,0.607,0.028678561302216642
FairPCA_AA,100.0,2,0.8410970687487593,0.766,0.5836298932384342,0.016088305317076668,0.23542354235423535,0.23542354235423535,0.08733234292358982,0.030551666437495517,0.5,0.618,0.028431003793267757
Raw,,3,0.8951454597587066,0.8,0.6598639455782312,0.379662362022942,0.3058305830583058,0.3058305830583058,,,,,
AA,,3,0.8340391274620085,0.742,0.5798045602605864,0.16607748358704277,0.16116611661166114,0.16116611661166114,0.08007685333599157,0.13412454976885124,0.5429999999999999,0.5599999999999999,0.06822325190160816
FairAA,0.0,3,0.8340832395950506,0.742,0.5798045602605864,0.16607748358704277,0.16116611661166114,0.16116611661166114,0.08007685333599013,0.13412454521359018,0.5429999999999999,0.5599999999999999,0.0682232512302374
FairAA,0.03,3,0.8339067910628819,0.74,0.577922077922078,0.16907149556309065,0.16116611661166114,0.16116611661166114,0.08007594590997968,0.13072798029520338,0.542,0.549,0.06722989895586258
FairAA,0.1,3,0.8329363241359535,0.736,0.5686274509803921,0.16308347161099485,0.14136413641364132,0.14136413641364132,0.0800280139205034,0.11634509703083462,0.5410000000000001,0.56,0.06308714520920564
FairAA,0.3,3,0.8267275414102648,0.73,0.5602605863192183,0.1029507250559123,0.06600660066006603,0.06600660066006603,0.07947512141522273,0.05742650056622223,0.503,0.557,0.04178330391685666
FairAA,1.0,3,0.8138247424954234,0.724,0.551948051948052,0.015763653416059453,0.14026402640264035,0.14026402640264035,0.07787015160580568,0.008698297768371277,0.5,0.558,0.008787600728982643
FairAA,3.0,3,0.803237830565297,0.716,0.5234899328859061,0.014176466344419603,0.09685651316552607,0.07865786578657863,0.07738247488196381,0.006083926020617247,0.5,0.6140000000000001,0.0013140493327700984
FairAA,10.0,3,0.7503253269811861,0.77,0.5306122448979592,0.10670225813433373,0.14191419141914186,0.14191419141914186,-0.7466636874100665,0.07246569337782138,0.487,0.527,0.04637437469021841
FairAA,30.0,3,0.7503253269811861,0.77,0.5306122448979592,0.10670225813433373,0.14191419141914186,0.14191419141914186,-0.7466636874100665,0.07246569337782138,0.487,0.527,0.04637437469021841
FairAA,100.0,3,0.7503253269811861,0.77,0.5306122448979592,0.10670225813433373,0.14191419141914186,0.14191419141914186,-0.7466636874100665,0.07246569337782138,0.487,0.527,0.04637437469021841
FairAA_3Moment,0.0,3,0.8340832395950506,0.742,0.5798045602605864,0.16607748358704277,0.16116611661166114,0.16116611661166114,0.0800768551061325,0.13412453853603712,0.5429999999999999,0.5599999999999999,0.06822325302453609
FairAA_3Moment,0.03,3,0.8249410000220561,0.728,0.5584415584415584,0.08790852030878005,0.0005500550055005382,0.0005500550055005382,0.07925721811421615,0.04144396361594016,0.501,0.5820000000000001,0.033474222146837394
FairAA_3Moment,0.1,3,0.8178168905357418,0.728,0.5584415584415584,0.05183608686241975,0.06490649064906495,0.06490649064906495,0.07832142034963918,0.01588946300361682,0.5,0.5790000000000001,0.015606925171775598
FairAA_3Moment,0.3,3,0.8141555834932399,0.728,0.5555555555555556,0.018793737825553714,0.14026402640264035,0.14026402640264035,0.07769314532605953,0.006999891230056621,0.5,0.551,0.005991344546275786
FairAA_3Moment,1.0,3,0.8118176404420037,0.726,0.5537459283387622,0.012769641440011525,0.14026402640264035,0.14026402640264035,0.07744592565112718,0.005353047453252824,0.5,0.558,0.0020848285252315
FairAA_3Moment,3.0,3,0.8075167074703897,0.728,0.5374149659863946,0.008116297525431027,0.1342134213421342,0.1342134213421342,0.07722972685328988,0.005274207099122519,0.5,0.6150000000000001,0.0009717646565128846
FairAA_3Moment,10.0,3,0.8025540925031429,0.742,0.5505226480836237,0.13325156915085493,0.06215621562156215,0.06215621562156215,-1.1907782055148934,0.061925642834809724,0.504,0.564,0.05719317508738144
FairAA_3Moment,30.0,3,0.8025540925031429,0.742,0.5505226480836237,0.13325156915085493,0.06215621562156215,0.06215621562156215,-1.1907782055148934,0.061925642834809724,0.504,0.564,0.05719317508738144
FairAA_3Moment,100.0,3,0.8025540925031429,0.742,0.5505226480836237,0.13325156915085493,0.06215621562156215,0.06215621562156215,-1.1907782055148934,0.061925642834809724,0.504,0.564,0.05719317508738144
FairAA_Adv,0.0,3,0.8340832395950506,0.742,0.5798045602605864,0.16607748358704277,0.16116611661166114,0.16116611661166114,0.08007685333599013,0.13412454521359018,0.5429999999999999,0.5599999999999999,0.0682232512302374
FairAA_Adv,0.03,3,0.8338847349963608,0.742,0.5798045602605864,0.16607748358704277,0.16116611661166114,0.16116611661166114,0.08010165682049164,0.13078149008979245,0.541,0.5510000000000002,0.06727147941612524
FairAA_Adv,0.1,3,0.8334215575994177,0.738,0.5732899022801303,0.16607748358704277,0.15126512651265123,0.15126512651265123,0.08009576400808249,0.12395329447087977,0.5410000000000001,0.5650000000000001,0.06536968234554721
FairAA_Adv,0.3,3,0.8320099693420676,0.734,0.5639344262295082,0.16008945963494697,0.1314631463146314,0.1314631463146314,0.0800555356553575,0.10769171156751955,0.5330000000000001,0.557,0.060605639282424614
FairAA_Adv,1.0,3,0.8286574472308609,0.732,0.5620915032679739,0.11799292980304449,0.06600660066006603,0.06600660066006603,0.07981631517816079,0.07153500263145407,0.5109999999999999,0.552,0.04810696368972968
FairAA_Adv,3.0,3,0.8222501599064823,0.728,0.5641025641025641,0.07283024312820147,0.04510451045104513,0.04510451045104513,0.07919476720403074,0.033522011646695105,0.501,0.559,0.029838488080529874
FairAA_Adv,10.0,3,0.8161626855466596,0.696,0.5555555555555556,0.04541519370896763,0.04726829834125973,0.041254125412541254,0.07823659557307039,0.012677158468029304,0.5,0.583,0.012329379599036638
FairAA_Adv,30.0,3,0.7802774653168354,0.73,0.5296167247386759,0.0020200562729961735,0.09845984598459845,0.09845984598459845,0.07766392251778265,0.008198111510635875,0.5,0.595,0.004524850623293808
FairAA_Adv,100.0,3,0.7029047839608284,0.614,0.45325779036827196,0.1595123006998052,0.11956269574295325,0.07205720572057206,-0.06309935341379891,0.1890182519041237,0.622,0.799,0.07339644738749602
FairPCA_AA,0.0,3,0.7882838174639936,0.718,0.5377049180327869,0.0248178342110959,0.10451045104510448,0.10451045104510448,0.07564226188883216,0.024453955173108666,0.5,0.508,0.00829268257708489
FairPCA_AA,0.03,3,0.7882838174639935,0.716,0.5359477124183006,0.018793737825553714,0.10451045104510448,0.10451045104510448,0.06535722229498608,0.024477735514652377,0.5,0.509,0.008285255813514199
FairPCA_AA,0.1,3,0.7883720417300779,0.718,0.5377049180327869,0.0248178342110959,0.10451045104510448,0.10451045104510448,0.06491823504722527,0.024450339661679532,0.5,0.506,0.008295487546729943
FairPCA_AA,0.3,3,0.7883279295970357,0.718,0.5377049180327869,0.0248178342110959,0.10451045104510448,0.10451045104510448,0.06481843649275698,0.02444156104112638,0.5,0.504,0.00830102770546089
FairPCA_AA,1.0,3,0.7890998919252741,0.718,0.5407166123778502,0.0308058581631917,0.09460946094609457,0.09460946094609457,0.06702897371495964,0.024223836127535092,0.5,0.526,0.008920968229276814
FairPCA_AA,3.0,3,0.7964886742098416,0.726,0.5566343042071198,0.018757665392107326,0.13036303630363044,0.13036303630363044,0.06303218769120333,0.016733834877155185,0.5,0.529,0.01090752267396457
FairPCA_AA,10.0,3,0.8016277377092569,0.704,0.5316455696202531,0.021679532501262533,0.07850017399373621,0.04620462046204621,0.06240172575648939,0.017500462246008208,0.5,0.509,0.0171954472513286
FairPCA_AA,30.0,3,0.8137365182293389,0.722,0.5442622950819672,0.07892648438063632,0.02915291529152919,0.02915291529152919,0.07232123268631263,0.03184344511672066,0.505,0.506,0.025146191655898143
FairPCA_AA,100.0,3,0.8153024989523369,0.728,0.5526315789473685,0.09396868912776857,0.01925192519251928,0.01925192519251928,0.07108016299201647,0.03420430610213587,0.505,0.5309999999999999,0.02717388698007107
Raw,,4,0.9020269525132888,0.806,0.6689419795221843,0.3315778082389438,0.24884004175849667,0.053905390539053855,,,,,
AA,,4,0.8666821059132315,0.766,0.6163934426229508,0.19616189308130727,0.1186347291497506,0.051155115511551164,0.08419292175082527,0.2182746936355745,0.526,0.63,0.07269575785487262
FairAA,0.0,4,0.8665056573810628,0.766,0.6163934426229508,0.19616189308130727,0.1186347291497506,0.051155115511551164,0.08418408198720595,0.21795382636967597,0.526,0.631,0.07261882119136087
FairAA,0.03,4,0.8661858444165067,0.758,0.6006600660066007,0.18115576076762138,0.11187797239299382,0.08085808580858089,0.08416714533221548,0.2070754921667809,0.526,0.617,0.07030291083068504
FairAA,0.1,4,0.86464191976003,0.754,0.594059405940594,0.17213765240603135,0.10512121563623708,0.0907590759075908,0.08414137652882614,0.17652073941600055,0.514,0.6,0.06451242224542479
FairAA,0.3,4,0.8538123910981715,0.748,0.5855263157894737,0.10298679748935863,0.10066006600660071,0.10066006600660071,0.0838255064277359,0.07141389158553357,0.5029999999999999,0.5770000000000001,0.04001160836358582
FairAA,1.0,4,0.8285361388649949,0.726,0.5418060200668896,0.0021643460067816145,0.24532453245324526,0.24532453245324526,0.08313352555218234,0.004125316000651247,0.502,0.5509999999999999,0.007792771579869797
FairAA,3.0,4,0.8254262334855201,0.728,0.5436241610738255,0.014176466344419603,0.24532453245324526,0.24532453245324526,0.082787340310286,0.002480849497504156,0.5,0.7210000000000001,0.002693222951268902
FairAA,10.0,4,0.7972385804715588,0.768,0.5606060606060606,0.14555226895606377,0.07270038278621971,0.0126512651265126,-1.4499206696234657,0.06820319726721136,0.516,0.603,0.066819482487254
FairAA,30.0,4,0.7972385804715588,0.768,0.5606060606060606,0.14555226895606377,0.07270038278621971,0.0126512651265126,-1.4499206696234657,0.06820319726721136,0.516,0.603,0.066819482487254
FairAA,100.0,4,0.7972385804715588,0.768,0.5606060606060606,0.14555226895606377,0.07270038278621971,0.0126512651265126,-1.4499206696234657,0.06820319726721136,0.516,0.603,0.066819482487254
FairAA_3Moment,0.0,4,0.8665056573810628,0.766,0.6163934426229508,0.19616189308130727,0.1186347291497506,0.051155115511551164,0.08418408340773564,0.21795387323322768,0.526,0.631,0.07261886014544203
FairAA_3Moment,0.03,4,0.8471955711418425,0.746,0.5836065573770491,0.08794459274222638,0.10066006600660071,0.10066006600660071,0.08346064360348338,0.03611012633742927,0.5029999999999999,0.5519999999999999,0.02742431500902679
FairAA_3Moment,0.1,4,0.17250049626149672,0.492,0.0078125,0.040725777360940796,0.03126087460851412,0.009900990099009901,0.08296720342081498,0.010200787722105531,0.5029999999999999,0.54,0.012412097084662019
FairAA_3Moment,0.3,4,0.38197798804561195,0.504,0.1267605633802817,0.9939759036144579,1.0,1.0,-0.06975984677171199,2.7102111820981083,0.9949999999999999,0.9949999999999999,0.39880239520958083
FairAA_3Moment,1.0,4,0.8331679128344252,0.74,0.5695364238410596,0.033872015006132294,0.13036303630363044,0.13036303630363044,0.08248666622581569,0.003963850085311527,0.5,0.558,0.004146956058948047
FairAA_3Moment,3.0,4,0.8339178190961424,0.7,0.5588235294117647,0.01237284467210159,0.10671067106710663,0.10671067106710663,0.08211708035918996,0.00562881262260595,0.5,0.651,0.00278624893832198
FairAA_3Moment,10.0,4,0.834050155495269,0.756,0.5547445255474452,0.1484380636317726,0.08493794223407958,0.03300330033003296,-0.9011981862377956,0.07317147157613824,0.502,0.538,0.050177471649688964
FairAA_3Moment,30.0,4,0.834050155495269,0.756,0.5547445255474452,0.1484380636317726,0.08493794223407958,0.03300330033003296,-0.9011981862377956,0.07317147157613824,0.502,0.538,0.050177471649688964
FairAA_3Moment,100.0,4,0.834050155495269,0.756,0.5547445255474452,0.1484380636317726,0.08493794223407958,0.03300330033003296,-0.9011981862377956,0.07317147157613824,0.502,0.538,0.050177471649688964
FairAA_Adv,0.0,4,0.8665056573810628,0.766,0.6163934426229508,0.19616189308130727,0.1186347291497506,0.051155115511551164,0.08418408198720595,0.21795382636967597,0.526,0.631,0.07261882119136087
FairAA_Adv,0.03,4,0.8656123866869583,0.756,0.5960264900662252,0.1781617487915735,0.11187797239299382,0.0907590759075908,0.0841708600007881,0.207727603587038,0.5269999999999999,0.612,0.07045026408919423
FairAA_Adv,0.1,4,0.8653697699552262,0.754,0.594059405940594,0.17213765240603135,0.10512121563623708,0.0907590759075908,0.0841713903228446,0.1983562642258364,0.5209999999999999,0.5970000000000001,0.06878039075499787
FairAA_Adv,0.3,4,0.8635832285670173,0.754,0.594059405940594,0.17213765240603135,0.10512121563623708,0.0907590759075908,0.08415581433683861,0.17408887988889232,0.515,0.579,0.06423160972069637
FairAA_Adv,1.0,4,0.8590617349301926,0.744,0.5844155844155844,0.14201717047832046,0.0907590759075908,0.0907590759075908,0.08403338193587118,0.11677042242271218,0.502,0.592,0.05183922990793564
FairAA_Adv,3.0,4,0.8514193078806326,0.734,0.572347266881029,0.10590866459851378,0.10066006600660071,0.10066006600660071,0.08363902684627678,0.052127774075972355,0.501,0.5600000000000002,0.03302402600892581
FairAA_Adv,10.0,4,0.842034451575906,0.55,0.5119305856832972,0.07705071784142559,0.00990099009900991,0.00990099009900991,0.08296774179033506,0.014325800031299907,0.5,0.674,0.014353638590277362
FairAA_Adv,30.0,4,0.8355279119521825,0.678,0.5774278215223098,0.04494625207416497,0.08910891089108908,0.08910891089108908,0.08261229208703247,0.005580095823760622,0.5,0.7769999999999999,0.005404534000169128
FairAA_Adv,100.0,4,0.1966960012351397,0.75,0.0,0.009090253228482793,0.007394733789583576,0.0,0.08242655509669505,0.004530919079298368,0.5,0.857,0.0017401399507193365
FairPCA_AA,0.0,4,0.805752222148702,0.724,0.543046357615894,0.0022004184402280025,0.16996699669966997,0.16996699669966997,0.09012470200638267,0.012789564449725233,0.5,0.649,0.004510836107452133
FairPCA_AA,0.03,4,0.805752222148702,0.724,0.543046357615894,0.0022004184402280025,0.16996699669966997,0.16996699669966997,0.08533944269014038,0.012791917292008348,0.5,0.642,0.004515440999947015
FairPCA_AA,0.1,4,0.8057301660821808,0.724,0.543046357615894,0.0022004184402280025,0.16996699669966997,0.16996699669966997,0.08522622979315064,0.012794998572582705,0.5,0.641,0.0045152221784969335
FairPCA_AA,0.3,4,0.805752222148702,0.724,0.543046357615894,0.0022004184402280025,0.16996699669966997,0.16996699669966997,0.08503470620364084,0.012793951133665882,0.5,0.639,0.004516428166488394
FairPCA_AA,1.0,4,0.8054434372174066,0.724,0.543046357615894,0.0022004184402280025,0.16996699669966997,0.16996699669966997,0.08445784624594266,0.012410795669144825,0.5,0.634,0.004526840205651542
FairPCA_AA,3.0,4,0.8081122212664594,0.722,0.5412541254125413,0.0007935935358199253,0.16996699669966997,0.16996699669966997,0.09602908881289685,0.009340514136886302,0.5,0.688,0.00785595114057222
FairPCA_AA,10.0,4,0.8236396920973114,0.738,0.5559322033898305,0.005122285549383154,0.16996699669966997,0.16996699669966997,0.06880257028428838,0.030647938210768277,0.5,0.602,0.03076997073922178
FairPCA_AA,30.0,4,0.82884492379629,0.742,0.5627118644067797,0.021932039535387082,0.16006600660066006,0.16006600660066006,0.07119821827729034,0.03902827985621238,0.514,0.597,0.036170864559923355
FairPCA_AA,100.0,4,0.8304991287853725,0.738,0.5589225589225589,0.027920063487482882,0.16006600660066006,0.16006600660066006,0.0702111518177676,0.044474958882153914,0.514,0.597,0.03884965712030296
Raw,,5,0.890425461523192,0.81,0.6822742474916388,0.322487555010461,0.21322932374434517,0.15896589658965898,,,,,
AA,,5,0.839983237389444,0.74,0.5987654320987654,0.2620662289878075,0.17625565479642732,0.10946094609460943,0.09947886938653416,0.18299594420015952,0.49700000000000005,0.592,0.05375092795660691
FairAA,0.0,5,0.8402920223207393,0.74,0.5987654320987654,0.2620662289878075,0.17625565479642732,0.10946094609460943,0.0994766447936033,0.18284276591445559,0.49700000000000005,0.5959999999999999,0.053715172651766716
FairAA,0.03,5,0.8390348265290368,0.732,0.588957055214724,0.25001803621672314,0.16501650165016502,0.16501650165016502,0.09556038524821309,0.17952443423122744,0.497,0.5960000000000001,0.05191984070875481
FairAA,0.1,5,0.837391649573215,0.728,0.5828220858895705,0.23198181949354302,0.1492286277694003,0.08965896589658973,0.09496216352194575,0.15792228218311055,0.497,0.597,0.047608074863873265
FairAA,0.3,5,0.8274884757052428,0.71,0.5619335347432024,0.14775268739629177,0.0698569856985699,0.0698569856985699,0.09456774212118468,0.08311717274418551,0.5,0.5890000000000001,0.02930721403641299
FairAA,1.0,5,0.8164383863781733,0.69,0.5317220543806647,0.048553495418800996,0.04510451045104513,0.04510451045104513,0.0938783597569145,0.027734534751003737,0.5,0.5740000000000001,0.00568774307234226
FairAA,3.0,5,0.8125785747369815,0.68,0.5375722543352601,0.05739124161315923,0.03256582763020527,0.004400440044004417,0.09370047070666998,0.023391002478737932,0.5,0.607,0.000952326627366019
FairAA,10.0,5,0.7214318798385496,0.746,0.5134099616858238,0.11853401630473992,0.06777056025983066,0.05665566556655666,-1.2125155844554292,0.07190948505583927,0.5280000000000001,0.561,0.06730875199672184
FairAA,30.0,5,0.7214318798385496,0.746,0.5134099616858238,0.11853401630473992,0.06777056025983066,0.05665566556655666,-1.2125155844554292,0.07190948505583927,0.5280000000000001,0.561,0.06730875199672184
FairAA,100.0,5,0.7214318798385496,0.746,0.5134099616858238,0.11853401630473992,0.06777056025983066,0.05665566556655666,-1.2125155844554292,0.07190948505583927,0.5280000000000001,0.561,0.06730875199672184
FairAA_3Moment,0.0,5,0.8398950131233596,0.74,0.5987654320987654,0.2620662289878075,0.17625565479642732,0.10946094609460943,0.09947664640937048,0.18284284479205826,0.49700000000000005,0.5959999999999999,0.05371519127965694
FairAA_3Moment,0.03,5,0.8211473565804275,0.7,0.5481927710843374,0.08761994084120911,0.015401540154015403,0.015401540154015403,0.09833628312747966,0.038654879486888505,0.49800000000000005,0.538,0.020421463209295724
FairAA_3Moment,0.1,5,0.8107479212157304,0.686,0.5285285285285285,0.04552341100930668,0.04510451045104513,0.04510451045104513,0.09632135364067351,0.012430172760252378,0.499,0.549,0.008205120801038747
FairAA_3Moment,0.3,5,0.8047376430887315,0.68,0.5266272189349113,0.03343914580477597,0.04973320960445421,0.03520352035203522,0.09610611514608436,0.007532633075536643,0.499,0.5770000000000001,0.00378212760422283
FairAA_3Moment,1.0,5,0.804384746024394,0.68,0.5238095238095238,0.02745112185268017,0.05402505509801647,0.04510451045104513,0.0959587650090673,0.006984117848153115,0.499,0.615,0.0021044657899430786
FairAA_3Moment,3.0,5,0.8051125962195902,0.746,0.5347985347985348,0.03491811557607677,0.12816281628162818,0.12816281628162818,0.09579878007322284,0.006491878867801115,0.5,0.6,0.0013197236789541872
FairAA_3Moment,10.0,5,0.7799466243190188,0.74,0.5454545454545454,0.14829377389798717,0.08366198816842593,0.013201320132013139,-0.7947807173516213,0.04309389226548299,0.49499999999999994,0.5790000000000001,0.031335808662058824
FairAA_3Moment,30.0,5,0.7799466243190188,0.74,0.5454545454545454,0.14829377389798717,0.08366198816842593,0.013201320132013139,-0.7947807173516213,0.04309389226548299,0.49499999999999994,0.5790000000000001,0.031335808662058824
FairAA_3Moment,100.0,5,0.7799466243190188,0.74,0.5454545454545454,0.14829377389798717,0.08366198816842593,0.013201320132013139,-0.7947807173516213,0.04309389226548299,0.49499999999999994,0.5790000000000001,0.031335808662058824
FairAA_Adv,0.0,5,0.8402920223207393,0.74,0.5987654320987654,0.2620662289878075,0.17625565479642732,0.10946094609460943,0.0994766447936033,0.18284276591445559,0.49700000000000005,0.5959999999999999,0.053715172651766716
FairAA_Adv,0.03,5,0.8389024901299102,0.728,0.5802469135802469,0.24403001226462737,0.15598538452615707,0.1452145214521453,0.09565207988518232,0.17820628397198335,0.495,0.583,0.051724352723329314
FairAA_Adv,0.1,5,0.8382077240344958,0.728,0.5802469135802469,0.24403001226462737,0.15598538452615707,0.1452145214521453,0.09501858986135658,0.16749229303360758,0.495,0.6119999999999999,0.04977585360780856
FairAA_Adv,0.3,5,0.837126976774962,0.728,0.5828220858895705,0.23198181949354302,0.1492286277694003,0.08965896589658973,0.09499979915282497,0.15197303421858954,0.5,0.6169999999999999,0.04648986324447394
FairAA_Adv,1.0,5,0.8327709036370452,0.72,0.5652173913043478,0.18393333814299112,0.10503421876812433,0.05005500550055009,0.09488673652045465,0.11312047505664102,0.502,0.581,0.037410461653049225
FairAA_Adv,3.0,5,0.8266613732107017,0.724,0.5490196078431373,0.1270110381646346,0.05535900707574529,0.01925192519251928,0.09457630130558226,0.06648733208116209,0.5,0.5960000000000001,0.023648772241102147
FairAA_Adv,10.0,5,0.8141114713601977,0.722,0.5442622950819672,0.06990837601904626,0.02915291529152919,0.02915291529152919,0.09409082243530398,0.03517388148611167,0.5,0.595,0.010009028994679998
FairAA_Adv,30.0,5,0.8011425042457929,0.72,0.527027027027027,0.04296226823461513,0.07865786578657863,0.07865786578657863,0.09381741660592413,0.026428747206837078,0.5,0.606,0.0037754880768106082
FairAA_Adv,100.0,5,0.4755067381283222,0.364,0.37890625,0.058401269749657314,0.10946094609460943,0.10946094609460943,-0.5691761638263033,1.5596809386385513,0.929,0.976,0.10179448384217807
FairPCA_AA,0.0,5,0.7697236374864908,0.668,0.4876543209876543,0.027595411586465612,0.06875687568756872,0.06875687568756872,0.07769154085649843,0.024398248091501595,0.5,0.548,0.007390917226127405
FairPCA_AA,0.03,5,0.7697015814199696,0.668,0.4876543209876543,0.027595411586465612,0.06875687568756872,0.06875687568756872,0.06361970419449015,0.02439419107391383,0.5,0.548,0.00739128611859205
FairPCA_AA,0.1,5,0.7697677496195329,0.668,0.4876543209876543,0.027595411586465612,0.06875687568756872,0.06875687568756872,0.063518234574087,0.024414011599012575,0.5,0.548,0.007399775121020262
FairPCA_AA,0.3,5,0.7697015814199696,0.668,0.4876543209876543,0.027595411586465612,0.06875687568756872,0.06875687568756872,0.06314155115256426,0.024384840659166684,0.5,0.55,0.0073875573933406356
FairPCA_AA,1.0,5,0.770252983082997,0.67,0.49230769230769234,0.03058942356251354,0.05885588558855881,0.05885588558855881,0.06354905686565582,0.02469546903705422,0.5,0.549,0.008129078569280662
FairPCA_AA,3.0,5,0.7763184013762985,0.67,0.4954128440366973,0.03657744751460934,0.0489548954895489,0.0489548954895489,0.06668404584076038,0.02535909550317772,0.5,0.532,0.013258082817392719
FairPCA_AA,10.0,5,0.8104832484174773,0.714,0.5431309904153354,0.0848423634658394,0.07480748074807486,0.07480748074807486,0.06273020923382167,0.02298702887672177,0.5,0.591,0.017109086721583212
FairPCA_AA,30.0,5,0.8083217538984098,0.716,0.5419354838709678,0.10291465262246591,0.08470847084708477,0.08470847084708477,0.07520232908658686,0.036909196371524455,0.5,0.5129999999999999,0.02395550849272952
FairPCA_AA,100.0,5,0.8111559584463707,0.716,0.538961038961039,0.10594473703196017,0.03508873680547503,0.02915291529152919,0.07712230046709623,0.03531313496127042,0.502,0.5349999999999999,0.024951450007090807
Raw,,6,0.8972187300116897,0.804,0.6597222222222222,0.29857153163552413,0.286028602860286,0.286028602860286,,,,,
AA,,6,0.8559187454509362,0.756,0.5986842105263158,0.20218598946684943,0.12721842013687507,0.015401540154015403,0.09663622437432762,0.20113685052346997,0.546,0.556,0.07182716364268805
FairAA,0.0,6,0.8559187454509362,0.756,0.5986842105263158,0.20218598946684943,0.12721842013687507,0.015401540154015403,0.09663622437437791,0.20113684331927306,0.546,0.556,0.07182716271326228
FairAA,0.03,6,0.8556981847857253,0.756,0.5986842105263158,0.20218598946684943,0.12721842013687507,0.015401540154015403,0.09662562004331432,0.1965312857746211,0.5449999999999999,0.575,0.07087184786405998
FairAA,0.1,6,0.8521251020093076,0.756,0.5986842105263158,0.20218598946684943,0.12721842013687507,0.015401540154015403,0.09646863696915053,0.1694254614834878,0.511,0.55,0.06531498076999263
FairAA,0.3,6,0.8421116478087298,0.736,0.5769230769230769,0.11792078493615182,0.0907590759075908,0.0907590759075908,0.09601241395680038,0.07380873949604405,0.5,0.576,0.043105071428773546
FairAA,1.0,6,0.8145415646573589,0.712,0.5443037974683544,0.012661424139672417,0.19581958195819582,0.19581958195819582,0.09406885873544901,0.0044779330839745946,0.5,0.6200000000000001,0.009577072138933744
FairAA,3.0,6,0.8129976400008823,0.714,0.5372168284789643,0.008296659692662911,0.22552255225522544,0.22552255225522544,0.09373613569938866,0.004218646570284479,0.5,0.688,0.0022435672837539866
FairAA,10.0,6,0.7577582213987958,0.746,0.4730290456431535,0.058653776783781864,0.09020902090209021,0.09020902090209021,-0.7475092011376339,0.05647633144391451,0.5,0.5690000000000001,0.04330586294440399
FairAA,30.0,6,0.7577582213987958,0.746,0.4730290456431535,0.058653776783781864,0.09020902090209021,0.09020902090209021,-0.7475092011376339,0.05647633144391451,0.5,0.5690000000000001,0.04330586294440399
FairAA,100.0,6,0.7577582213987958,0.746,0.4730290456431535,0.058653776783781864,0.09020902090209021,0.09020902090209021,-0.7475092011376339,0.05647633144391451,0.5,0.5690000000000001,0.04330586294440399
FairAA_3Moment,0.0,6,0.8559187454509362,0.756,0.5986842105263158,0.20218598946684943,0.12721842013687507,0.015401540154015403,0.09663622616722423,0.2011369366346092,0.546,0.556,0.07182717511795082
FairAA_3Moment,0.03,6,0.8381966960012351,0.732,0.5732484076433121,0.09685448380347739,0.0907590759075908,0.0907590759075908,0.09573981288135192,0.042057811951078716,0.5,0.583,0.031628652171654045
FairAA_3Moment,0.1,6,0.8172985729724961,0.72,0.554140127388535,0.024709616910756793,0.1859185918591859,0.1859185918591859,0.09422152109229143,0.005966173304988942,0.5,0.6199999999999999,0.0131704667315739
FairAA_3Moment,0.3,6,0.8137254901960784,0.714,0.546031746031746,0.009667412163624545,0.19581958195819582,0.19581958195819582,0.09395748264955639,0.0025639735949558595,0.5,0.6370000000000001,0.0071573834997574375
FairAA_3Moment,1.0,6,0.812468294404376,0.714,0.546031746031746,0.009667412163624545,0.19581958195819582,0.19581958195819582,0.09379498230495309,0.0018040929349697477,0.5,0.62,0.003903732929917649
FairAA_3Moment,3.0,6,0.8153245550188578,0.682,0.5444126074498568,0.005771589351417639,0.17216721672167212,0.17216721672167212,0.0935705062380503,0.0015337690127898984,0.5,0.631,0.002237664677853518
FairAA_3Moment,10.0,6,0.7517479432717968,0.726,0.5018181818181818,0.043214775268739625,0.1677667766776677,0.1677667766776677,-0.6130745327276834,0.0514445856400122,0.5,0.5330000000000001,0.04598107549262883
FairAA_3Moment,30.0,6,0.7517479432717968,0.726,0.5018181818181818,0.043214775268739625,0.1677667766776677,0.1677667766776677,-0.6130745327276834,0.0514445856400122,0.5,0.5330000000000001,0.04598107549262883
FairAA_3Moment,100.0,6,0.7517479432717968,0.726,0.5018181818181818,0.043214775268739625,0.1677667766776677,0.1677667766776677,-0.6130745327276834,0.0514445856400122,0.5,0.5330000000000001,0.04598107549262883
FairAA_Adv,0.0,6,0.8559187454509362,0.756,0.5986842105263158,0.20218598946684943,0.12721842013687507,0.015401540154015403,0.09663622437437791,0.20113684331927306,0.546,0.556,0.07182716271326228
FairAA_Adv,0.03,6,0.8556540726526831,0.756,0.5986842105263158,0.20218598946684943,0.12721842013687507,0.015401540154015403,0.09662836943013586,0.19691571140058173,0.5429999999999999,0.567,0.07099878769446338
FairAA_Adv,0.1,6,0.854705661792276,0.756,0.5986842105263158,0.20218598946684943,0.12721842013687507,0.015401540154015403,0.09662208510187964,0.18772113218523856,0.5269999999999999,0.5710000000000001,0.06919313154912028
FairAA_Adv,0.3,6,0.8527867840049407,0.754,0.5967213114754099,0.19616189308130727,0.1204616633801183,0.015401540154015403,0.09658700657345765,0.16442928085227582,0.512,0.571,0.06445126336285906
FairAA_Adv,1.0,6,0.8484196828337635,0.74,0.5859872611464968,0.15096313397301786,0.07745621157638327,0.07095709570957098,0.09639047323151828,0.11002506901429254,0.5,0.61,0.05172703723485235
FairAA_Adv,3.0,6,0.8405897792187742,0.72,0.5783132530120482,0.0786018324796191,0.031353135313531344,0.031353135313531344,0.09580766133350083,0.04886177342280118,0.5,0.647,0.032389109668105404
FairAA_Adv,10.0,6,0.8320651095083703,0.714,0.5488958990536278,0.02467354447731046,0.1859185918591859,0.1859185918591859,0.09491425250492436,0.013599523992723905,0.5,0.714,0.013347296082262141
FairAA_Adv,30.0,6,0.2211120668739937,0.722,0.07947019867549669,0.0056272996176322115,0.012150562579747129,0.006050605060506045,0.09435491543151087,0.0059571754708558355,0.5,0.744,0.004785260522115582
FairAA_Adv,100.0,6,0.2500827102494541,0.728,0.08108108108108109,0.0033547363105115094,0.006050605060506045,0.006050605060506045,0.09401666130504727,0.004834378261199257,0.5,0.733,0.0014570676847269076
FairPCA_AA,0.0,6,0.7826043803348112,0.72,0.5333333333333333,0.026224659115503923,0.25522552255225517,0.25522552255225517,0.09013768714522963,0.010859742152734442,0.5,0.588,0.007918996493196268
FairPCA_AA,0.03,6,0.782119146871347,0.718,0.53156146179402,0.02323064713945605,0.25522552255225517,0.25522552255225517,0.06886796993176503,0.010878316272188715,0.5,0.5960000000000001,0.00801262234686106
FairPCA_AA,0.1,6,0.7819206422726572,0.718,0.53156146179402,0.02323064713945605,0.25522552255225517,0.25522552255225517,0.08399197242840184,0.010872335636918473,0.5,0.601,0.00805134725809629
FairPCA_AA,0.3,6,0.7773219524030085,0.718,0.53156146179402,0.02323064713945605,0.25522552255225517,0.25522552255225517,0.08369338608663135,0.010557623519164339,0.5,0.5860000000000001,0.008217577015239032
FairPCA_AA,1.0,6,0.7779395222655993,0.718,0.53156146179402,0.02323064713945605,0.25522552255225517,0.25522552255225517,0.08382433291113534,0.01037075005557031,0.5,0.5999999999999999,0.008191083712744546
FairPCA_AA,3.0,6,0.7840931648249851,0.718,0.53156146179402,0.014212538777865935,0.25522552255225517,0.25522552255225517,0.08566191309629856,0.008818347874919086,0.5,0.571,0.012277952518715312
FairPCA_AA,10.0,6,0.7967974591411366,0.726,0.5448504983388704,0.04891421975326454,0.16996699669966997,0.16996699669966997,0.06128597543540282,0.011699698916646573,0.5,0.576,0.019488343547869862
FairPCA_AA,30.0,6,0.8033922230309447,0.73,0.5544554455445545,0.05490224370536034,0.15016501650165015,0.15016501650165015,0.07928254781346888,0.017069724160573396,0.5,0.5559999999999999,0.023587996397519493
FairPCA_AA,100.0,6,0.8089062396612188,0.736,0.5657894736842105,0.06691436404299833,0.13036303630363044,0.13036303630363044,-0.1238142096634347,0.02007464779839374,0.5,0.5559999999999999,0.025873699840695513
Raw,,7,0.8727806083063147,0.796,0.6382978723404256,0.29864367650241685,0.301980198019802,0.301980198019802,,,,,
AA,,7,0.8624142570413992,0.8,0.6527777777777778,0.22642666474280354,0.12301357151142558,0.07975797579757982,0.059063168557463075,0.2115051822031664,0.5349999999999999,0.6369999999999999,0.07142746606504499
FairAA,0.0,7,0.8623922009748781,0.8,0.6527777777777778,0.22642666474280354,0.12301357151142558,0.07975797579757982,0.05903366159886014,0.2114736927869718,0.5349999999999999,0.631,0.07142498591428657
FairAA,0.03,7,0.8627671541057369,0.794,0.6385964912280702,0.21744462881465987,0.12301357151142558,0.05005500550055009,0.06048730951101289,0.2082303237649411,0.534,0.631,0.07070607813358429
FairAA,0.1,7,0.8607821081188382,0.788,0.6293706293706294,0.1933843157059375,0.09845145574759309,0.04015401540154018,0.060484402625349376,0.17940571710239206,0.514,0.617,0.06509843244432836
FairAA,0.3,7,0.8519817375769204,0.764,0.5958904109589042,0.10313108722314407,0.010451045104510448,0.010451045104510448,0.05977329156952893,0.06899434082751532,0.5,0.6199999999999999,0.03869502113381472
FairAA,1.0,7,0.837468845806039,0.752,0.5838926174496645,0.021895967101940694,0.12046204620462053,0.12046204620462053,0.058340057683622826,0.007642499444453721,0.5,0.631,0.007385861698629639
FairAA,3.0,7,0.8342045479609166,0.74,0.5723684210526315,0.0037876055118677976,0.12046204620462053,0.12046204620462053,0.0579392761167139,0.005709299872654006,0.5,0.612,0.0014051340962721968
FairAA,10.0,7,0.8030944661329099,0.78,0.5416666666666666,0.04664165644614382,0.20737073707370735,0.20737073707370735,-1.4785933297373002,0.05706616192093372,0.5,0.553,0.04091594538369319
FairAA,30.0,7,0.8030944661329099,0.78,0.5416666666666666,0.04664165644614382,0.20737073707370735,0.20737073707370735,-1.4785933297373002,0.05706616192093372,0.5,0.553,0.04091594538369319
FairAA,100.0,7,0.8030944661329099,0.78,0.5416666666666666,0.04664165644614382,0.20737073707370735,0.20737073707370735,-1.4785933297373002,0.05706616192093372,0.5,0.553,0.04091594538369319
FairAA_3Moment,0.0,7,0.8623922009748781,0.8,0.6527777777777778,0.22642666474280354,0.12301357151142558,0.07975797579757982,0.05903366402138277,0.21147374153788723,0.5349999999999999,0.631,0.07142499649465688
FairAA_3Moment,0.03,7,0.8443834226604027,0.748,0.5743243243243243,0.07001659331938531,0.024997100104396236,0.009350935093509372,0.05786782128857815,0.033831856007441874,0.5,0.616,0.02601885535416391
FairAA_3Moment,0.1,7,0.8363880985465052,0.752,0.5838926174496645,0.021895967101940694,0.12046204620462053,0.12046204620462053,0.05838942153064608,0.005805709181537888,0.5,0.643,0.009708844365446842
FairAA_3Moment,0.3,7,0.8314254835792585,0.744,0.5733333333333334,0.0008296659692663133,0.13036303630363044,0.13036303630363044,0.05799711888142067,0.0022274694889762303,0.5,0.621,0.0039365877745079735
FairAA_3Moment,1.0,7,0.8297933346566974,0.748,0.5771812080536913,0.005158357982829542,0.13036303630363044,0.13036303630363044,0.05781359895812721,0.0016415176803609155,0.5,0.6200000000000001,0.0014890438502345954
FairAA_3Moment,3.0,7,0.8301241756545138,0.758,0.5813148788927336,0.01406824904408055,0.15016501650165015,0.15016501650165015,0.05755798077051988,0.002196992927288255,0.5,0.5850000000000001,0.0007468947638127456
FairAA_3Moment,10.0,7,0.8219082908754053,0.798,0.5809128630705395,0.07668999350696198,0.1578657865786579,0.1578657865786579,-2.00253725484172,0.07509159944178967,0.49800000000000005,0.517,0.05536525875895678
FairAA_3Moment,30.0,7,0.8219082908754053,0.798,0.5809128630705395,0.07668999350696198,0.1578657865786579,0.1578657865786579,-2.00253725484172,0.07509159944178967,0.49800000000000005,0.517,0.05536525875895678
FairAA_3Moment,100.0,7,0.8219082908754053,0.798,0.5809128630705395,0.07668999350696198,0.1578657865786579,0.1578657865786579,-2.00253725484172,0.07509159944178967,0.49800000000000005,0.517,0.05536525875895678
FairAA_Adv,0.0,7,0.8623922009748781,0.8,0.6527777777777778,0.22642666474280354,0.12301357151142558,0.07975797579757982,0.05903366159886014,0.2114736927869718,0.5349999999999999,0.631,0.07142498591428657
FairAA_Adv,0.03,7,0.8625024813074836,0.79,0.6341463414634146,0.20539643604357552,0.10950005799791207,0.05005500550055009,0.06047924794962933,0.20712461189746711,0.533,0.6289999999999999,0.07062424759427928
FairAA_Adv,0.1,7,0.861884911444893,0.786,0.627177700348432,0.19637832768198543,0.10274330124115533,0.04015401540154018,0.060623191048201686,0.19613845784852935,0.522,0.621,0.06863566537647
FairAA_Adv,0.3,7,0.8599660336575575,0.782,0.6202090592334495,0.17834211095880528,0.08493794223407958,0.030253025302530268,0.062427020011518786,0.16918850397532925,0.5,0.633,0.06367934226258584
FairAA_Adv,1.0,7,0.855268091488564,0.77,0.6075085324232082,0.13317942428396218,0.03334879944322003,0.030253025302530268,0.06223330076380962,0.11725154514451797,0.5,0.642,0.05194764187789053
FairAA_Adv,3.0,7,0.8486292154657138,0.756,0.5821917808219178,0.08509487049996395,0.009350935093509372,0.009350935093509372,0.06158793173157551,0.05385507498203057,0.5,0.611,0.03321227556149592
FairAA_Adv,10.0,7,0.8394759478594588,0.804,0.5504587155963303,0.06193636822740062,0.25687568756875684,0.25687568756875684,0.060557399309863036,0.016666908013003412,0.5,0.602,0.014216639794524737
FairAA_Adv,30.0,7,0.8384172566664461,0.248,0.38762214983713356,0.005951951518649468,0.010410625217492142,0.0,0.05999983893670913,0.008030033110630108,0.5,0.634,0.005174443021200155
FairAA_Adv,100.0,7,0.17168442180021617,0.226,0.19875776397515527,0.02842507755573187,0.14796479647964794,0.14796479647964794,0.0598869233111069,0.006549600601592709,0.5,0.674,0.0015984157454069098
FairPCA_AA,0.0,7,0.8051346522861113,0.734,0.5460750853242321,0.011110309501478954,0.1897689768976898,0.1897689768976898,0.056338930583580416,0.006036162905718068,0.5,0.647,0.008668794166708642
FairPCA_AA,0.03,7,0.8060610070799974,0.734,0.5460750853242321,0.011110309501478954,0.1897689768976898,0.1897689768976898,0.04605361476974035,0.006017057360284905,0.5,0.6769999999999999,0.009028966629333607
FairPCA_AA,0.1,7,0.8062043715123844,0.734,0.5460750853242321,0.011110309501478954,0.1897689768976898,0.1897689768976898,0.04523976956592246,0.005954343188213085,0.5,0.694,0.008999149052742572
FairPCA_AA,0.3,7,0.8051015681863296,0.732,0.54421768707483,0.017134405887021142,0.1897689768976898,0.1897689768976898,0.03903771998529104,0.005993157418504591,0.5,0.658,0.008649928885532149
FairPCA_AA,1.0,7,0.8139239947947684,0.746,0.5723905723905723,0.0008657384027126458,0.14026402640264035,0.14026402640264035,0.04015217440914287,0.007929050671538262,0.5,0.636,0.012007325794026021
FairPCA_AA,3.0,7,0.8149496018879994,0.736,0.5540540540540541,0.011146381934925342,0.16996699669966997,0.16996699669966997,0.04949061538359989,0.007799221896205744,0.5,0.641,0.01257080683051041
FairPCA_AA,10.0,7,0.8251615606872671,0.756,0.5850340136054422,0.03697424428251933,0.13036303630363044,0.13036303630363044,0.04981790915802575,0.016810417340979322,0.5,0.64,0.0201256298794109
FairPCA_AA,30.0,7,0.8337854826970158,0.756,0.5906040268456376,0.05796840054830099,0.04510451045104513,0.04510451045104513,0.05013317867828371,0.029360720202361024,0.5,0.6060000000000001,0.026670746979187226
FairPCA_AA,100.0,7,0.8401376298550917,0.762,0.5966101694915255,0.07604068970492744,0.04510451045104513,0.04510451045104513,0.05100159347095368,0.0402747082129471,0.5,0.626,0.0314419608147251
Raw,,8,0.9080703147400693,0.832,0.7123287671232876,0.29251136281653556,0.1787678767876788,0.1787678767876788,,,,,
AA,,8,0.8657336950528244,0.754,0.61198738170347,0.23209003679388213,0.17491749174917492,0.17491749174917492,0.06917013652244475,0.19397664631461264,0.527,0.633,0.07087361785654121
FairAA,0.0,8,0.8657116389863032,0.754,0.61198738170347,0.23209003679388213,0.17491749174917492,0.17491749174917492,0.0691675485505262,0.19394742781668872,0.527,0.633,0.07086780372783343
FairAA,0.03,8,0.8655131343876132,0.754,0.61198738170347,0.23209003679388213,0.17491749174917492,0.17491749174917492,0.06910020135434047,0.19031513103029596,0.5250000000000001,0.619,0.0701092977582565
FairAA,0.1,8,0.8643662189285163,0.754,0.61198738170347,0.23209003679388213,0.17491749174917492,0.17491749174917492,0.06890462737694258,0.16587598086022803,0.52,0.633,0.06520223437722453
FairAA,0.3,8,0.8575288383069763,0.752,0.6125,0.16892720582930526,0.11936193619361934,0.11936193619361934,0.06864937938468862,0.07151471300992263,0.499,0.5780000000000001,0.041990568691695415
FairAA,1.0,8,0.8388032378305653,0.74,0.6036585365853658,0.0666257845754275,0.0671067106710671,0.0671067106710671,0.06796294280676718,0.0077550486320276946,0.501,0.592,0.010432432272326233
FairAA,3.0,8,0.8240697853944727,0.688,0.5411764705882353,0.00566337205107853,0.13641364136413636,0.13641364136413636,0.06729402680499008,0.003304981728487366,0.5,0.775,0.0032334536115888658
FairAA,10.0,8,0.7756567193806656,0.756,0.5343511450381679,0.15760046172714812,0.16941694169416943,0.16941694169416943,-0.24923448885322985,0.07799237017092431,0.526,0.5359999999999999,0.053682315368436664
FairAA,30.0,8,0.7756567193806656,0.756,0.5343511450381679,0.15760046172714812,0.16941694169416943,0.16941694169416943,-0.24923448885322985,0.07799237017092431,0.526,0.5359999999999999,0.053682315368436664
FairAA,100.0,8,0.7756567193806656,0.756,0.5343511450381679,0.15760046172714812,0.16941694169416943,0.16941694169416943,-0.24923448885322985,0.07799237017092431,0.526,0.5359999999999999,0.053682315368436664
FairAA_3Moment,0.0,8,0.8657116389863032,0.754,0.61198738170347,0.23209003679388213,0.17491749174917492,0.17491749174917492,0.06916754991879981,0.19394742354763406,0.527,0.633,0.07086779475435055
FairAA_3Moment,0.03,8,0.8505370652197887,0.748,0.6134969325153374,0.12376451915446213,0.057205720572057195,0.057205720572057195,0.06847378997210118,0.03554439512806595,0.501,0.5730000000000001,0.029117775317768047
FairAA_3Moment,0.1,8,0.8401266018218311,0.732,0.588957055214724,0.06965586898492171,0.09680968096809672,0.09680968096809672,0.06796118422999609,0.009794038337855526,0.501,0.616,0.013248330086830417
FairAA_3Moment,0.3,8,0.835053706521979,0.726,0.581039755351682,0.0455955558761994,0.10671067106710663,0.10671067106710663,0.06759304315591164,0.004377214661878348,0.501,0.65,0.006111057514110565
FairAA_3Moment,1.0,8,0.8339398751626634,0.724,0.5660377358490566,0.03668566481494845,0.15621562156215618,0.15621562156215618,0.06731305690751466,0.00426370967643408,0.5,0.7379999999999999,0.0032888379518391407
FairAA_3Moment,3.0,8,0.8225368887712565,0.75,0.576271186440678,0.0399682562585672,0.07480748074807486,0.07480748074807486,0.06697885061599418,0.0020129556904895374,0.5,0.659,0.0016804597543512607
FairAA_3Moment,10.0,8,0.8031275502326914,0.74,0.5357142857142857,0.19345646057283022,0.21892189218921898,0.21892189218921898,-0.4526452405737442,0.06034749684076557,0.522,0.6369999999999999,0.04901209429158172
FairAA_3Moment,30.0,8,0.8031275502326914,0.74,0.5357142857142857,0.19345646057283022,0.21892189218921898,0.21892189218921898,-0.4526452405737442,0.06034749684076557,0.522,0.6369999999999999,0.04901209429158172
FairAA_3Moment,100.0,8,0.8031275502326914,0.74,0.5357142857142857,0.19345646057283022,0.21892189218921898,0.21892189218921898,-0.4526452405737442,0.06034749684076557,0.522,0.6369999999999999,0.04901209429158172
FairAA_Adv,0.0,8,0.8657116389863032,0.754,0.61198738170347,0.23209003679388213,0.17491749174917492,0.17491749174917492,0.0691675485505262,0.19394742781668872,0.527,0.633,0.07086780372783343
FairAA_Adv,0.03,8,0.8651161251902336,0.752,0.610062893081761,0.23508404876993,0.17491749174917492,0.17491749174917492,0.06892053406920529,0.18890332532822063,0.523,0.627,0.0699001124163044
FairAA_Adv,0.1,8,0.8650499569906703,0.754,0.61198738170347,0.23209003679388213,0.17491749174917492,0.17491749174917492,0.0689125149043539,0.18143868798895146,0.528,0.615,0.06839263395544773
FairAA_Adv,0.3,8,0.8640794900637421,0.754,0.61198738170347,0.23209003679388213,0.17491749174917492,0.17491749174917492,0.06889070104725326,0.16173530416049287,0.5130000000000001,0.6260000000000001,0.06427993315648552
FairAA_Adv,1.0,8,0.8619951917774984,0.75,0.6081504702194357,0.20200562729961763,0.17491749174917492,0.17491749174917492,0.0687783828552978,0.11304431941112525,0.5,0.615,0.0530393204532678
FairAA_Adv,3.0,8,0.8549923906570502,0.76,0.6129032258064516,0.14800519443041626,0.08965896589658973,0.08965896589658973,0.06841912398964556,0.05384984192743458,0.501,0.6020000000000001,0.03516800111706964
FairAA_Adv,10.0,8,0.8427512737378416,0.744,0.5761589403973509,0.07896255681408265,0.05500550055005504,0.05500550055005504,0.06786375350143681,0.014849487341502932,0.5,0.637,0.015867529825136173
FairAA_Adv,30.0,8,0.439279648867421,0.75,0.04580152671755725,0.018180506456965586,0.0297029702970297,0.0297029702970297,0.06762758222164578,0.005378939676110361,0.5,0.675,0.0060224648835670415
FairAA_Adv,100.0,8,0.4142570413992369,0.404,0.25870646766169153,0.19800158718707167,0.25115995824150333,0.18756875687568758,-0.0719040234056536,0.7826946312231076,0.942,0.962,0.11845339820546075
FairPCA_AA,0.0,8,0.8068660535080173,0.708,0.5408805031446541,0.05472188153812857,0.03430576499246024,0.0005500550055005382,0.05469801988731293,0.019870554658043216,0.499,0.659,0.02016683883393038
FairPCA_AA,0.03,8,0.8068660535080173,0.708,0.5408805031446541,0.05472188153812857,0.03430576499246024,0.0005500550055005382,0.04782781089353938,0.019871821069691098,0.499,0.661,0.02016605138869549
FairPCA_AA,0.1,8,0.8068660535080173,0.708,0.5408805031446541,0.05472188153812857,0.03430576499246024,0.0005500550055005382,0.04634191345844563,0.019877664046431986,0.499,0.665,0.02016715439967289
FairPCA_AA,0.3,8,0.8068660535080173,0.708,0.5408805031446541,0.05472188153812857,0.03430576499246024,0.0005500550055005382,0.013451071780544499,0.019892832022389006,0.499,0.6569999999999999,0.02018952306575306
FairPCA_AA,1.0,8,0.8082776417653675,0.71,0.5425867507886435,0.06074597792367076,0.027549008235703498,0.0005500550055005382,0.04202978268692681,0.020778692369181395,0.502,0.669,0.02091634149740489
FairPCA_AA,3.0,8,0.8166920311431659,0.716,0.5506329113924051,0.07578818267080295,0.014035494722190012,0.010451045104510448,0.05162606421077309,0.026733767918788565,0.502,0.672,0.02571361745360693
FairPCA_AA,10.0,8,0.8309181940492734,0.724,0.5632911392405063,0.10284250775557319,0.030253025302530268,0.030253025302530268,0.0504388230398084,0.0439923556240035,0.502,0.6300000000000001,0.03371566249825703
FairPCA_AA,30.0,8,0.8380092194358058,0.72,0.559748427672956,0.1178486400692591,0.030253025302530268,0.030253025302530268,0.05007392663517751,0.05614032573086625,0.501,0.619,0.03672267828331123
FairPCA_AA,100.0,8,0.8398509009903173,0.72,0.5569620253164557,0.12989683284034342,0.08580858085808585,0.08580858085808585,0.0511586436310284,0.06159985350116726,0.502,0.591,0.03834293790550673
Raw,,9,0.9049604093605946,0.816,0.7012987012987013,0.34041555443330207,0.23715346247535088,0.08745874587458746,,,,,
AA,,9,0.8449017402236485,0.748,0.5827814569536424,0.15110742370680325,0.08580858085808585,0.08580858085808585,0.08028236983242831,0.13517637566327578,0.5720000000000001,0.602,0.07765398161344234
FairAA,0.0,9,0.8452436092547254,0.748,0.5827814569536424,0.15110742370680325,0.08580858085808585,0.08580858085808585,0.08028236983242132,0.13517636664111154,0.5720000000000001,0.602,0.07765398240192581
FairAA,0.03,9,0.8451002448223384,0.748,0.5827814569536424,0.15110742370680325,0.08580858085808585,0.08580858085808585,0.08029145917251412,0.13307912844558334,0.571,0.587,0.07703532694580247
FairAA,0.1,9,0.8433357595006507,0.75,0.5819397993311036,0.14212538777865952,0.07590759075907594,0.07590759075907594,0.0802323951226166,0.11608821151416071,0.572,0.577,0.07185032392883693
FairAA,0.3,9,0.8352522111206688,0.754,0.5886287625418061,0.06998052088593898,0.04510451045104513,0.04510451045104513,0.07991528918082536,0.055642057801753464,0.515,0.58,0.04843134405060552
FairAA,1.0,9,0.8167030591764265,0.742,0.568561872909699,0.0021643460067816145,0.14026402640264035,0.14026402640264035,0.07861839473161891,0.008589253840036393,0.5,0.609,0.010908219532319815
FairAA,3.0,9,0.6682988155892279,0.5,0.4469026548672566,0.9970059880239521,1.0,1.0,-0.6236258875768552,4.031073124652152,1.0,1.0,0.31827029358196995
FairAA,10.0,9,0.7915260592425946,0.78,0.5454545454545454,0.12477454729096024,0.1298129812981298,0.1298129812981298,-1.2199403076567927,0.07796863535126741,0.5389999999999999,0.5980000000000001,0.0684267009271579
FairAA,30.0,9,0.7915260592425946,0.78,0.5454545454545454,0.12477454729096024,0.1298129812981298,0.1298129812981298,-1.2199403076567927,0.07796863535126741,0.5389999999999999,0.5980000000000001,0.0684267009271579
FairAA,100.0,9,0.7915260592425946,0.78,0.5454545454545454,0.12477454729096024,0.1298129812981298,0.1298129812981298,-1.2199403076567927,0.07796863535126741,0.5389999999999999,0.5980000000000001,0.0684267009271579
FairAA_3Moment,0.0,9,0.844989964489733,0.748,0.5827814569536424,0.15110742370680325,0.08580858085808585,0.08580858085808585,0.08028237124690607,0.13517654280872848,0.5720000000000001,0.602,0.0776539665732158
FairAA_3Moment,0.03,9,0.832704735437482,0.748,0.58,0.07297453286198685,0.05500550055005504,0.05500550055005504,0.07956832305177586,0.03633141617421176,0.496,0.591,0.0384121297443177
FairAA_3Moment,0.1,9,0.8231213745340656,0.736,0.5629139072847682,0.04289012336772241,0.07480748074807486,0.07480748074807486,0.07873433950987452,0.01116752270329091,0.5,0.5700000000000001,0.018210581926381666
FairAA_3Moment,0.3,9,0.8174088533051017,0.74,0.5637583892617449,0.012877858740350634,0.08470847084708477,0.08470847084708477,0.07832706217549201,0.004101442318441451,0.5,0.6090000000000001,0.007337011745770823
FairAA_3Moment,1.0,9,0.815103994353647,0.744,0.5704697986577181,0.0038597503787605736,0.14026402640264035,0.14026402640264035,0.07805686257327671,0.002482046284675965,0.5,0.605,0.002626504644953341
FairAA_3Moment,3.0,9,0.813538013630649,0.714,0.546031746031746,0.009667412163624545,0.13036303630363044,0.13036303630363044,0.07783040002091757,0.0025773725944753245,0.5,0.6969999999999998,0.0013157451953608903
FairAA_3Moment,10.0,9,0.8135710977304308,0.764,0.5597014925373134,0.10341966669071498,0.02255225522552251,0.02255225522552251,-1.389944222493324,0.09009218495765403,0.567,0.617,0.06447198982045596
FairAA_3Moment,30.0,9,0.8135710977304308,0.764,0.5597014925373134,0.10341966669071498,0.02255225522552251,0.02255225522552251,-1.389944222493324,0.09009218495765403,0.567,0.617,0.06447198982045596
FairAA_3Moment,100.0,9,0.8135710977304308,0.764,0.5597014925373134,0.10341966669071498,0.02255225522552251,0.02255225522552251,-1.389944222493324,0.09009218495765403,0.567,0.617,0.06447198982045596
FairAA_Adv,0.0,9,0.8452436092547254,0.748,0.5827814569536424,0.15110742370680325,0.08580858085808585,0.08580858085808585,0.08028236983242132,0.13517636664111154,0.5720000000000001,0.602,0.07765398240192581
FairAA_Adv,0.03,9,0.8449237962901696,0.748,0.58,0.14511939975470745,0.07590759075907594,0.07590759075907594,0.08028899885765295,0.13186535552358403,0.5700000000000001,0.59,0.07670575882928851
FairAA_Adv,0.1,9,0.8442841703610577,0.748,0.58,0.14511939975470745,0.07590759075907594,0.07590759075907594,0.08028734888088263,0.1254595557023893,0.573,0.58,0.07485569774531438
FairAA_Adv,0.3,9,0.8427843578376233,0.748,0.5827814569536424,0.12405309862203301,0.03207284537756641,0.020352035203520358,0.080258369078404,0.1097272937947198,0.5700000000000001,0.557,0.07003376082226051
FairAA_Adv,1.0,9,0.8381856679679746,0.758,0.5925925925925926,0.10006493038020348,0.020352035203520358,0.020352035203520358,0.08008580220245665,0.07380306474844056,0.541,0.576,0.05708717653475107
FairAA_Adv,3.0,9,0.8295507179249652,0.748,0.58,0.045920207777216615,0.05500550055005504,0.05500550055005504,0.07956862188230096,0.03410149241236937,0.5,0.642,0.036937841555350445
FairAA_Adv,10.0,9,0.8202099737532809,0.726,0.5566343042071198,0.0007214486689272048,0.09502957893515834,0.06490649064906495,0.07870190307761649,0.01192487531804931,0.5,0.7630000000000001,0.01605056253301017
FairAA_Adv,30.0,9,0.7985509164295639,0.626,0.5091863517060368,0.00014428973378544097,0.1523652365236523,0.1523652365236523,0.07819225605076718,0.007268748074700682,0.5,0.828,0.005955040938163096
FairAA_Adv,100.0,9,0.784291669423675,0.73,0.5454545454545454,0.0008657384027126458,0.09192669063913697,0.0489548954895489,0.07791717888437122,0.0073119407893996735,0.5,0.852,0.0018742851955390425
FairPCA_AA,0.0,9,0.7932243763647192,0.702,0.5415384615384615,0.021571315200923424,0.11056105610561062,0.11056105610561062,0.07844374285969802,0.05649669769517429,0.5,0.679,0.03570930460219918
FairPCA_AA,0.03,9,0.7933787688303667,0.702,0.5415384615384615,0.021571315200923424,0.11056105610561062,0.11056105610561062,0.07261893719675017,0.05651874640621457,0.5,0.6799999999999999,0.035727290121366266
FairPCA_AA,0.1,9,0.7933787688303668,0.702,0.5415384615384615,0.021571315200923424,0.11056105610561062,0.11056105610561062,0.07228877646890008,0.05645152739682047,0.5,0.6769999999999999,0.035703347396710515
FairPCA_AA,0.3,9,0.7933567127638457,0.702,0.5415384615384615,0.021571315200923424,0.11056105610561062,0.11056105610561062,0.07197091551209955,0.0565130506073912,0.5,0.68,0.03572285850432836
FairPCA_AA,1.0,9,0.7935993294955777,0.702,0.5415384615384615,0.021571315200923424,0.11056105610561062,0.11056105610561062,0.07146195751772166,0.0572468286071357,0.5,0.669,0.03642343317753845
FairPCA_AA,3.0,9,0.8123139019387282,0.718,0.549520766773163,0.02171560493470892,0.0778621969609094,0.0005500550055005382,0.07263379584154517,0.049545302284319526,0.501,0.6739999999999999,0.03989607177137393
FairPCA_AA,10.0,9,0.8377555746708133,0.724,0.5714285714285714,0.1298246879734507,0.05995599559956,0.05995599559956,0.061938754779950034,0.07735151061234147,0.5,0.6609999999999999,0.043102778950488065
FairPCA_AA,30.0,9,0.8246101590242396,0.726,0.5566343042071198,0.08188442392323786,0.006640760932606404,0.0005500550055005382,0.07340915174784213,0.06651239392430663,0.544,0.6,0.05093378924307088
FairPCA_AA,100.0,9,0.8257350184168156,0.726,0.5594855305466238,0.08787244787533366,0.010451045104510448,0.010451045104510448,0.07284131818788919,0.06916567222490255,0.5509999999999999,0.599,0.05232051965286948
Raw,,10,0.9082467632722381,0.828,0.6884057971014492,0.24460717119976913,0.1335111935970305,0.08965896589658973,,,,,
AA,,10,0.8376452943382078,0.754,0.5653710247349824,0.1573479546930236,0.07325136295093376,0.07205720572057206,0.055543545212274004,0.09708039368648047,0.5820000000000001,0.6210000000000001,0.0648887408121899
FairAA,0.0,10,0.8375901541719051,0.754,0.5653710247349824,0.1573479546930236,0.07325136295093376,0.07205720572057206,0.05554354521227367,0.09708039511389266,0.5820000000000001,0.6210000000000001,0.06488874092222155
FairAA,0.03,10,0.8377996868038554,0.754,0.5653710247349824,0.1573479546930236,0.07325136295093376,0.07205720572057206,0.05557469484878752,0.09520272700000132,0.5780000000000001,0.619,0.06410450888320458
FairAA,0.1,10,0.8378879110699398,0.756,0.5673758865248227,0.15435394271697567,0.07205720572057206,0.07205720572057206,0.055609838731448535,0.08345543469608907,0.567,0.6040000000000001,0.05917446804215363
FairAA,0.3,10,0.8306976333840622,0.754,0.5653710247349824,0.12127552124666333,0.07205720572057206,0.07205720572057206,0.05546924637551043,0.04335071604538665,0.5,0.597,0.04033368940413007
FairAA,1.0,10,0.8130086680341427,0.752,0.5633802816901409,0.025070341245220396,0.06608862080965083,0.05885588558855881,0.05482082494674734,0.013905178483121783,0.5,0.599,0.010413900779963316
FairAA,3.0,10,0.8082445576655859,0.756,0.5673758865248227,0.0010461005699444748,0.1243124312431243,0.1243124312431243,0.05447497526536782,0.012239326143457685,0.5,0.662,0.0027271253816907475
FairAA,10.0,10,0.7643970974216459,0.744,0.5,0.10356395642450039,0.11001100110011008,0.11001100110011008,-0.6570932603369886,0.06706457415950129,0.541,0.584,0.06704719134839893
FairAA,30.0,10,0.7643970974216459,0.744,0.5,0.10356395642450039,0.11001100110011008,0.11001100110011008,-0.6570932603369886,0.06706457415950129,0.541,0.584,0.06704719134839893
FairAA,100.0,10,0.7643970974216459,0.744,0.5,0.10356395642450039,0.11001100110011008,0.11001100110011008,-0.6570932603369886,0.06706457415950129,0.541,0.584,0.06704719134839893
FairAA_3Moment,0.0,10,0.8375791261386445,0.754,0.5653710247349824,0.1573479546930236,0.07325136295093376,0.07205720572057206,0.055543546384197895,0.09708038496657656,0.5820000000000001,0.6210000000000001,0.06488873686870213
FairAA_3Moment,0.03,10,0.8280950175345729,0.754,0.5653710247349824,0.11225741288507324,0.07205720572057206,0.07205720572057206,0.05527579401790983,0.029568879091986577,0.5,0.6160000000000001,0.033599337489867244
FairAA_3Moment,0.1,10,0.8195372637243875,0.766,0.5806451612903226,0.0732270398961114,0.0489548954895489,0.0489548954895489,0.05487798497174379,0.009713234881718047,0.5,0.6319999999999999,0.016661167606508827
FairAA_3Moment,0.3,10,0.8142217516928031,0.764,0.5815602836879432,0.028100425654714656,0.10451045104510448,0.10451045104510448,0.0546497233904395,0.0038639681986294416,0.5,0.616,0.007582218589594405
FairAA_3Moment,1.0,10,0.8125454906371997,0.762,0.5795053003533569,0.022076329269172468,0.10451045104510448,0.10451045104510448,0.05445664060998601,0.002420329969102686,0.5,0.5800000000000001,0.00363655165447514
FairAA_3Moment,3.0,10,0.80450605439026,0.778,0.5612648221343873,0.0044008368804559495,0.09421760816610603,0.01705170517051713,0.05429166640083438,0.0023325109128454757,0.5,0.6369999999999999,0.00221110219668988
FairAA_3Moment,10.0,10,0.7983193277310924,0.756,0.5413533834586466,0.13350407618497945,0.05830583058305827,0.05830583058305827,-1.030140346920112,0.07922380368629434,0.527,0.581,0.07072389400531799
FairAA_3Moment,30.0,10,0.7983193277310924,0.756,0.5413533834586466,0.13350407618497945,0.05830583058305827,0.05830583058305827,-1.030140346920112,0.07922380368629434,0.527,0.581,0.07072389400531799
FairAA_3Moment,100.0,10,0.7983193277310924,0.756,0.5413533834586466,0.13350407618497945,0.05830583058305827,0.05830583058305827,-1.030140346920112,0.07922380368629434,0.527,0.581,0.07072389400531799
FairAA_Adv,0.0,10,0.8375901541719051,0.754,0.5653710247349824,0.1573479546930236,0.07325136295093376,0.07205720572057206,0.05554354521227367,0.09708039511389266,0.5820000000000001,0.6210000000000001,0.06488874092222155
FairAA_Adv,0.03,10,0.8383510884668829,0.756,0.5673758865248227,0.15435394271697567,0.07205720572057206,0.07205720572057206,0.05559886312915607,0.09297833804275213,0.5770000000000001,0.627,0.06294879211878235
FairAA_Adv,0.1,10,0.8384834248660095,0.756,0.5673758865248227,0.15435394271697567,0.07205720572057206,0.07205720572057206,0.05561646438779577,0.08841820857177396,0.5740000000000001,0.606,0.06127491120208639
FairAA_Adv,0.3,10,0.8374247336729967,0.754,0.5653710247349824,0.1483298463314335,0.07205720572057206,0.07205720572057206,0.05561748501570962,0.07753029683235957,0.5469999999999999,0.575,0.057099631067070465
FairAA_Adv,1.0,10,0.8336310902313682,0.748,0.5594405594405595,0.130257557174807,0.07205720572057206,0.07205720572057206,0.055550541798461306,0.05303736449743879,0.515,0.58,0.046117046465468436
FairAA_Adv,3.0,10,0.8262643640133219,0.752,0.5633802816901409,0.08819709977635093,0.0066006600660066805,0.0066006600660066805,0.05529760028276465,0.0273830436983723,0.5,0.5619999999999999,0.029773620880267727
FairAA_Adv,10.0,10,0.8163170780123074,0.772,0.544,0.0044369093139023374,0.08316900591578705,0.04675467546754686,0.054848667244550064,0.014276004446589052,0.5,0.659,0.013237650932035916
FairAA_Adv,30.0,10,0.1987913275546439,0.222,0.2446601941747573,0.013274655508260569,0.1655665566556656,0.1655665566556656,0.05447903515666863,0.012372913992482415,0.5,0.807,0.005008647784795074
FairAA_Adv,100.0,10,0.19749001962989926,0.262,0.1925601750547046,0.034124522040256844,0.17381738173817385,0.17381738173817385,-0.034537601755044056,0.032154183398816705,0.5029999999999999,0.679,0.01545939038182691
FairPCA_AA,0.0,10,0.7987053088952116,0.74,0.5357142857142857,0.0229781401053315,0.10836083608360836,0.10836083608360836,0.0554075784697422,0.046740352370366,0.499,0.6199999999999999,0.018213694012818017
FairPCA_AA,0.03,10,0.7987163369284721,0.74,0.5357142857142857,0.0229781401053315,0.10836083608360836,0.10836083608360836,0.05144437889730036,0.04674035447024427,0.499,0.6199999999999999,0.01821369431581802
FairPCA_AA,0.1,10,0.7987163369284722,0.74,0.5357142857142857,0.0229781401053315,0.10836083608360836,0.10836083608360836,0.050303078438798554,0.04674033994618343,0.499,0.6199999999999999,0.018213705103362857
FairPCA_AA,0.3,10,0.7986611967621694,0.74,0.5357142857142857,0.0229781401053315,0.10836083608360836,0.10836083608360836,0.04967412913626845,0.046738012552138275,0.499,0.624,0.018213663451741365
FairPCA_AA,1.0,10,0.7997970841880059,0.738,0.5371024734982333,0.013996104177187774,0.09845984598459845,0.09845984598459845,0.049749201167726964,0.04645670406941105,0.499,0.628,0.01839634957008849
FairPCA_AA,3.0,10,0.8079578288008116,0.74,0.5390070921985816,0.010064208931534535,0.09845984598459845,0.09845984598459845,0.038577379910250564,0.04684426153118093,0.49800000000000005,0.623,0.020551688993795482
FairPCA_AA,10.0,10,0.8216767021769338,0.752,0.5571428571428572,0.05818483514897915,0.07865786578657863,0.07865786578657863,0.05181295956282017,0.052688436739833255,0.499,0.636,0.030285941466472382
FairPCA_AA,30.0,10,0.8272017468404684,0.764,0.5755395683453237,0.07925113628165353,0.07205720572057206,0.07205720572057206,0.05165977690725021,0.058209326493775415,0.499,0.634,0.0349456435344069
FairPCA_AA,100.0,10,0.8292970731599727,0.76,0.5714285714285714,0.08523916023374933,0.07205720572057206,0.07205720572057206,0.04953022819295361,0.061002764615318616,0.499,0.651,0.03685095301809984
Raw,,11,0.9060632126866495,0.81,0.6822742474916388,0.3044513382872809,0.35533553355335534,0.35533553355335534,,,,,
AA,,11,0.8557643529852885,0.722,0.5971014492753624,0.23475939686891278,0.1522445191973089,0.037953795379537913,0.090796736892098,0.15574999242851972,0.577,0.5800000000000001,0.07884315345550527
FairAA,0.0,11,0.8557643529852885,0.722,0.5971014492753624,0.23475939686891278,0.1522445191973089,0.037953795379537913,0.09079670863377731,0.15575251949864932,0.577,0.5800000000000001,0.07884356776208379
FairAA,0.03,11,0.8552129513222612,0.72,0.5930232558139535,0.2317653848928649,0.1522445191973089,0.028052805280528004,0.09079794024660048,0.15034181032922445,0.5740000000000001,0.573,0.07759645716005002
FairAA,0.1,11,0.8554224839542116,0.718,0.5865102639296188,0.204747132241541,0.1258554692031087,0.008250825082508184,0.09075943204016212,0.12054456157415727,0.561,0.5589999999999999,0.07063991557099306
FairAA,0.3,11,0.8477800569046516,0.702,0.565597667638484,0.13859028930091627,0.058925878668367904,0.021452145214521434,0.09043954489395378,0.05442213529351192,0.502,0.5660000000000001,0.047006346933241065
FairAA,1.0,11,0.8316019321114273,0.692,0.5497076023391813,0.05443330207055769,0.051155115511551164,0.051155115511551164,0.0893970927446941,0.007873872862139919,0.49800000000000005,0.5670000000000001,0.011792876142490815
FairAA,3.0,11,0.8263746443459274,0.688,0.5465116279069767,0.02434889257629319,0.06753856861153001,0.051155115511551164,0.08899430409504994,0.005309533455660098,0.499,0.583,0.0030988070535959184
FairAA,10.0,11,0.7461677584419594,0.758,0.5693950177935944,0.1513599307409278,0.07205720572057206,0.07205720572057206,-0.4640471984698191,0.05174670981420515,0.549,0.5509999999999999,0.062473396554770064
FairAA,30.0,11,0.7461677584419594,0.758,0.5693950177935944,0.1513599307409278,0.07205720572057206,0.07205720572057206,-0.4640471984698191,0.05174670981420515,0.549,0.5509999999999999,0.062473396554770064
FairAA,100.0,11,0.7461677584419594,0.758,0.5693950177935944,0.1513599307409278,0.07205720572057206,0.07205720572057206,-0.4640471984698191,0.05174670981420515,0.549,0.5509999999999999,0.062473396554770064
FairAA_3Moment,0.0,11,0.8557643529852885,0.722,0.5971014492753624,0.23475939686891278,0.1522445191973089,0.037953795379537913,0.09079671005642931,0.15575252882331148,0.577,0.5800000000000001,0.07884356809435183
FairAA_3Moment,0.03,11,0.8446260393921348,0.696,0.5581395348837209,0.11452997619219396,0.034363762904535466,0.031353135313531344,0.0900825123560528,0.03386593437778396,0.5,0.5399999999999999,0.035412152020210586
FairAA_3Moment,0.1,11,0.8369505282427931,0.69,0.5507246376811594,0.09046966308347165,0.041254125412541254,0.041254125412541254,0.08961324269999293,0.01393978563368281,0.49800000000000005,0.5509999999999999,0.01913739117211124
FairAA_3Moment,0.3,11,0.830807913716668,0.686,0.547550432276657,0.0603852535892071,0.041254125412541254,0.041254125412541254,0.08927359130721768,0.007182067115622859,0.49800000000000005,0.572,0.009695148780924567
FairAA_3Moment,1.0,11,0.8282052978671784,0.69,0.5481049562682215,0.03939109732342544,0.051155115511551164,0.051155115511551164,0.08905422215335379,0.005489951722398745,0.49800000000000005,0.579,0.0050894368017935995
FairAA_3Moment,3.0,11,0.8258011866163788,0.736,0.5769230769230769,0.027739701320251053,0.07722421992808257,0.025302530253025313,0.08890620138865579,0.004803039031909373,0.499,0.576,0.0028620486168735018
FairAA_3Moment,10.0,11,0.8177838064359602,0.744,0.5816993464052288,0.17210157997258496,0.08914279085952906,0.030253025302530268,-0.6029245525271711,0.05199699563723714,0.525,0.521,0.05331837774060281
FairAA_3Moment,30.0,11,0.8177838064359602,0.744,0.5816993464052288,0.17210157997258496,0.08914279085952906,0.030253025302530268,-0.6029245525271711,0.05199699563723714,0.525,0.521,0.05331837774060281
FairAA_3Moment,100.0,11,0.8177838064359602,0.744,0.5816993464052288,0.17210157997258496,0.08914279085952906,0.030253025302530268,-0.6029245525271711,0.05199699563723714,0.525,0.521,0.05331837774060281
FairAA_Adv,0.0,11,0.8557643529852885,0.722,0.5971014492753624,0.23475939686891278,0.1522445191973089,0.037953795379537913,0.09079670863377731,0.15575251949864932,0.577,0.5800000000000001,0.07884356776208379
FairAA_Adv,0.03,11,0.8553673437879089,0.72,0.5906432748538012,0.22577736094076906,0.14795267370374668,0.018151815181518094,0.09080188287958169,0.14493642091468806,0.5730000000000001,0.568,0.07660475964139536
FairAA_Adv,0.1,11,0.8550144467235714,0.718,0.5889212827988338,0.21975326455522687,0.14119591694698994,0.018151815181518094,0.09079744846249282,0.137215295266923,0.5710000000000001,0.555,0.07460734796579446
FairAA_Adv,0.3,11,0.8538565032312136,0.714,0.5830903790087464,0.2017170478320467,0.12339055793991416,0.008250825082508184,0.09076664671232548,0.11786546270030474,0.559,0.541,0.06927352813320939
FairAA_Adv,1.0,11,0.849577626326121,0.704,0.5647058823529412,0.15666257845754278,0.08348799443220045,0.031353135313531344,0.09060634715672855,0.07505280163302075,0.523,0.54,0.055179068649380755
FairAA_Adv,3.0,11,0.8407441716844217,0.688,0.5517241379310345,0.09945169901161532,0.031353135313531344,0.031353135313531344,0.09017201195451119,0.032102699700746196,0.499,0.543,0.034372522153371346
FairAA_Adv,10.0,11,0.8284258585323894,0.7,0.5535714285714286,0.02745112185268017,0.06443568031550861,0.06105610561056107,0.08951187548932515,0.010921369388610214,0.499,0.5640000000000001,0.014863137334858606
FairAA_Adv,30.0,11,0.6654976951410486,0.538,0.42962962962962964,0.008585239160233682,0.07590759075907594,0.07590759075907594,0.08910239480839888,0.006628226659277758,0.5,0.6910000000000001,0.0056045000219115395
FairAA_Adv,100.0,11,0.7729548512318314,0.742,0.5473684210526316,0.017026188586682034,0.11950469783087808,0.013201320132013139,0.08896649127287215,0.005649601587628839,0.5,0.74,0.001756490856612225
FairPCA_AA,0.0,11,0.8183682921987693,0.724,0.5843373493975904,0.03351129067166869,0.07667323976336854,0.021452145214521434,0.053823586297030546,0.0050653411622617606,0.5,0.521,0.0037112300596291196
FairPCA_AA,0.03,11,0.8184013762985509,0.724,0.5843373493975904,0.03351129067166869,0.07667323976336854,0.021452145214521434,0.05048008197188858,0.0050623270707276236,0.5,0.5210000000000001,0.003711054887572158
FairPCA_AA,0.1,11,0.8183903482652903,0.724,0.5843373493975904,0.03351129067166869,0.07667323976336854,0.021452145214521434,0.050503785347592145,0.00505804897075901,0.5,0.525,0.0037121150327414838
FairPCA_AA,0.3,11,0.8183021239992061,0.724,0.5843373493975904,0.03351129067166869,0.07667323976336854,0.021452145214521434,0.050542008816183426,0.005062699073718813,0.5,0.518,0.003712551955918879
FairPCA_AA,1.0,11,0.8187873574626701,0.722,0.5800604229607251,0.030517278695620764,0.07667323976336854,0.031353135313531344,0.05130834573890064,0.0049089167824319935,0.5,0.542,0.0035525610239142066
FairPCA_AA,3.0,11,0.8223494122058272,0.722,0.5800604229607251,0.048553495418800996,0.05457603526273053,0.031353135313531344,0.05060430428629714,0.005529385569103318,0.5,0.521,0.0067038094203528045
FairPCA_AA,10.0,11,0.835197070954366,0.734,0.5932721712538226,0.07264988096096964,0.03184085372926576,0.021452145214521434,0.05318755147328036,0.012454224787921686,0.5,0.5840000000000001,0.015963415546245096
FairPCA_AA,30.0,11,0.8387480976642626,0.736,0.5950920245398773,0.06965586898492171,0.03613269922282797,0.021452145214521434,0.0528883568941807,0.016692390515426037,0.5,0.573,0.01968726413094103
FairPCA_AA,100.0,11,0.8398067888572752,0.74,0.5987654320987654,0.08170406175600609,0.022619185709314482,0.021452145214521434,0.0525265896362076,0.01867607778471725,0.5,0.565,0.02110744182284372
Raw,,12,0.8774785504753081,0.782,0.6279863481228669,0.2864872664309934,0.19086908690869087,0.19086908690869087,,,,,
AA,,12,0.8275436158715455,0.736,0.5448275862068965,0.1512517134405887,0.08548892239879363,0.0033003300330032292,0.09624248373444566,0.11324515032529747,0.556,0.607,0.06714195858913752
FairAA,0.0,12,0.8274884757052428,0.736,0.5448275862068965,0.1512517134405887,0.08548892239879363,0.0033003300330032292,0.09624449939821689,0.1132426911843718,0.556,0.607,0.06714166190578698
FairAA,0.03,12,0.8274884757052428,0.736,0.5448275862068965,0.1512517134405887,0.08548892239879363,0.0033003300330032292,0.0962451907498525,0.11190804551931133,0.554,0.599,0.06665346121930041
FairAA,0.1,12,0.8264297845122301,0.734,0.5429553264604811,0.1362095086934565,0.06768356339171791,0.0033003300330032292,0.09619179733900285,0.10103006654932345,0.55,0.592,0.06304560594733961
FairAA,0.3,12,0.8184675444981142,0.732,0.54421768707483,0.08206478609046963,0.1243124312431243,0.1243124312431243,0.09584493707601627,0.053696239850115735,0.506,0.5820000000000001,0.04431179141336077
FairAA,1.0,12,0.7978340942676282,0.722,0.5255972696245734,0.002092201139888894,0.15401540154015403,0.15401540154015403,0.09462997092669789,0.016945150417687627,0.5,0.5850000000000001,0.011674938320425357
FairAA,3.0,12,0.7923200776373541,0.716,0.5202702702702703,0.029182598658105463,0.15401540154015403,0.15401540154015403,0.09408952577237073,0.01653544733681378,0.5,0.5660000000000001,0.002651995363898886
FairAA,10.0,12,0.7346655197512075,0.76,0.48717948717948717,0.10984055984416707,0.05005219812086764,0.040704070407040716,-0.7330667468843062,0.07325392669132191,0.532,0.587,0.06980329151170424
FairAA,30.0,12,0.7346655197512075,0.76,0.48717948717948717,0.10984055984416707,0.05005219812086764,0.040704070407040716,-0.7330667468843062,0.07325392669132191,0.532,0.587,0.06980329151170424
FairAA,100.0,12,0.7346655197512075,0.76,0.48717948717948717,0.10984055984416707,0.05005219812086764,0.040704070407040716,-0.7330667468843062,0.07325392669132191,0.532,0.587,0.06980329151170424
FairAA_3Moment,0.0,12,0.8274884757052428,0.736,0.5448275862068965,0.1512517134405887,0.08548892239879363,0.0033003300330032292,0.09624450091971426,0.11324266512659975,0.556,0.607,0.06714166060018685
FairAA_3Moment,0.03,12,0.8153796951851607,0.734,0.5460750853242321,0.07907077411442176,0.1243124312431243,0.1243124312431243,0.09575011589529736,0.03838150420832831,0.5,0.5810000000000001,0.036566758821888465
FairAA_3Moment,0.1,12,0.8055757736165332,0.722,0.5288135593220339,0.030950147896977143,0.14411441144114412,0.14411441144114412,0.09503708775920894,0.01521885316588889,0.5,0.591,0.018873774914471293
FairAA_3Moment,0.3,12,0.7981980193652265,0.716,0.5234899328859061,0.005158357982829542,0.14411441144114412,0.14411441144114412,0.09443747832878147,0.008532610826072706,0.5,0.5700000000000001,0.00887849887558163
FairAA_3Moment,1.0,12,0.7940955909923024,0.712,0.52,0.017206550753913863,0.14411441144114412,0.14411441144114412,0.09416130296397862,0.006953036235804566,0.5,0.5780000000000001,0.0041182976164624695
FairAA_3Moment,3.0,12,0.7891329760250557,0.712,0.5231788079470199,0.020236635163408123,0.1342134213421342,0.1342134213421342,0.09394494848124246,0.0073288787572524106,0.5,0.593,0.0023891036351780695
FairAA_3Moment,10.0,12,0.7752707382165465,0.734,0.50187265917603,0.11846187143784717,0.07425742574257421,0.07425742574257421,-0.8848161849201412,0.0831753173689847,0.547,0.573,0.06303045712111076
FairAA_3Moment,30.0,12,0.7752707382165465,0.734,0.50187265917603,0.11846187143784717,0.07425742574257421,0.07425742574257421,-0.8848161849201412,0.0831753173689847,0.547,0.573,0.06303045712111076
FairAA_3Moment,100.0,12,0.7752707382165465,0.734,0.50187265917603,0.11846187143784717,0.07425742574257421,0.07425742574257421,-0.8848161849201412,0.0831753173689847,0.547,0.573,0.06303045712111076
FairAA_Adv,0.0,12,0.8274884757052428,0.736,0.5448275862068965,0.1512517134405887,0.08548892239879363,0.0033003300330032292,0.09624449939821689,0.1132426911843718,0.556,0.607,0.06714166190578698
FairAA_Adv,0.03,12,0.8271355786409051,0.736,0.5448275862068965,0.1512517134405887,0.08548892239879363,0.0033003300330032292,0.09620540200392724,0.11009501781652964,0.5559999999999999,0.593,0.06602771920518527
FairAA_Adv,0.1,12,0.826870905842652,0.738,0.5467128027681661,0.14825770146454081,0.08119707690523142,0.0033003300330032292,0.0962080597780286,0.1047686759853873,0.5579999999999999,0.5890000000000001,0.0643115298976386
FairAA_Adv,0.3,12,0.8250181962548798,0.734,0.5429553264604811,0.1362095086934565,0.06768356339171791,0.0033003300330032292,0.09617799221772116,0.09167990274607962,0.539,0.591,0.059907489191036126
FairAA_Adv,1.0,12,0.8203974503187103,0.728,0.5342465753424658,0.11214919558473418,0.04312144762788539,0.013201320132013139,0.09602136682813345,0.06252985087646501,0.5210000000000001,0.554,0.0483823194307559
FairAA_Adv,3.0,12,0.8116742760096165,0.73,0.5392491467576792,0.07005266575283164,0.1342134213421342,0.1342134213421342,0.09557105683521294,0.032155343382431534,0.5,0.534,0.031041629596474347
FairAA_Adv,10.0,12,0.7975583934361146,0.708,0.5197368421052632,0.0037876055118677976,0.1342134213421342,0.1342134213421342,0.09479741979000988,0.0176832034631631,0.5,0.5509999999999999,0.013572111935234433
FairAA_Adv,30.0,12,0.2590043891572377,0.324,0.1875,0.08660991270471108,0.16816494606194177,0.1243124312431243,0.09425725593387246,0.016265675569777094,0.5,0.602,0.005251975309873204
FairAA_Adv,100.0,12,0.30868567899600785,0.384,0.2182741116751269,0.056814082678017463,0.11181997448091863,0.09845984598459845,0.09385702996785006,0.016361299674132135,0.5,0.6559999999999999,0.001658575555233134
FairPCA_AA,0.0,12,0.7615077527073821,0.708,0.496551724137931,0.08321910396075322,0.17173181765456444,0.0726072607260726,0.08243189360418957,0.06883089382443669,0.5,0.611,0.02275184653768314
FairPCA_AA,0.03,12,0.7614415845078188,0.708,0.496551724137931,0.08321910396075322,0.17173181765456444,0.0726072607260726,0.07487598418459995,0.06883093021084474,0.5,0.608,0.022749689694031423
FairPCA_AA,0.1,12,0.7614746686076006,0.708,0.496551724137931,0.08321910396075322,0.17173181765456444,0.0726072607260726,0.07415250497902004,0.06881935806879269,0.5,0.6130000000000001,0.022772349797122036
FairPCA_AA,0.3,12,0.7614636405743399,0.708,0.496551724137931,0.08321910396075322,0.17173181765456444,0.0726072607260726,0.0730605273126379,0.06882790422044605,0.5,0.616,0.02274891665711269
FairPCA_AA,1.0,12,0.7624341075012682,0.708,0.496551724137931,0.0742009955991631,0.16068321540424546,0.0726072607260726,0.07380897378352713,0.06792908811164816,0.5,0.5980000000000001,0.02298376860783361
FairPCA_AA,3.0,12,0.76991111405192,0.712,0.503448275862069,0.05616477887598298,0.14287785639716968,0.06270627062706269,0.07689229458791835,0.06210364320796846,0.5,0.582,0.023956404622268196
FairPCA_AA,10.0,12,0.7835197070954366,0.7,0.4966442953020134,0.0038597503787605736,0.0686405289409581,0.05280528052805278,0.07645192827300229,0.05889161883670391,0.5,0.532,0.028436814388456598
FairPCA_AA,30.0,12,0.7904011998500187,0.698,0.4983388704318937,0.030878003030084422,0.04290429042904287,0.04290429042904287,0.07639221883840408,0.06047790347394644,0.5,0.543,0.03330428251540825
FairPCA_AA,100.0,12,0.7926068065021284,0.706,0.5116279069767442,0.03989611139167448,0.08855885588558854,0.08855885588558854,0.07786098235347583,0.06175689778359306,0.5,0.541,0.03537277660275563
Raw,,13,0.8994243366637994,0.822,0.7003367003367004,0.3525719645047255,0.2442244224422443,0.2442244224422443,,,,,
AA,,13,0.8226471691038622,0.724,0.5792682926829268,0.23796984344563882,0.1551155115511551,0.1551155115511551,0.09158197051406847,0.13994723450714763,0.5439999999999999,0.6890000000000002,0.06759381126086761
FairAA,0.0,13,0.8226251130373409,0.724,0.5792682926829268,0.23796984344563882,0.1551155115511551,0.1551155115511551,0.09158194402941167,0.13994758710735344,0.5439999999999999,0.6890000000000002,0.0675938231090484
FairAA,0.03,13,0.8227795055029886,0.722,0.5775075987841946,0.24096385542168675,0.1551155115511551,0.1551155115511551,0.09156752984359806,0.14019444098719758,0.5449999999999999,0.6940000000000002,0.06730543150761002
FairAA,0.1,13,0.8213238051125962,0.724,0.5818181818181818,0.23493975903614456,0.15105556199976802,0.09955995599559953,0.09160200319208378,0.12136317360056281,0.5309999999999999,0.673,0.06264172976063279
FairAA,0.3,13,0.8103619400516111,0.722,0.5749235474006116,0.19890339802323065,0.12466651200556778,0.014301430143014326,0.09138140048061227,0.05082486761604965,0.503,0.647,0.04004544299290123
FairAA,1.0,13,0.7951211980855335,0.722,0.5442622950819672,0.04285405093427602,0.16006600660066006,0.16006600660066006,0.09051564898793363,0.007243470082160086,0.5,0.634,0.008433640874642706
FairAA,3.0,13,0.7891219479917952,0.718,0.5436893203883495,0.00973955703051732,0.21562156215621553,0.21562156215621553,0.09015669414702554,0.005118598733887758,0.5,0.635,0.0014496196417384546
FairAA,10.0,13,0.7265378592381835,0.75,0.47257383966244726,0.055695837241180296,0.1655665566556656,0.1655665566556656,-1.0123035123415942,0.040535335152727336,0.522,0.615,0.05286768233015562
FairAA,30.0,13,0.7265378592381835,0.75,0.47257383966244726,0.055695837241180296,0.1655665566556656,0.1655665566556656,-1.0123035123415942,0.040535335152727336,0.522,0.615,0.05286768233015562
FairAA,100.0,13,0.7265378592381835,0.75,0.47257383966244726,0.055695837241180296,0.1655665566556656,0.1655665566556656,-1.0123035123415942,0.040535335152727336,0.522,0.615,0.05286768233015562
FairAA_3Moment,0.0,13,0.8226251130373409,0.724,0.5792682926829268,0.23796984344563882,0.1551155115511551,0.1551155115511551,0.09158194583080048,0.13994750796140765,0.5439999999999999,0.6890000000000002,0.06759380759347813
FairAA_3Moment,0.03,13,0.8081563333995014,0.722,0.5696594427244582,0.177909241757449,0.10503421876812433,0.005500550055005493,0.09116762966504954,0.034724725065938045,0.5,0.641,0.0320426857447792
FairAA_3Moment,0.1,13,0.7998522243543087,0.734,0.5667752442996743,0.08491450833273217,0.05500550055005504,0.05500550055005504,0.09059540305515867,0.013896118417964343,0.5,0.607,0.016147671580121224
FairAA_3Moment,0.3,13,0.6287412602836411,0.764,0.11940298507462686,0.03589207127912849,0.07920792079207921,0.07920792079207921,-0.14554278812024246,2.6194042986686012,0.9960000000000001,0.9960000000000001,0.3976047904191617
FairAA_3Moment,1.0,13,0.7883058735305145,0.708,0.532051282051282,0.018721592958660993,0.09460946094609457,0.09460946094609457,0.08992600722392019,0.004364395467075233,0.5,0.636,0.0027690919081580336
FairAA_3Moment,3.0,13,0.7867950329738196,0.7,0.5341614906832298,0.03964360435754993,0.06490649064906495,0.06490649064906495,0.08979281239660863,0.003967629368750281,0.5,0.6739999999999999,0.0012102566788569562
FairAA_3Moment,10.0,13,0.796499702243102,0.728,0.5641025641025641,0.271228627083183,0.3476347634763477,0.3476347634763477,-1.6756475275560865,0.07533492327723634,0.526,0.569,0.0669359055219607
FairAA_3Moment,30.0,13,0.796499702243102,0.728,0.5641025641025641,0.271228627083183,0.3476347634763477,0.3476347634763477,-1.6756475275560865,0.07533492327723634,0.526,0.569,0.0669359055219607
FairAA_3Moment,100.0,13,0.796499702243102,0.728,0.5641025641025641,0.271228627083183,0.3476347634763477,0.3476347634763477,-1.6756475275560865,0.07533492327723634,0.526,0.569,0.0669359055219607
FairAA_Adv,0.0,13,0.8226251130373409,0.724,0.5792682926829268,0.23796984344563882,0.1551155115511551,0.1551155115511551,0.09158194402941167,0.13994758710735344,0.5439999999999999,0.6890000000000002,0.0675938231090484
FairAA_Adv,0.03,13,0.8234411874986215,0.722,0.5775075987841946,0.259000072144867,0.173152766500406,0.1551155115511551,0.0914979983284947,0.14892726228898578,0.545,0.683,0.06816484956187703
FairAA_Adv,0.1,13,0.8225479168045171,0.722,0.5800604229607251,0.23793377101219243,0.15534740749333023,0.09955995599559953,0.09148684407449492,0.14156545673471854,0.539,0.674,0.0663419888557022
FairAA_Adv,0.3,13,0.8211473565804274,0.722,0.5825825825825826,0.2258855782411081,0.14859065073657346,0.044004400440043945,0.0914669679816813,0.12120577303203706,0.522,0.675,0.06132288639949488
FairAA_Adv,1.0,13,0.8134939014976068,0.722,0.5825825825825826,0.21686746987951805,0.1375420484862545,0.044004400440043945,0.09134189747271348,0.07623070974743618,0.507,0.6799999999999999,0.04829500842329013
FairAA_Adv,3.0,13,0.806193343479124,0.712,0.5662650602409639,0.17780102445710988,0.10193133047210301,0.014301430143014326,0.09097629135700636,0.033113744247506904,0.5,0.6279999999999999,0.029742469692639485
FairAA_Adv,10.0,13,0.7957387679481241,0.702,0.5239616613418531,0.03975182165788904,0.03905390539053899,0.03905390539053899,0.09037701760765493,0.011763412499875003,0.5,0.622,0.012543858424600356
FairAA_Adv,30.0,13,0.7015814199695626,0.716,0.5103448275862069,0.043034413101507796,0.18371837183718376,0.18371837183718376,0.08997135120529276,0.006863056716882809,0.5,0.658,0.004701449751175335
FairAA_Adv,100.0,13,0.7398486953836653,0.732,0.5144927536231884,0.019154462160017316,0.147964796479648,0.147964796479648,0.08985943591691936,0.005769376066578569,0.5,0.663,0.0014601533180167538
FairPCA_AA,0.0,13,0.7658748538785594,0.734,0.5333333333333333,0.055118678306038504,0.16391639163916394,0.16391639163916394,0.10648766548624655,0.05137252053852304,0.503,0.6369999999999999,0.020962266919173893
FairPCA_AA,0.03,13,0.7658748538785594,0.734,0.5333333333333333,0.055118678306038504,0.16391639163916394,0.16391639163916394,0.09466171872815521,0.051370874033572544,0.503,0.635,0.020964266443205308
FairPCA_AA,0.1,13,0.7658748538785594,0.734,0.5333333333333333,0.055118678306038504,0.16391639163916394,0.16391639163916394,0.0919368525032156,0.05137645224126364,0.503,0.634,0.020964191705188196
FairPCA_AA,0.3,13,0.7659189660116014,0.734,0.5333333333333333,0.055118678306038504,0.16391639163916394,0.16391639163916394,0.09124374033445315,0.05138898502741107,0.503,0.635,0.020973642910568586
FairPCA_AA,1.0,13,0.7736165332274643,0.744,0.539568345323741,0.07023302792006353,0.17381738173817385,0.17381738173817385,0.09691701463634039,0.05801970637155773,0.503,0.634,0.02619903589451026
FairPCA_AA,3.0,13,0.7725798981009726,0.73,0.5195729537366548,0.07019695548661714,0.12816281628162818,0.12816281628162818,0.10216262050933744,0.0506467921961723,0.5,0.6460000000000001,0.02169864549077956
FairPCA_AA,10.0,13,0.7788438209929642,0.736,0.5448275862068965,0.08812495490945815,0.06875687568756872,0.06875687568756872,0.07401403654909389,0.02591770076697042,0.5,0.635,0.022784986315384975
FairPCA_AA,30.0,13,0.7804539138490042,0.738,0.5403508771929825,0.09119111175239886,0.08855885588558854,0.08855885588558854,0.08615988952963438,0.021419572616757976,0.495,0.653,0.01800298003037517
FairPCA_AA,100.0,13,0.7890337237257108,0.73,0.5392491467576792,0.09710699083760188,0.1342134213421342,0.1342134213421342,0.0972026668175785,0.027005292785679536,0.5,0.591,0.021090397456770032
Raw,,14,0.9260460089547631,0.844,0.723404255319149,0.2535531346944665,0.28987898789878985,0.28987898789878985,,,,,
AA,,14,0.8631421072365955,0.77,0.6075085324232082,0.16023374936873241,0.16116611661166114,0.16116611661166114,0.07866828439555773,0.13115234367762563,0.5,0.5860000000000001,0.05864608650997498
FairAA,0.0,14,0.8631421072365955,0.77,0.6075085324232082,0.16023374936873241,0.16116611661166114,0.16116611661166114,0.07866732713123203,0.13120169599870313,0.5,0.591,0.05865807979680793
FairAA,0.03,14,0.8630318269039899,0.768,0.6054421768707483,0.15420965298319025,0.16116611661166114,0.16116611661166114,0.07860766300960076,0.1277616283066837,0.5,0.595,0.05785413025686683
FairAA,0.1,14,0.8625465934405258,0.762,0.5993265993265994,0.13613736382656372,0.16116611661166114,0.16116611661166114,0.07857155616221467,0.10985067840678941,0.5,0.602,0.05331319672792689
FairAA,0.3,14,0.8546615496592336,0.756,0.5960264900662252,0.07896255681408265,0.025302530253025313,0.025302530253025313,0.07827595144270738,0.0441566014657494,0.5,0.54,0.03227675965021697
FairAA,1.0,14,0.8284038024658683,0.738,0.5589225589225589,0.0008657384027126458,0.10051038162626144,0.02915291529152919,0.07753639840456017,0.005251103820008374,0.5,0.5189999999999999,0.004997799636045944
FairAA,3.0,14,0.8288449237962902,0.712,0.558282208588957,0.020525214630979005,0.12086764876464451,0.08085808580858089,0.07743839528073315,0.004244312057393951,0.5,0.588,0.0015575931479330338
FairAA,10.0,14,0.7631950417962461,0.752,0.4959349593495935,0.016557246951879406,0.11606160616061612,0.11606160616061612,-0.5779085333697598,0.04434460382551808,0.5,0.608,0.041564317398379284
FairAA,30.0,14,0.7631950417962461,0.752,0.4959349593495935,0.016557246951879406,0.11606160616061612,0.11606160616061612,-0.5779085333697598,0.04434460382551808,0.5,0.608,0.041564317398379284
FairAA,100.0,14,0.7631950417962461,0.752,0.4959349593495935,0.016557246951879406,0.11606160616061612,0.11606160616061612,-0.5779085333697598,0.04434460382551808,0.5,0.608,0.041564317398379284
FairAA_3Moment,0.0,14,0.8631641633031165,0.77,0.6075085324232082,0.16023374936873241,0.16116611661166114,0.16116611661166114,0.07866732887488692,0.13120170521901175,0.5,0.591,0.058658083397874816
FairAA_3Moment,0.03,14,0.8502393083217539,0.752,0.5894039735099338,0.06092634009090253,0.03851061361790978,0.03520352035203522,0.07812081707017449,0.022764792308236803,0.5,0.56,0.021693549341952837
FairAA_3Moment,0.1,14,0.8289552041288956,0.736,0.5570469798657718,0.0038597503787605736,0.0962185361326992,0.02915291529152919,0.07767423545080543,0.004266841822653911,0.5,0.529,0.00478815355037257
FairAA_3Moment,0.3,14,0.8277421204702353,0.736,0.5540540540540541,0.0021282735733352265,0.10051038162626144,0.03905390539053899,0.07760892609132186,0.0033438663621155884,0.5,0.541,0.002377569207111309
FairAA_3Moment,1.0,14,0.8270142702750393,0.734,0.5521885521885522,0.0008657384027126458,0.0962185361326992,0.03905390539053899,0.07755024541840916,0.0027887414312247616,0.5,0.627,0.002416683520729829
FairAA_3Moment,3.0,14,0.8327929597035665,0.706,0.5637982195845698,0.014645407979222258,0.11292193481034685,0.10671067106710663,0.07744294913080418,0.0023371029827337075,0.5,0.564,0.002038050817627517
FairAA_3Moment,10.0,14,0.8262423079468009,0.792,0.5968992248062015,0.037407113483875654,0.0653636469087113,0.02310231023102305,-0.5127142493929844,0.07483890711312635,0.5,0.5130000000000001,0.052513650536136235
FairAA_3Moment,30.0,14,0.8262423079468009,0.792,0.5968992248062015,0.037407113483875654,0.0653636469087113,0.02310231023102305,-0.5127142493929844,0.07483890711312635,0.5,0.5130000000000001,0.052513650536136235
FairAA_3Moment,100.0,14,0.8262423079468009,0.792,0.5968992248062015,0.037407113483875654,0.0653636469087113,0.02310231023102305,-0.5127142493929844,0.07483890711312635,0.5,0.5130000000000001,0.052513650536136235
FairAA_Adv,0.0,14,0.8631421072365955,0.77,0.6075085324232082,0.16023374936873241,0.16116611661166114,0.16116611661166114,0.07866732713123203,0.13120169599870313,0.5,0.591,0.05865807979680793
FairAA_Adv,0.03,14,0.8633516398685458,0.77,0.6075085324232082,0.16023374936873241,0.16116611661166114,0.16116611661166114,0.0786307524998564,0.1284180493202164,0.5,0.5900000000000001,0.05797290686451624
FairAA_Adv,0.1,14,0.8628333223053001,0.766,0.6033898305084746,0.1481855565976481,0.16116611661166114,0.16116611661166114,0.07861260671479375,0.12253780249558166,0.5,0.601,0.056531568711996924
FairAA_Adv,0.3,14,0.8622598645757515,0.762,0.5993265993265994,0.13613736382656372,0.16116611661166114,0.16116611661166114,0.07858867804905756,0.10799279825620656,0.5,0.55,0.05272055197532719
FairAA_Adv,1.0,14,0.8591058470632348,0.762,0.5966101694915255,0.12113123151287786,0.15126512651265123,0.15126512651265123,0.0784865724667061,0.07367327040969007,0.5,0.526,0.042519257851024006
FairAA_Adv,3.0,14,0.8526654756390745,0.754,0.5886287625418061,0.06096241252434892,0.04510451045104513,0.04510451045104513,0.0781474961930495,0.03441017469964591,0.5,0.5349999999999999,0.027197882292614085
FairAA_Adv,10.0,14,0.8430490306358764,0.78,0.5769230769230769,0.03437702907438134,0.07029346943510034,0.02255225522552251,0.07764598008597756,0.010810420909508012,0.5,0.58,0.011643162890206595
FairAA_Adv,30.0,14,0.16237676172831342,0.562,0.03524229074889868,0.02575571748070124,0.08174805706994548,0.039603960396039604,0.07734001575669502,0.005693735045817383,0.5,0.6639999999999999,0.004152587438406678
FairAA_Adv,100.0,14,0.4541123536028585,0.534,0.3003003003003003,0.47839261236563013,0.5049878204384642,0.49504950495049505,-0.04822086140966797,0.34785993452356045,0.631,0.851,0.07703486144460824
FairPCA_AA,0.0,14,0.8150598822206048,0.746,0.5723905723905723,0.07127912849000795,0.20572057205720562,0.20572057205720562,0.07699331727685388,0.009052205912905453,0.5,0.647,0.013459339534998999
FairPCA_AA,0.03,14,0.8151260504201682,0.748,0.5743243243243243,0.07427314046605588,0.20572057205720562,0.20572057205720562,0.06919778592518377,0.008957855617460542,0.5,0.638,0.01342186122285981
FairPCA_AA,0.1,14,0.8150378261540837,0.748,0.5743243243243243,0.07427314046605588,0.20572057205720562,0.20572057205720562,0.06937499605340391,0.008992345869532348,0.5,0.638,0.013444031119124494
FairPCA_AA,0.3,14,0.8149937140210415,0.748,0.5743243243243243,0.07427314046605588,0.20572057205720562,0.20572057205720562,0.0687237919375091,0.009032445034935388,0.5,0.633,0.013462694851134393
FairPCA_AA,1.0,14,0.8156553960166744,0.748,0.5743243243243243,0.07427314046605588,0.20572057205720562,0.20572057205720562,0.070087334054034,0.008385509252060941,0.5,0.602,0.013105463111092156
FairPCA_AA,3.0,14,0.8169125918083769,0.736,0.5448275862068965,0.05616477887598298,0.1465317248579051,0.1342134213421342,0.07496028400609589,0.01651688417003827,0.5,0.586,0.012058857257592821
FairPCA_AA,10.0,14,0.8200886653874148,0.738,0.552901023890785,0.02914652622465913,0.13119127711402392,0.0489548954895489,0.06182085843284846,0.012944255461123877,0.5,0.555,0.008683335710434427
FairPCA_AA,30.0,14,0.8253380092194358,0.74,0.5517241379310345,0.011074237068032622,0.11767776360051038,0.0066006600660066805,0.06172734324660789,0.01374839290428842,0.5,0.631,0.009456546062091759
FairPCA_AA,100.0,14,0.8289110919958533,0.742,0.5627118644067797,0.003895822812206906,0.10909407261338591,0.0363036303630363,0.05725004674795542,0.014572652950092468,0.499,0.629,0.011927757487961085
Raw,,15,0.8957850856878184,0.826,0.6947368421052632,0.32566192915374076,0.2601760176017601,0.2601760176017601,,,,,
AA,,15,0.8499636074902401,0.772,0.6013986013986014,0.17534809898275736,0.09352163322120405,0.0005500550055005382,0.064681110530029,0.08052959998564213,0.546,0.582,0.05772433344937722
FairAA,0.0,15,0.8499305233904585,0.772,0.6013986013986014,0.17534809898275736,0.09352163322120405,0.0005500550055005382,0.06468111053002845,0.08052960081813221,0.546,0.582,0.05772433276117005
FairAA,0.03,15,0.8661196762169435,0.788,0.6267605633802817,0.23248683356179206,0.13835401925530683,0.09570957095709576,0.06455441533765371,0.19597619897690588,0.577,0.6199999999999999,0.08368243012402227
FairAA,0.1,15,0.8645978076269878,0.784,0.6223776223776224,0.21142053242911768,0.1137919034914743,0.09570957095709576,0.06458929168445149,0.17917726383352578,0.561,0.622,0.0796902995931987
FairAA,0.3,15,0.856657623679393,0.778,0.6105263157894737,0.1633359786451194,0.07388933998376057,0.010451045104510448,0.06430308966875642,0.09701194312044081,0.524,0.6,0.057617053365096406
FairAA,1.0,15,0.8331899689009462,0.75,0.5674740484429066,0.031022292763869863,0.23542354235423535,0.23542354235423535,0.06216611862102339,0.010006565831096492,0.5,0.5479999999999999,0.011794581663057871
FairAA,3.0,15,0.8296609982575707,0.744,0.5586206896551724,0.029110453791212743,0.24532453245324526,0.24532453245324526,0.0615732494606811,0.007927825914903819,0.5,0.5660000000000001,0.002666472516559524
FairAA,10.0,15,0.7756456913474051,0.744,0.5114503816793893,0.08545559483442752,0.05665566556655666,0.05665566556655666,-0.35635477601583054,0.08234990701102474,0.5319999999999999,0.56,0.07391616844133737
FairAA,30.0,15,0.7756456913474051,0.744,0.5114503816793893,0.08545559483442752,0.05665566556655666,0.05665566556655666,-0.35635477601583054,0.08234990701102474,0.5319999999999999,0.56,0.07391616844133737
FairAA,100.0,15,0.7756456913474051,0.744,0.5114503816793893,0.08545559483442752,0.05665566556655666,0.05665566556655666,-0.35635477601583054,0.08234990701102474,0.5319999999999999,0.56,0.07391616844133737
FairAA_3Moment,0.0,15,0.8499305233904585,0.772,0.6013986013986014,0.17534809898275736,0.09352163322120405,0.0005500550055005382,0.06468111178857561,0.0805295972824237,0.546,0.582,0.057724333087529424
FairAA_3Moment,0.03,15,0.8393766955601139,0.756,0.5673758865248227,0.10926340090902537,0.05885588558855881,0.05885588558855881,0.06437445635647854,0.02872780406193942,0.49800000000000005,0.548,0.03349476412574322
FairAA_3Moment,0.1,15,0.8298815589227817,0.748,0.5531914893617021,0.06417285910107495,0.14411441144114412,0.14411441144114412,0.06387060867588434,0.009482063991160916,0.5,0.561,0.018503745193132755
FairAA_3Moment,0.3,15,0.8237058602968748,0.744,0.5460992907801419,0.037118534016304716,0.21947194719471952,0.21947194719471952,0.06348169561810713,0.003406812282653382,0.5,0.5470000000000002,0.009581650267115084
FairAA_3Moment,1.0,15,0.8202651139195836,0.746,0.5480427046263345,0.007070196955486663,0.21947194719471952,0.21947194719471952,0.0632329617467361,0.0017737791589595986,0.5,0.526,0.0046252145885061074
FairAA_3Moment,3.0,15,0.8165155826109971,0.75,0.5454545454545454,0.0018757665392107326,0.23927392739273934,0.23927392739273934,0.0630280695342833,0.0014255696845943966,0.5,0.5730000000000001,0.0027199834736978635
FairAA_3Moment,10.0,15,0.8182138997331216,0.76,0.5348837209302325,0.09151576365341604,0.10231023102310233,0.10231023102310233,-0.40448644835535386,0.049225896293097704,0.5200000000000001,0.542,0.04844206380119297
FairAA_3Moment,30.0,15,0.8182138997331216,0.76,0.5348837209302325,0.09151576365341604,0.10231023102310233,0.10231023102310233,-0.40448644835535386,0.049225896293097704,0.5200000000000001,0.542,0.04844206380119297
FairAA_3Moment,100.0,15,0.8182138997331216,0.76,0.5348837209302325,0.09151576365341604,0.10231023102310233,0.10231023102310233,-0.40448644835535386,0.049225896293097704,0.5200000000000001,0.542,0.04844206380119297
FairAA_Adv,0.0,15,0.8499305233904585,0.772,0.6013986013986014,0.17534809898275736,0.09352163322120405,0.0005500550055005382,0.06468111053002845,0.08052960081813221,0.546,0.582,0.05772433276117005
FairAA_Adv,0.03,15,0.8657226670195637,0.788,0.6267605633802817,0.23248683356179206,0.13835401925530683,0.09570957095709576,0.06461233413394318,0.19661520030926893,0.576,0.632,0.08385285025293124
FairAA_Adv,0.1,15,0.8640905180970025,0.788,0.6267605633802817,0.22346872520020203,0.12730541700498782,0.09570957095709576,0.06545771346249041,0.1929731969616456,0.568,0.603,0.08357348553312584
FairAA_Adv,0.3,15,0.86202827587728,0.78,0.6206896551724138,0.20536036361012916,0.10561056105610567,0.10561056105610567,0.06566951340068727,0.1665950411984869,0.5509999999999999,0.5820000000000001,0.07798660557222228
FairAA_Adv,1.0,15,0.8582677165354331,0.772,0.5957446808510638,0.1814082678017459,0.09598654448439856,0.04620462046204621,0.06550501987448043,0.1152370713781945,0.531,0.587,0.06462911887580039
FairAA_Adv,3.0,15,0.8487174397317983,0.78,0.60431654676259,0.12434167808960392,0.08470847084708477,0.08470847084708477,0.06481430078532047,0.0518733695407787,0.503,0.547,0.042555755671804675
FairAA_Adv,10.0,15,0.8363880985465052,0.728,0.577639751552795,0.03964360435754993,0.12651265126512645,0.12651265126512645,0.06352792972160515,0.015021446995120757,0.5,0.578,0.018616241130956685
FairAA_Adv,30.0,15,0.8048920355543792,0.754,0.5020242914979757,0.00447298174734867,0.17161716171617158,0.17161716171617158,0.06260480470204088,0.008786202593539016,0.5,0.6529999999999999,0.006962967719893391
FairAA_Adv,100.0,15,0.6684532080548755,0.422,0.41140529531568226,0.7620662289878075,0.9345434543454345,0.9345434543454345,-0.21996802142972594,2.104665922135577,0.961,0.97,0.20013120266604761
FairPCA_AA,0.0,15,0.7997640000882242,0.748,0.5625,0.037046389149411996,0.11441144114411439,0.11441144114411439,0.06327412225824935,0.022089937738476118,0.5,0.595,0.01761324132038636
FairPCA_AA,0.03,15,0.7997640000882242,0.748,0.5625,0.037046389149411996,0.11441144114411439,0.11441144114411439,0.06133663257044575,0.02212429411597261,0.5,0.595,0.01762699539387472
FairPCA_AA,0.1,15,0.7998081122212664,0.748,0.5625,0.037046389149411996,0.11441144114411439,0.11441144114411439,0.060998140780003984,0.02209116204952477,0.5,0.595,0.017618281070593607
FairPCA_AA,0.3,15,0.7997640000882242,0.748,0.5625,0.037046389149411996,0.11441144114411439,0.11441144114411439,0.06036722765893876,0.02209339150870726,0.5,0.5900000000000001,0.017618188491635316
FairPCA_AA,1.0,15,0.8009439996471029,0.748,0.5625,0.037046389149411996,0.11441144114411439,0.11441144114411439,0.06024926103801398,0.022188377803479042,0.5,0.5900000000000001,0.01807068965264471
FairPCA_AA,3.0,15,0.8265952050111384,0.776,0.6028368794326241,0.10024529254743525,0.07480748074807486,0.07480748074807486,0.04763979013976971,0.036551789970720505,0.5,0.628,0.03026178787255842
FairPCA_AA,10.0,15,0.821378945278899,0.756,0.5704225352112676,0.06114277469158069,0.11441144114411439,0.11441144114411439,0.060703444741980195,0.030752256432013958,0.5,0.556,0.029006342999247103
FairPCA_AA,30.0,15,0.8277090363704537,0.762,0.5795053003533569,0.085203087800303,0.10451045104510448,0.10451045104510448,-0.1056561403825802,0.03583071488358336,0.5,0.564,0.03193152560079524
FairPCA_AA,100.0,15,0.8278082886697987,0.756,0.5734265734265734,0.09418512372844673,0.10451045104510448,0.10451045104510448,0.032197112876479084,0.03686424152894752,0.499,0.531,0.0336199374942117
Raw,,16,0.8877787335406603,0.814,0.6736842105263158,0.31664382079215064,0.2304730473047304,0.2304730473047304,,,,,
AA,,16,0.8477580008381307,0.746,0.5780730897009967,0.20222206190029582,0.14255886788075628,0.05500550055005504,0.07070686811723736,0.13000909755182755,0.548,0.528,0.06973993194142965
FairAA,0.0,16,0.8478351970709544,0.746,0.5780730897009967,0.20222206190029582,0.14255886788075628,0.05500550055005504,0.07071034341795657,0.1299485839182336,0.548,0.5329999999999999,0.06970006037141403
FairAA,0.03,16,0.8478682811707361,0.746,0.5780730897009967,0.20222206190029582,0.14255886788075628,0.05500550055005504,0.07071174512943468,0.1285193048731076,0.548,0.5210000000000001,0.06917558522894582
FairAA,0.1,16,0.8460045435497033,0.74,0.5723684210526315,0.1841497727436693,0.12228859761048602,0.05500550055005504,0.07058022062714142,0.1138382746299571,0.542,0.522,0.06447488943148208
FairAA,0.3,16,0.8380202474690664,0.738,0.5676567656765676,0.12704711059808094,0.19581958195819582,0.19581958195819582,0.07013357321868074,0.05918130964172286,0.5130000000000001,0.526,0.044104981849705016
FairAA,1.0,16,0.8192505348596131,0.734,0.5639344262295082,0.04285405093427602,0.2612761276127612,0.2612761276127612,0.0686635959938422,0.008522265128301232,0.5,0.526,0.009741320188677982
FairAA,3.0,16,0.8135269855973886,0.734,0.5639344262295082,0.0248178342110959,0.2612761276127612,0.2612761276127612,0.06820144157666408,0.006145282804151608,0.5,0.516,0.001763753916000943
FairAA,10.0,16,0.7609784071108758,0.726,0.5124555160142349,0.1513599307409278,0.11005103816262612,0.0726072607260726,-0.6968373619573593,0.06907321693629997,0.528,0.5690000000000001,0.052050997110938246
FairAA,30.0,16,0.7609784071108758,0.726,0.5124555160142349,0.1513599307409278,0.11005103816262612,0.0726072607260726,-0.6968373619573593,0.06907321693629997,0.528,0.5690000000000001,0.052050997110938246
FairAA,100.0,16,0.7609784071108758,0.726,0.5124555160142349,0.1513599307409278,0.11005103816262612,0.0726072607260726,-0.6968373619573593,0.06907321693629997,0.528,0.5690000000000001,0.052050997110938246
FairAA_3Moment,0.0,16,0.8478351970709543,0.746,0.5780730897009967,0.20222206190029582,0.14255886788075628,0.05500550055005504,0.07071034471455395,0.12994859631807743,0.548,0.5329999999999999,0.06970005858668753
FairAA_3Moment,0.03,16,0.8353073512869715,0.734,0.5639344262295082,0.1059808094654065,0.19581958195819582,0.19581958195819582,0.07000905853276862,0.04273790213794926,0.506,0.526,0.035845726366334915
FairAA_3Moment,0.1,16,0.8257570744833366,0.738,0.5704918032786885,0.06089026765745614,0.2513751375137514,0.2513751375137514,0.06913519126412282,0.015569318129192045,0.5,0.548,0.01748517845215908
FairAA_3Moment,0.3,16,0.8191402545270077,0.736,0.5657894736842105,0.03986003895822815,0.2612761276127612,0.2612761276127612,0.06861909304815728,0.007503551506662376,0.5,0.527,0.007891064217713378
FairAA_3Moment,1.0,16,0.8156995081497166,0.74,0.5695364238410596,0.033872015006132294,0.2612761276127612,0.2612761276127612,0.06833799592896572,0.005366435035459083,0.5,0.5370000000000001,0.0031745016081631645
FairAA_3Moment,3.0,16,0.8125013785041576,0.774,0.5860805860805861,0.007863790491306533,0.32068206820682066,0.32068206820682066,0.06811443790124294,0.005516491887257002,0.5,0.598,0.0016447995795110808
FairAA_3Moment,10.0,16,0.7931140960321136,0.714,0.5217391304347826,0.15114349614024963,0.095261570583459,0.013201320132013139,-0.6879041812237943,0.09542823966923464,0.5479999999999999,0.5539999999999999,0.06573979327906077
FairAA_3Moment,30.0,16,0.7931140960321136,0.714,0.5217391304347826,0.15114349614024963,0.095261570583459,0.013201320132013139,-0.6879041812237943,0.09542823966923464,0.5479999999999999,0.5539999999999999,0.06573979327906077
FairAA_3Moment,100.0,16,0.7931140960321136,0.714,0.5217391304347826,0.15114349614024963,0.095261570583459,0.013201320132013139,-0.6879041812237943,0.09542823966923464,0.5479999999999999,0.5539999999999999,0.06573979327906077
FairAA_Adv,0.0,16,0.8478351970709544,0.746,0.5780730897009967,0.20222206190029582,0.14255886788075628,0.05500550055005504,0.07071034341795657,0.1299485839182336,0.548,0.5329999999999999,0.06970006037141403
FairAA_Adv,0.03,16,0.8479234213370387,0.746,0.5780730897009967,0.20222206190029582,0.14255886788075628,0.05500550055005504,0.07070568269212074,0.1267519789982373,0.543,0.5109999999999999,0.06853238536916717
FairAA_Adv,0.1,16,0.8475705242727012,0.742,0.5742574257425742,0.19017386912921147,0.12904535436724276,0.05500550055005504,0.07070734627866382,0.12153305975508055,0.543,0.523,0.06694939316999142
FairAA_Adv,0.3,16,0.8457729548512318,0.74,0.5723684210526315,0.1841497727436693,0.12228859761048602,0.05500550055005504,0.07067045388581794,0.10754114935965453,0.541,0.526,0.06250108462613443
FairAA_Adv,1.0,16,0.8416264143452657,0.74,0.5723684210526315,0.14807733929730899,0.1859185918591859,0.1859185918591859,0.07048314244448195,0.07479951175751143,0.528,0.548,0.05065620323959917
FairAA_Adv,3.0,16,0.8333112772668122,0.738,0.5704918032786885,0.0969627011038165,0.2513751375137514,0.2513751375137514,0.06993802317394493,0.03674909395979997,0.5,0.518,0.03245437556977915
FairAA_Adv,10.0,16,0.8229559540351574,0.736,0.5686274509803921,0.07290238799509413,0.2513751375137514,0.2513751375137514,0.06902093967724876,0.013208129232633259,0.5,0.528,0.014163533221482588
FairAA_Adv,30.0,16,0.7874787710359734,0.694,0.5321100917431193,0.0005050140682490434,0.3168316831683168,0.3168316831683168,0.0683603929108384,0.007945813419423242,0.5,0.548,0.005362147005196644
FairAA_Adv,100.0,16,0.8032268025320364,0.776,0.5882352941176471,0.01987591082894452,0.25522552255225517,0.25522552255225517,0.06797972974949529,0.006720093436058949,0.5,0.594,0.0017057455384859675
FairPCA_AA,0.0,16,0.7605372857804538,0.72,0.5333333333333333,0.08199264122357697,0.05885588558855881,0.05885588558855881,0.05061913619886538,0.03281890552319566,0.5,0.609,0.026190697683101106
FairPCA_AA,0.03,16,0.7604270054478484,0.722,0.5351170568561873,0.07899862924752904,0.05885588558855881,0.05885588558855881,0.03514175753104931,0.03277845928474288,0.5,0.616,0.026142100191665497
FairPCA_AA,0.1,16,0.7605813979134961,0.72,0.5333333333333333,0.08199264122357697,0.05885588558855881,0.05885588558855881,0.033710084890207326,0.03280725859474676,0.5,0.619,0.026190134470603855
FairPCA_AA,0.3,16,0.7606255100465382,0.72,0.5333333333333333,0.08199264122357697,0.05885588558855881,0.05885588558855881,0.03452793465441528,0.03275653009180979,0.5,0.617,0.026145394818818744
FairPCA_AA,1.0,16,0.7622135468360572,0.72,0.5333333333333333,0.08199264122357697,0.05885588558855881,0.05885588558855881,0.034964194113381364,0.03309214414219164,0.5,0.614,0.02660259209150473
FairPCA_AA,3.0,16,0.7706058801473344,0.716,0.5266666666666666,0.09101074958516697,0.06875687568756872,0.06875687568756872,0.03750766210836898,0.03812812082901573,0.5,0.618,0.03026827165153336
FairPCA_AA,10.0,16,0.7866406405081717,0.726,0.5448504983388704,0.0940047615612149,0.03905390539053899,0.03905390539053899,0.03573259796164874,0.0521931335655762,0.5,0.616,0.037071197009617946
FairPCA_AA,30.0,16,0.7965989545424468,0.724,0.543046357615894,0.12405309862203301,0.05782391833893977,0.03905390539053899,0.024847347013875032,0.061407176718620504,0.5,0.563,0.04022942034573012
FairPCA_AA,100.0,16,0.800061756986259,0.724,0.543046357615894,0.12405309862203301,0.05782391833893977,0.03905390539053899,0.0376762142090612,0.06582966400014323,0.5,0.5559999999999999,0.04154027669341268
Raw,,17,0.8915944330488101,0.82,0.6785714285714286,0.292655652550321,0.1838243823222364,0.1551155115511551,,,,,
AA,,17,0.8467213657116391,0.758,0.6276923076923077,0.31916889113339586,0.22442244224422447,0.22442244224422447,0.07929219304797619,0.2585512260150321,0.506,0.534,0.07376416483011486
FairAA,0.0,17,0.8468978142438077,0.756,0.6257668711656442,0.32216290310944373,0.22442244224422447,0.22442244224422447,0.07928004530842447,0.25843022930962045,0.506,0.544,0.07374472586901545
FairAA,0.03,17,0.8462471602814354,0.76,0.6273291925465838,0.31018685520525213,0.21452145214521456,0.21452145214521456,0.07924355745608214,0.2556365465322147,0.506,0.538,0.0729376792485809
FairAA,0.1,17,0.8367409956108428,0.746,0.6068111455108359,0.30416275881971,0.2502750275027502,0.2502750275027502,0.07754302198289109,0.21271488920930326,0.49800000000000005,0.5360000000000001,0.06500380062911092
FairAA,0.3,17,0.8281611857341362,0.726,0.5934718100890207,0.1927710843373494,0.20462046204620465,0.20462046204620465,0.07645251535944542,0.09466717456011065,0.5,0.568,0.03582354226940322
FairAA,1.0,17,0.810880257614857,0.71,0.577259475218659,0.10251785585455597,0.12926292629262925,0.12926292629262925,0.0754586584090422,0.019196479984712855,0.5,0.6020000000000001,0.007816658722253437
FairAA,3.0,17,0.8063477359447715,0.692,0.5574712643678161,0.05436115720366491,0.10946094609460943,0.10946094609460943,0.0752109241926393,0.014817352003055895,0.5,0.667,0.0019283007763844229
FairAA,10.0,17,0.769690553386709,0.75,0.558303886925795,0.20243849650097395,0.12761276127612764,0.12761276127612764,-0.7744247761692469,0.0800344058046275,0.504,0.534,0.06397301453328016
FairAA,30.0,17,0.769690553386709,0.75,0.558303886925795,0.20243849650097395,0.12761276127612764,0.12761276127612764,-0.7744247761692469,0.0800344058046275,0.504,0.534,0.06397301453328016
FairAA,100.0,17,0.769690553386709,0.75,0.558303886925795,0.20243849650097395,0.12761276127612764,0.12761276127612764,-0.7744247761692469,0.0800344058046275,0.504,0.534,0.06397301453328016
FairAA_3Moment,0.0,17,0.8468978142438077,0.756,0.6257668711656442,0.32216290310944373,0.22442244224422447,0.22442244224422447,0.07928004659778454,0.2584301982555849,0.506,0.544,0.07374473252096975
FairAA_3Moment,0.03,17,0.8259224949822449,0.72,0.5808383233532934,0.12968039823966526,0.044004400440043945,0.044004400440043945,0.07777775169732892,0.037438677836901246,0.5,0.562,0.024093645583749202
FairAA_3Moment,0.1,17,0.8138467985619445,0.706,0.5611940298507463,0.060529543322992596,0.03987356455167612,0.014301430143014326,0.0773877056776322,0.012667829514683926,0.5,0.5650000000000001,0.011207744691919486
FairAA_3Moment,0.3,17,0.8090165199938244,0.7,0.5588235294117647,0.04844527811846189,0.055851989328384144,0.024202420242024236,0.07713278998698847,0.006854735738590967,0.5,0.564,0.005302244049257278
FairAA_3Moment,1.0,17,0.8108692295815965,0.704,0.5542168674698795,0.03351129067166869,0.06626261454587634,0.005500550055005493,0.07698305167706065,0.005994403467220688,0.5,0.597,0.002704022763196971
FairAA_3Moment,3.0,17,0.8074725953373476,0.762,0.5608856088560885,0.004184402279777788,0.09845984598459845,0.09845984598459845,0.07687759668263927,0.004547109824930784,0.5,0.5890000000000001,0.0011880361401672764
FairAA_3Moment,10.0,17,0.7783365314629789,0.754,0.5527272727272727,0.22357694250054108,0.15552140122955577,0.09790979097909791,-0.3652160137566578,0.10042247937518745,0.5,0.5189999999999999,0.06327242111108315
FairAA_3Moment,30.0,17,0.7783365314629789,0.754,0.5527272727272727,0.22357694250054108,0.15552140122955577,0.09790979097909791,-0.3652160137566578,0.10042247937518745,0.5,0.5189999999999999,0.06327242111108315
FairAA_3Moment,100.0,17,0.7783365314629789,0.754,0.5527272727272727,0.22357694250054108,0.15552140122955577,0.09790979097909791,-0.3652160137566578,0.10042247937518745,0.5,0.5189999999999999,0.06327242111108315
FairAA_Adv,0.0,17,0.8468978142438077,0.756,0.6257668711656442,0.32216290310944373,0.22442244224422447,0.22442244224422447,0.07928004530842447,0.25843022930962045,0.506,0.544,0.07374472586901545
FairAA_Adv,0.03,17,0.8326826793709611,0.744,0.6024844720496895,0.3192049635668422,0.2403740374037403,0.2403740374037403,0.07722418853241009,0.25269806875390066,0.5080000000000001,0.5559999999999999,0.07394411223170656
FairAA_Adv,0.1,17,0.8411080967820199,0.754,0.616822429906542,0.30719284322920426,0.3256325632563256,0.3256325632563256,0.07742119622487675,0.23898098368904963,0.511,0.604,0.06685955869729879
FairAA_Adv,0.3,17,0.8397406206577119,0.752,0.6149068322981367,0.29215063848207196,0.3256325632563256,0.3256325632563256,0.07741259359663544,0.21752300037181338,0.49800000000000005,0.608,0.06264028250872906
FairAA_Adv,1.0,17,0.8361454818147731,0.744,0.6097560975609756,0.256006060168819,0.27007700770077003,0.27007700770077003,0.07731429821420588,0.16119876931851018,0.49800000000000005,0.605,0.050773903104113546
FairAA_Adv,3.0,17,0.831998941308807,0.754,0.5967213114754099,0.19616189308130727,0.18096809680968096,0.18096809680968096,0.07700152439509489,0.09000349016675846,0.5,0.663,0.03271965175757748
FairAA_Adv,10.0,17,0.8255144577516046,0.726,0.5594855305466238,0.08787244787533366,0.010451045104510448,0.010451045104510448,0.07617361055492289,0.03287303062609703,0.5,0.6960000000000001,0.013448988847323883
FairAA_Adv,30.0,17,0.19548291757647943,0.536,0.01694915254237288,0.0166293918187721,0.09581255074817308,0.04565456545654565,0.07580084090539074,0.020372702043951696,0.5,0.751,0.005346802991026229
FairAA_Adv,100.0,17,0.6815324555018858,0.754,0.08888888888888889,0.0028136498088161058,0.006050605060506045,0.006050605060506045,0.07561357397737956,0.0162622192632097,0.5,0.861,0.0015740965939971866
FairPCA_AA,0.0,17,0.8263305322128852,0.722,0.5559105431309904,0.06680614674265928,0.07590759075907594,0.07590759075907594,0.07892610924767607,0.0342205860077186,0.5,0.521,0.025019955829238483
FairPCA_AA,0.03,17,0.8269260460089547,0.722,0.5587301587301587,0.06377606233316496,0.08580858085808585,0.08580858085808585,0.076183445547917,0.03434694676901984,0.5,0.527,0.02526099234161691
FairPCA_AA,0.1,17,0.8269481020754759,0.722,0.5587301587301587,0.06377606233316496,0.08580858085808585,0.08580858085808585,0.07630558668681975,0.034348543367698325,0.5,0.523,0.02530631877981048
FairPCA_AA,0.3,17,0.8269481020754759,0.722,0.5587301587301587,0.06377606233316496,0.08580858085808585,0.08580858085808585,0.07548504766597208,0.034365278004331645,0.5,0.522,0.02527974363564326
FairPCA_AA,1.0,17,0.828139129667615,0.722,0.5587301587301587,0.06377606233316496,0.08580858085808585,0.08580858085808585,0.07500902971099499,0.03438386202415267,0.5,0.5280000000000001,0.02629393124784183
FairPCA_AA,3.0,17,0.826749597476786,0.726,0.5623003194888179,0.07582425510424934,0.08580858085808585,0.08580858085808585,0.05914380779591144,0.02519426985098372,0.5,0.575,0.02226301475739696
FairPCA_AA,10.0,17,0.8358366968834778,0.75,0.5874587458745875,0.11802900223649088,0.09570957095709576,0.09570957095709576,0.07413010511770945,0.04126344388259995,0.49499999999999994,0.531,0.03225360607672743
FairPCA_AA,30.0,17,0.8384613687994883,0.758,0.5953177257525084,0.1240891710554794,0.09570957095709576,0.09570957095709576,0.07495933455357062,0.045172621994666984,0.499,0.533,0.03511934295712368
FairPCA_AA,100.0,17,0.8378437989368976,0.754,0.5802047781569966,0.1421975326455523,0.187018701870187,0.187018701870187,0.07721567319083378,0.045083928897497905,0.49800000000000005,0.547,0.03580149322735349
Raw,,18,0.8850437812920444,0.798,0.6644518272425249,0.29240314551619656,0.19725089896763717,0.07370737073707367,,,,,
AA,,18,0.8387260415977413,0.758,0.5724381625441696,0.1573479546930236,0.17986798679867988,0.17986798679867988,0.05671570753810917,0.12034217652198775,0.579,0.5889999999999999,0.06756340061192112
FairAA,0.0,18,0.8388363219303469,0.758,0.5724381625441696,0.1573479546930236,0.17986798679867988,0.17986798679867988,0.05671570753803268,0.12034217973653405,0.579,0.5889999999999999,0.06756340208497941
FairAA,0.03,18,0.8390348265290369,0.758,0.5724381625441696,0.16636606305461368,0.17986798679867988,0.17986798679867988,0.05659777427604451,0.11771803225793542,0.575,0.6090000000000001,0.06590302095648651
FairAA,0.1,18,0.837149032841483,0.754,0.5714285714285714,0.15128778587403505,0.16996699669966997,0.16996699669966997,0.05661432062399374,0.10725497049482313,0.558,0.5970000000000001,0.06266840847387797
FairAA,0.3,18,0.8285251108317343,0.748,0.5625,0.11820936440372265,0.24532453245324526,0.24532453245324526,0.05640138085625046,0.060240053380988035,0.504,0.61,0.045487649944706235
FairAA,1.0,18,0.8046163347228655,0.738,0.552901023890785,0.024962123944881287,0.24532453245324526,0.24532453245324526,0.05496029580173156,0.009525720992220377,0.5,0.594,0.011334697965721587
FairAA,3.0,18,0.7968084871743973,0.73,0.5454545454545454,0.0008657384027126458,0.24532453245324526,0.24532453245324526,0.05427863709846659,0.006789159683497026,0.5,0.558,0.0017221976725581196
FairAA,10.0,18,0.7903460596837161,0.796,0.5526315789473685,0.10991270471105982,0.042744461199396816,0.030803080308030806,-0.9145875459030484,0.0729680223738346,0.554,0.5890000000000001,0.05997221049098959
FairAA,30.0,18,0.7903460596837161,0.796,0.5526315789473685,0.10991270471105982,0.042744461199396816,0.030803080308030806,-0.9145875459030484,0.0729680223738346,0.554,0.5890000000000001,0.05997221049098959
FairAA,100.0,18,0.7903460596837161,0.796,0.5526315789473685,0.10991270471105982,0.042744461199396816,0.030803080308030806,-0.9145875459030484,0.0729680223738346,0.554,0.5890000000000001,0.05997221049098959
FairAA_3Moment,0.0,18,0.8387260415977413,0.758,0.5724381625441696,0.1573479546930236,0.17986798679867988,0.17986798679867988,0.05671570883993915,0.12034215912935964,0.579,0.5889999999999999,0.0675633932193094
FairAA_3Moment,0.03,18,0.8244447385253313,0.742,0.5567010309278351,0.10013707524709614,0.24532453245324526,0.24532453245324526,0.05623072769092352,0.04112990148138229,0.5,0.622,0.037586017093900984
FairAA_3Moment,0.1,18,0.8135600696971702,0.736,0.5510204081632653,0.05501046100569945,0.24532453245324526,0.24532453245324526,0.05538278757252235,0.012939341207948707,0.5,0.6680000000000001,0.018844815579978597
FairAA_3Moment,0.3,18,0.8037120359955006,0.734,0.5491525423728814,0.0399682562585672,0.24532453245324526,0.24532453245324526,0.05473661267937857,0.003840386452781952,0.5,0.6309999999999999,0.008004655369472658
FairAA_3Moment,1.0,18,0.800161009285604,0.734,0.5491525423728814,0.030950147896977143,0.24532453245324526,0.24532453245324526,0.05435696751247976,0.0021937006837851047,0.5,0.6209999999999999,0.00293245618545962
FairAA_3Moment,3.0,18,0.7962901696111516,0.752,0.5474452554744526,0.0041483298463314555,0.3047304730473047,0.3047304730473047,0.05411357332900668,0.002212369230921163,0.5,0.648,0.001326948632247249
FairAA_3Moment,10.0,18,0.79706213193939,0.788,0.5826771653543307,0.09757593247240459,0.11826182618261827,0.11826182618261827,-1.2893351375337514,0.06985221221344551,0.5640000000000001,0.601,0.06012432437704178
FairAA_3Moment,30.0,18,0.79706213193939,0.788,0.5826771653543307,0.09757593247240459,0.11826182618261827,0.11826182618261827,-1.2893351375337514,0.06985221221344551,0.5640000000000001,0.601,0.06012432437704178
FairAA_3Moment,100.0,18,0.79706213193939,0.788,0.5826771653543307,0.09757593247240459,0.11826182618261827,0.11826182618261827,-1.2893351375337514,0.06985221221344551,0.5640000000000001,0.601,0.06012432437704178
FairAA_Adv,0.0,18,0.8388363219303469,0.758,0.5724381625441696,0.1573479546930236,0.17986798679867988,0.17986798679867988,0.05671570753803268,0.12034217973653405,0.579,0.5889999999999999,0.06756340208497941
FairAA_Adv,0.03,18,0.8388583779968681,0.756,0.5704225352112676,0.16034196666907152,0.17986798679867988,0.17986798679867988,0.05660082804612543,0.11656804484213446,0.575,0.607,0.06558877707545412
FairAA_Adv,0.1,18,0.8385275369990516,0.756,0.5704225352112676,0.16034196666907152,0.17986798679867988,0.17986798679867988,0.05661842729843303,0.11204264049021351,0.569,0.5860000000000001,0.06414318979927633
FairAA_Adv,0.3,18,0.8365424910121529,0.75,0.5644599303135889,0.14226967751244501,0.17986798679867988,0.17986798679867988,0.05660941515089013,0.10033749823275451,0.5549999999999999,0.578,0.06042747507325484
FairAA_Adv,1.0,18,0.8316019321114272,0.75,0.5614035087719298,0.12726354519875913,0.1897689768976898,0.1897689768976898,0.056485471734748605,0.07148050652273397,0.511,0.5920000000000001,0.05021681956907613
FairAA_Adv,3.0,18,0.8222942720395245,0.74,0.5547945205479452,0.08509487049996395,0.24532453245324526,0.24532453245324526,0.056016210590181914,0.03568640011971458,0.5,0.566,0.03356166859996497
FairAA_Adv,10.0,18,0.8094576413242462,0.724,0.54,0.03690209941562661,0.24532453245324526,0.24532453245324526,0.055110553050165545,0.012814779925081843,0.5,0.5559999999999999,0.015016631929514374
FairAA_Adv,30.0,18,0.4850349588654359,0.468,0.23121387283236994,0.04180795036433155,0.06215621562156215,0.06215621562156215,0.05451388532137402,0.007878804826861874,0.5,0.5700000000000001,0.005667891214002974
FairAA_Adv,100.0,18,0.5708992258320651,0.24,0.3851132686084142,0.0029940119760478723,0.0042918454935622075,0.0,-0.672139889117638,3.3381805140889136,0.9200000000000002,0.925,0.0951667463041409
FairPCA_AA,0.0,18,0.7960696089459406,0.704,0.5099337748344371,0.0022004184402280025,0.3503850385038504,0.3503850385038504,0.0659840080725429,0.05670606625534913,0.5,0.6679999999999999,0.03446217793034264
FairPCA_AA,0.03,18,0.7960696089459406,0.704,0.5099337748344371,0.0022004184402280025,0.3503850385038504,0.3503850385038504,0.0587844744173428,0.05672221841059133,0.5,0.672,0.034457300143165726
FairPCA_AA,0.1,18,0.7960696089459406,0.704,0.5099337748344371,0.0022004184402280025,0.3503850385038504,0.3503850385038504,0.05822374499825311,0.05669477479877583,0.5,0.6689999999999999,0.03445875948029389
FairPCA_AA,0.3,18,0.7961798892785461,0.704,0.5099337748344371,0.0022004184402280025,0.3503850385038504,0.3503850385038504,0.056838730256105974,0.056385949519087375,0.5,0.648,0.03430556792362388
FairPCA_AA,1.0,18,0.7963342817441937,0.704,0.5099337748344371,0.0022004184402280025,0.3503850385038504,0.3503850385038504,0.05648423110730583,0.05617899942614746,0.5,0.6719999999999999,0.03483264032400092
FairPCA_AA,3.0,18,0.803017269900086,0.712,0.52,0.03690209941562661,0.3404840484048405,0.3404840484048405,0.04949474359559347,0.06023846132559585,0.5,0.6839999999999999,0.03959320382139513
FairPCA_AA,10.0,18,0.8122146496393834,0.722,0.5351170568561873,0.06096241252434892,0.32068206820682066,0.32068206820682066,0.05170775134836736,0.06811007858019058,0.504,0.6359999999999999,0.04572448988811514
FairPCA_AA,30.0,18,0.8147510972893094,0.73,0.532871972318339,0.08513094293341028,0.21947194719471952,0.21947194719471952,0.06563508996926093,0.07062869104917124,0.505,0.633,0.04772449997189358
FairPCA_AA,100.0,18,0.8212576369130329,0.748,0.5625,0.08213693095736235,0.17986798679867988,0.17986798679867988,0.04261795397578305,0.06860888991055036,0.5,0.5960000000000001,0.03503344178330503
Raw,,19,0.8901828447914598,0.804,0.6573426573426573,0.29258350768342833,0.21067106710671057,0.21067106710671057,,,,,
AA,,19,0.8484307108670239,0.76,0.6026490066225165,0.2322703989611139,0.18096809680968096,0.18096809680968096,0.09256935068171379,0.25624758391978775,0.5599999999999999,0.698,0.08058481761410888
FairAA,0.0,19,0.8484307108670239,0.76,0.6026490066225165,0.2322703989611139,0.18096809680968096,0.18096809680968096,0.09256935068170968,0.2562475653371873,0.5599999999999999,0.698,0.0805848177376134
FairAA,0.03,19,0.8484968790665873,0.76,0.6026490066225165,0.2322703989611139,0.18096809680968096,0.18096809680968096,0.09256921926117356,0.2535009169132406,0.5589999999999999,0.6990000000000001,0.0801377032016063
FairAA,0.1,19,0.8478131410044333,0.762,0.6046511627906976,0.22025827862347594,0.18096809680968096,0.18096809680968096,0.09255882706116825,0.22888119641053606,0.5509999999999999,0.688,0.07588548273317608
FairAA,0.3,19,0.8271576347074262,0.728,0.5555555555555556,0.11799292980304449,0.1215621562156215,0.1215621562156215,0.09471105804188418,0.0631201984217511,0.5,0.659,0.036284302390392674
FairAA,1.0,19,0.8102847438187875,0.726,0.5478547854785478,0.009811701897409986,0.09685651316552607,0.0363036303630363,0.09426250543061765,0.010632926456175196,0.5,0.666,0.008673712668362563
FairAA,3.0,19,0.8107148371159487,0.72,0.5512820512820513,0.0006853762354808168,0.1042512469551096,0.0005500550055005382,0.09389718442315254,0.008010626181708558,0.5,0.8859999999999999,0.002800243843677854
FairAA,10.0,19,0.7542402787886808,0.644,0.5364583333333334,0.15312747997979947,0.1688668866886689,0.1688668866886689,-0.5258998769276553,0.042431890540962636,0.532,0.643,0.05277501724458315
FairAA,30.0,19,0.7542402787886808,0.644,0.5364583333333334,0.15312747997979947,0.1688668866886689,0.1688668866886689,-0.5258998769276553,0.042431890540962636,0.532,0.643,0.05277501724458315
FairAA,100.0,19,0.7542402787886808,0.644,0.5364583333333334,0.15312747997979947,0.1688668866886689,0.1688668866886689,-0.5258998769276553,0.042431890540962636,0.532,0.643,0.05277501724458315
FairAA_3Moment,0.0,19,0.8484307108670239,0.76,0.6026490066225165,0.2322703989611139,0.18096809680968096,0.18096809680968096,0.0925693522506339,0.256247713852619,0.5599999999999999,0.698,0.08058482405863505
FairAA_3Moment,0.03,19,0.8197688524228588,0.72,0.5454545454545454,0.08790852030878005,0.11166116611661159,0.11166116611661159,0.09426737173178579,0.02827825361112446,0.5,0.695,0.023346944956494663
FairAA_3Moment,0.1,19,0.8144312843247534,0.722,0.5442622950819672,0.0248178342110959,0.07722421992808257,0.0363036303630363,0.09395496356849542,0.012429435387319776,0.5,0.656,0.011376416420187229
FairAA_3Moment,0.3,19,0.8128873596682769,0.728,0.5526315789473685,0.0037876055118677976,0.09685651316552607,0.01925192519251928,0.09375948626359676,0.008867784339449458,0.5,0.6679999999999999,0.005922527483460921
FairAA_3Moment,1.0,19,0.8137916583956416,0.728,0.5555555555555556,0.008260587259216523,0.10361326992228281,0.07480748074807486,0.09363703869138618,0.007610287390884651,0.5,0.6679999999999999,0.0032772981955213804
FairAA_3Moment,3.0,19,0.8159531529147092,0.69,0.5427728613569321,0.009378832696053663,0.08041410509221669,0.07095709570957098,0.09348585321828029,0.008543227151497579,0.5,0.752,0.002404560712177436
FairAA_3Moment,10.0,19,0.8151481064866891,0.754,0.5461254612546126,0.14847413606521898,0.07810781078107809,0.07810781078107809,-0.5176103928889191,0.0454370891171999,0.5,0.588,0.03873329150451985
FairAA_3Moment,30.0,19,0.8151481064866891,0.754,0.5461254612546126,0.14847413606521898,0.07810781078107809,0.07810781078107809,-0.5176103928889191,0.0454370891171999,0.5,0.588,0.03873329150451985
FairAA_3Moment,100.0,19,0.8151481064866891,0.754,0.5461254612546126,0.14847413606521898,0.07810781078107809,0.07810781078107809,-0.5176103928889191,0.0454370891171999,0.5,0.588,0.03873329150451985
FairAA_Adv,0.0,19,0.8484307108670239,0.76,0.6026490066225165,0.2322703989611139,0.18096809680968096,0.18096809680968096,0.09256935068170968,0.2562475653371873,0.5599999999999999,0.698,0.0805848177376134
FairAA_Adv,0.03,19,0.8453208054875494,0.758,0.5980066445182725,0.22025827862347594,0.17106710671067105,0.17106710671067105,0.09483874467102582,0.20325469843127641,0.524,0.6759999999999999,0.06937698693321999
FairAA_Adv,0.1,19,0.8448135159575642,0.758,0.5980066445182725,0.22025827862347594,0.17106710671067105,0.17106710671067105,0.09484476629988947,0.1947213998395828,0.515,0.679,0.06785839940686819
FairAA_Adv,0.3,19,0.8438761331304174,0.748,0.5855263157894737,0.19316788110525934,0.16116611661166114,0.16116611661166114,0.09485401186397135,0.17171129414296238,0.5,0.6880000000000001,0.06354852510812399
FairAA_Adv,1.0,19,0.8400935177220495,0.738,0.5732899022801303,0.16607748358704277,0.15126512651265123,0.15126512651265123,0.09483303453884695,0.11734390560687613,0.5,0.673,0.05182771413738001
FairAA_Adv,3.0,19,0.8342376320606983,0.726,0.573208722741433,0.11781256763581271,0.05995599559956,0.05995599559956,0.09464424037355135,0.05390841781749911,0.5,0.652,0.03337403069436458
FairAA_Adv,10.0,19,0.8247314673901056,0.712,0.5555555555555556,0.05464973667123585,0.03677067625565483,0.025302530253025313,0.09431810755641101,0.01652397975817621,0.5,0.754,0.014404279663785343
FairAA_Adv,30.0,19,0.19379562848761553,0.738,0.043795620437956206,0.008801673760911913,0.0297029702970297,0.0297029702970297,0.09450006758777063,0.009013122737498325,0.5,0.908,0.005383652454958082
FairAA_Adv,100.0,19,0.5492401685083483,0.48,0.43231441048034935,0.7985354592020778,0.8090708734485559,0.7183718371837183,-0.32908025587360146,2.6215087274599993,0.9109999999999999,0.942,0.16057821608509254
FairPCA_AA,0.0,19,0.8331568848011645,0.766,0.6006825938566553,0.106125099199192,0.020352035203520358,0.020352035203520358,0.08654365412719434,0.06776240911511489,0.499,0.636,0.0322129568925212
FairPCA_AA,0.03,19,0.8331789408676856,0.766,0.6006825938566553,0.106125099199192,0.020352035203520358,0.020352035203520358,0.0778018740931955,0.06776592593815478,0.499,0.635,0.03221277971633828
FairPCA_AA,0.1,19,0.8331568848011646,0.766,0.6006825938566553,0.106125099199192,0.020352035203520358,0.020352035203520358,0.07678490768215385,0.06778167128785573,0.499,0.638,0.03221084492379041
FairPCA_AA,0.3,19,0.8332230530007277,0.766,0.6006825938566553,0.106125099199192,0.020352035203520358,0.020352035203520358,0.07657222697488153,0.06779651232691153,0.499,0.628,0.032214077593175405
FairPCA_AA,1.0,19,0.7327466419638722,0.654,0.5154061624649859,0.11737969843445634,0.052082125043498406,0.005500550055005493,0.038173411657869916,0.17038969371474033,0.5,0.6940000000000002,0.030845351618900306
FairPCA_AA,3.0,19,0.8366196872449767,0.762,0.5910652920962199,0.10013707524709614,0.004494838185825301,0.0005500550055005382,0.04862489056145569,0.06595565795372627,0.502,0.614,0.03685367572316805
FairPCA_AA,10.0,19,0.8337854826970158,0.762,0.6020066889632107,0.11507106269388928,0.04015401540154018,0.04015401540154018,0.04385753037212892,0.06247112367345464,0.509,0.559,0.03842691613678884
FairPCA_AA,30.0,19,0.8180043671011712,0.742,0.5714285714285714,0.10302286992280496,0.1969196919691969,0.1969196919691969,0.1157370894895905,0.0433105198410767,0.499,0.6430000000000001,0.030884385341031228
FairPCA_AA,100.0,19,0.8125675467037209,0.744,0.5789473684210527,0.10298679748935863,0.15126512651265123,0.15126512651265123,0.08537719609812555,0.045589419538804465,0.5,0.6889999999999998,0.03315207529071178
Raw,,20,0.8975936831425484,0.822,0.6855123674911661,0.31065579684005484,0.3058305830583058,0.3058305830583058,,,,,
AA,,20,0.8567017358124352,0.754,0.5993485342019544,0.17509559194863283,0.1254125412541255,0.1254125412541255,0.08896095377685398,0.14049347437432713,0.5,0.643,0.06247977747243307
FairAA,0.0,20,0.856536315313527,0.754,0.5993485342019544,0.17509559194863283,0.1254125412541255,0.1254125412541255,0.08896804261708169,0.14049637550470406,0.5,0.64,0.062481419098166624
FairAA,0.03,20,0.8561393061161472,0.754,0.5993485342019544,0.17509559194863283,0.1254125412541255,0.1254125412541255,0.08904580858576139,0.13711937858032852,0.49800000000000005,0.6459999999999999,0.061746190704866255
FairAA,0.1,20,0.8535146342001367,0.74,0.577922077922078,0.14201717047832046,0.09570957095709576,0.09570957095709576,0.08959965514501789,0.11614500219345081,0.49800000000000005,0.603,0.05685229173470339
FairAA,0.3,20,0.8447032356249586,0.73,0.5686900958466453,0.0848423634658394,0.030253025302530268,0.030253025302530268,0.08957571632358663,0.04380949725908334,0.49800000000000005,0.5820000000000001,0.03452784693755
FairAA,1.0,20,0.8289662321621561,0.716,0.5506329113924051,0.023411009306687824,0.12452151722537988,0.05500550055005504,0.08899091229614686,0.006291887544244035,0.49800000000000005,0.61,0.007114969811780544
FairAA,3.0,20,0.8262974481131036,0.714,0.5488958990536278,0.029435105692230012,0.13127827398213662,0.05500550055005504,0.08883247004098915,0.005231479506258241,0.5,0.5609999999999999,0.0019862360445451347
FairAA,10.0,20,0.7995544674562738,0.758,0.5567765567765568,0.1183897265709545,0.04750028998956038,0.03300330033003296,-1.0860861909984907,0.0574738764648175,0.503,0.6190000000000001,0.05777604201260085
FairAA,30.0,20,0.7995544674562738,0.758,0.5567765567765568,0.1183897265709545,0.04750028998956038,0.03300330033003296,-1.0860861909984907,0.0574738764648175,0.503,0.6190000000000001,0.05777604201260085
FairAA,100.0,20,0.7995544674562738,0.758,0.5567765567765568,0.1183897265709545,0.04750028998956038,0.03300330033003296,-1.0860861909984907,0.0574738764648175,0.503,0.6190000000000001,0.05777604201260085
FairAA_3Moment,0.0,20,0.8567017358124352,0.754,0.5993485342019544,0.17509559194863283,0.1254125412541255,0.1254125412541255,0.08896804413900672,0.14049633091663538,0.5,0.64,0.06248142113711412
FairAA_3Moment,0.03,20,0.8424314607732857,0.718,0.5579937304075235,0.03967967679099632,0.05393805822990372,0.03520352035203522,0.08877697023479914,0.022286753482854693,0.49800000000000005,0.576,0.024124297261694717
FairAA_3Moment,0.1,20,0.8346236132248175,0.71,0.5482866043613707,0.009595267296731824,0.08525693075049301,0.04510451045104513,0.08855636029745595,0.0057244161625973344,0.49800000000000005,0.627,0.010377835431237263
FairAA_3Moment,0.3,20,0.8310836145481815,0.71,0.5482866043613707,0.008440949426448296,0.10735413525113097,0.04510451045104513,0.08835685078692868,0.0031347939876272823,0.49800000000000005,0.625,0.0049791949776168696
FairAA_3Moment,1.0,20,0.8292639890601909,0.708,0.5408805031446541,0.017422985354592024,0.11164598074469317,0.06490649064906495,0.08825485198463545,0.0032215022427621864,0.499,0.6239999999999999,0.0026180047084041628
FairAA_3Moment,3.0,20,0.8271245506076446,0.724,0.543046357615894,0.038272851886588244,0.13000231991648298,0.10451045104510448,0.0881104805363292,0.0038172496071308126,0.5,0.578,0.001716133560973531
FairAA_3Moment,10.0,20,0.8316681003109906,0.784,0.5748031496062992,0.10659404083399468,0.13366336633663367,0.13366336633663367,-0.7695926422391828,0.05507570202817502,0.516,0.528,0.04963426066399898
FairAA_3Moment,30.0,20,0.8316681003109906,0.784,0.5748031496062992,0.10659404083399468,0.13366336633663367,0.13366336633663367,-0.7695926422391828,0.05507570202817502,0.516,0.528,0.04963426066399898
FairAA_3Moment,100.0,20,0.8316681003109906,0.784,0.5748031496062992,0.10659404083399468,0.13366336633663367,0.13366336633663367,-0.7695926422391828,0.05507570202817502,0.516,0.528,0.04963426066399898
FairAA_Adv,0.0,20,0.856536315313527,0.754,0.5993485342019544,0.17509559194863283,0.1254125412541255,0.1254125412541255,0.08896804261708169,0.14049637550470406,0.5,0.64,0.062481419098166624
FairAA_Adv,0.03,20,0.8558084651183309,0.752,0.5947712418300654,0.17210157997258496,0.11551155115511558,0.11551155115511558,0.08955888346509189,0.13556259071257426,0.49800000000000005,0.619,0.06144890567955066
FairAA_Adv,0.1,20,0.8549923906570502,0.748,0.5909090909090909,0.16005338720150064,0.11551155115511558,0.11551155115511558,0.08956386836751618,0.1297344150185229,0.496,0.6119999999999999,0.060103524957594766
FairAA_Adv,0.3,20,0.8539778115970798,0.74,0.5806451612903226,0.1389870860688262,0.10561056105610567,0.10561056105610567,0.08956528336901093,0.11456897181092562,0.49800000000000005,0.6049999999999999,0.0564279341887461
FairAA_Adv,1.0,20,0.851264915414985,0.736,0.5714285714285714,0.12398095375514029,0.08580858085808585,0.08580858085808585,0.08951044939970698,0.0785861476588181,0.49800000000000005,0.5790000000000001,0.046433320180545815
FairAA_Adv,3.0,20,0.8461368799488299,0.718,0.5579937304075235,0.05771589351417644,0.04288945597958471,0.030253025302530268,0.08923401704458911,0.03652416874336162,0.49800000000000005,0.6119999999999999,0.030669767490235488
FairAA_Adv,10.0,20,0.840203798054655,0.634,0.5590361445783133,0.05656157564389297,0.045064377682403456,0.02970297029702973,0.0886539139279312,0.011623390902674613,0.5,0.645,0.013352093226187309
FairAA_Adv,30.0,20,0.8354176316195769,0.638,0.559610705596107,0.026549311016521138,0.08003711866372809,0.03960396039603964,0.08809130418223887,0.006322251222255382,0.5,0.7379999999999999,0.004778021502369949
FairAA_Adv,100.0,20,0.2096759963828051,0.746,0.0,0.0059158790852030865,0.012237559447859876,0.0,0.08769415203327557,0.005755939903699714,0.5,0.758,0.0015256634220322583
FairPCA_AA,0.0,20,0.7585301837270341,0.67,0.48598130841121495,0.10764014140393907,0.2095709570957096,0.2095709570957096,0.07686215601185031,0.026704532864738062,0.5,0.657,0.015589318855967593
FairPCA_AA,0.03,20,0.7586625201261606,0.67,0.48598130841121495,0.10764014140393907,0.2095709570957096,0.2095709570957096,0.0698474658213758,0.026584190307553213,0.5,0.6619999999999999,0.01549632549027262
FairPCA_AA,0.1,20,0.7587728004587662,0.67,0.48598130841121495,0.10764014140393907,0.2095709570957096,0.2095709570957096,0.06950775855035018,0.0265644703364063,0.5,0.673,0.015488394728812088
FairPCA_AA,0.3,20,0.7586404640596396,0.67,0.48598130841121495,0.10764014140393907,0.2095709570957096,0.2095709570957096,0.0671201891280977,0.02655177624839622,0.5,0.664,0.015468338879231103
FairPCA_AA,1.0,20,0.7643970974216459,0.69,0.5079365079365079,0.09854988817545629,0.1897689768976898,0.1897689768976898,0.07393896810349787,0.02767475988800372,0.5,0.6299999999999999,0.01804059430109764
FairPCA_AA,3.0,20,0.7768367189395444,0.686,0.5015873015873016,0.08051367145227617,0.16077021227235821,0.1342134213421342,0.0766196840570178,0.018202112616203192,0.5,0.62,0.012739697003558106
FairPCA_AA,10.0,20,0.8035907276296346,0.708,0.525974025974026,0.03834499675348102,0.12205660596218537,0.11441144114411439,0.07915354953816445,0.008105701301325818,0.5,0.601,0.0022021854330425677
FairPCA_AA,30.0,20,0.8147180131895277,0.724,0.5490196078431373,0.035314912343986704,0.13246723117967754,0.08470847084708477,0.07772833159101245,0.011046524960366289,0.5,0.579,0.007730202691015975
FairPCA_AA,100.0,20,0.8209598800149981,0.718,0.5466237942122186,0.029362960825337292,0.1263484514557476,0.07480748074807486,0.07612610311654477,0.014147805312922923,0.5,0.6300000000000001,0.012970229351840034
Raw,,21,0.8978583559408015,0.82,0.6959459459459459,0.3766322776134478,0.2623535552720102,0.23432343234323438,,,,,
AA,,21,0.8440415536293258,0.756,0.6089743589743589,0.29828295216795325,0.22057205720572048,0.22057205720572048,0.14171119757013562,0.2710025515486344,0.518,0.651,0.07764054737424879
FairAA,0.0,21,0.8441297778954102,0.756,0.6089743589743589,0.29828295216795325,0.22057205720572048,0.22057205720572048,0.14171397265387142,0.27097876169458224,0.518,0.6529999999999999,0.07763993958083482
FairAA,0.03,21,0.8443613665938816,0.758,0.6109324758842444,0.30430704855349544,0.22057205720572048,0.22057205720572048,0.14172292369331663,0.2619432556276764,0.518,0.671,0.0761819182690963
FairAA,0.1,21,0.8432916473676084,0.756,0.6089743589743589,0.2802467354447731,0.22057205720572048,0.22057205720572048,0.14168362495479137,0.23234708120886072,0.515,0.6849999999999999,0.07055325514367554
FairAA,0.3,21,0.8340060433622268,0.74,0.5886075949367089,0.18400548300988384,0.1353135313531354,0.1353135313531354,0.14116285977026843,0.10666254802233432,0.5,0.653,0.04320527776357086
FairAA,1.0,21,0.8134277332980436,0.712,0.5471698113207547,0.027667556453358333,0.06069481498666046,0.05500550055005504,0.14001412292944748,0.034004246494951595,0.5,0.641,0.008364209906406909
FairAA,3.0,21,0.8114978274774477,0.698,0.5353846153846153,0.005483009883846757,0.09694351003363877,0.05500550055005504,0.13968642907495432,0.03374559985051062,0.5,0.639,0.002391069810959014
FairAA,10.0,21,0.7800017644853217,0.734,0.5163636363636364,0.034196666907149564,0.11386138613861385,0.11386138613861385,-1.6923942902202218,0.08576261786322714,0.5269999999999999,0.588,0.05118347019218624
FairAA,30.0,21,0.7800017644853217,0.734,0.5163636363636364,0.034196666907149564,0.11386138613861385,0.11386138613861385,-1.6923942902202218,0.08576261786322714,0.5269999999999999,0.588,0.05118347019218624
FairAA,100.0,21,0.7800017644853217,0.734,0.5163636363636364,0.034196666907149564,0.11386138613861385,0.11386138613861385,-1.6923942902202218,0.08576261786322714,0.5269999999999999,0.588,0.05118347019218624
FairAA_3Moment,0.0,21,0.8441297778954102,0.756,0.6089743589743589,0.29828295216795325,0.22057205720572048,0.22057205720572048,0.1417139751841564,0.27098548765395414,0.518,0.651,0.07764239241626456
FairAA_3Moment,0.03,21,0.8285140827984738,0.73,0.5820433436532507,0.11478248322631845,0.07975797579757982,0.07975797579757982,0.1407033769386702,0.05097674649920125,0.5,0.648,0.030557222652989473
FairAA_3Moment,0.1,21,0.8115639956770111,0.77,0.5936395759717314,0.07618497943871294,0.021256234775548083,0.01925192519251928,0.13976485048368703,0.010218774166085964,0.5,0.633,0.013128940796646602
FairAA_3Moment,0.3,21,0.8144423123580141,0.702,0.5498489425981873,0.012481061972440644,0.0883598190465143,0.015401540154015403,0.13923450643773982,0.001886244128851411,0.5,0.619,0.005597795296300575
FairAA_3Moment,1.0,21,0.8126778270363263,0.7,0.5508982035928144,0.012444989538994256,0.09082473030970889,0.005500550055005493,0.1389692195946245,0.0006146054089967157,0.5,0.5959999999999999,0.0025479402899704897
FairAA_3Moment,3.0,21,0.8180815633339951,0.754,0.5802047781569966,0.020128417863069015,0.12626145458763482,0.07480748074807486,0.13829268048813192,0.0022356168814416932,0.5,0.773,0.0017614877116936694
FairAA_3Moment,10.0,21,0.8113544630450605,0.764,0.562962962962963,0.20860688262030155,0.1633663366336634,0.1633663366336634,-1.8159809107668097,0.06425943897965958,0.48599999999999993,0.5770000000000001,0.03985552058869955
FairAA_3Moment,30.0,21,0.8113544630450605,0.764,0.562962962962963,0.20860688262030155,0.1633663366336634,0.1633663366336634,-1.8159809107668097,0.06425943897965958,0.48599999999999993,0.5770000000000001,0.03985552058869955
FairAA_3Moment,100.0,21,0.8113544630450605,0.764,0.562962962962963,0.20860688262030155,0.1633663366336634,0.1633663366336634,-1.8159809107668097,0.06425943897965958,0.48599999999999993,0.5770000000000001,0.03985552058869955
FairAA_Adv,0.0,21,0.8441297778954102,0.756,0.6089743589743589,0.29828295216795325,0.22057205720572048,0.22057205720572048,0.14171397265387142,0.27097876169458224,0.518,0.6529999999999999,0.07763993958083482
FairAA_Adv,0.03,21,0.8446260393921348,0.756,0.6089743589743589,0.29828295216795325,0.22057205720572048,0.22057205720572048,0.14172460272646392,0.262540384899947,0.516,0.665,0.07648264843802119
FairAA_Adv,0.1,21,0.8445598711925715,0.752,0.6050955414012739,0.28623475939686893,0.22057205720572048,0.22057205720572048,0.14171912080859794,0.25249891799983537,0.516,0.6689999999999999,0.07471956450955182
FairAA_Adv,0.3,21,0.8430380026026159,0.752,0.6050955414012739,0.26819854267368876,0.22057205720572048,0.22057205720572048,0.1416893969554538,0.2266992982374314,0.514,0.6530000000000001,0.06998114868797933
FairAA_Adv,1.0,21,0.8386819294646993,0.748,0.6012658227848101,0.22007791645624417,0.1551155115511551,0.1551155115511551,0.14149831040309868,0.16226041013619652,0.49399999999999994,0.697,0.05696452714764216
FairAA_Adv,3.0,21,0.8341824918943956,0.748,0.5987261146496815,0.16899935069619798,0.07975797579757982,0.07975797579757982,0.1409271597392041,0.08771093233440608,0.5,0.74,0.0369346582251318
FairAA_Adv,10.0,21,0.8275877280045878,0.794,0.5164319248826291,0.11009306687829161,0.04584734949541816,0.02090209020902095,0.1399486776564529,0.04364862047762308,0.5,0.808,0.016150387246386847
FairAA_Adv,30.0,21,0.8143761441584508,0.788,0.5619834710743802,0.07968400548300986,0.04675467546754686,0.04675467546754686,0.13931543523489842,0.03431139623288404,0.5,0.849,0.006136002572677425
FairAA_Adv,100.0,21,0.8175522177374888,0.762,0.032520325203252036,0.006060168818988529,0.019801980198019802,0.019801980198019802,0.13899210526631278,0.03373387838007935,0.5,0.865,0.001946803754172462
FairPCA_AA,0.0,21,0.8014733452436094,0.74,0.5695364238410596,0.08798066517567277,0.00353787263658506,0.0005500550055005382,0.1075195207773747,0.05274757677014774,0.501,0.692,0.03153828178446534
FairPCA_AA,0.03,21,0.8018924105075101,0.74,0.5695364238410596,0.08798066517567277,0.00353787263658506,0.0005500550055005382,0.10093813597677448,0.05269973741854184,0.501,0.6970000000000001,0.03145978094547385
FairPCA_AA,0.1,21,0.8014733452436094,0.74,0.5695364238410596,0.08798066517567277,0.00353787263658506,0.0005500550055005382,0.1009152978936444,0.05272458585658246,0.501,0.6849999999999999,0.03149605894509415
FairPCA_AA,0.3,21,0.8019585787070734,0.738,0.5647840531561462,0.08498665319962484,0.009350935093509372,0.009350935093509372,0.10077270730851196,0.05269997115304803,0.501,0.6960000000000001,0.03145780531892745
FairPCA_AA,1.0,21,0.8020468029731578,0.738,0.5647840531561462,0.08498665319962484,0.009350935093509372,0.009350935093509372,0.10100211565000661,0.053038315442246686,0.501,0.6689999999999999,0.0314095606277877
FairPCA_AA,3.0,21,0.803601755662895,0.736,0.5686274509803921,0.10897482144145443,0.020386266094420624,0.010451045104510448,0.07371276703175578,0.04257265458513315,0.5,0.6460000000000001,0.029029605544001767
FairPCA_AA,10.0,21,0.8115750237102716,0.742,0.5742574257425742,0.12704711059808094,0.04065653636469088,0.010451045104510448,0.1314413867794666,0.05743299399064494,0.5,0.636,0.03514887214139165
FairPCA_AA,30.0,21,0.8153686671519002,0.746,0.5780730897009967,0.14811341173075532,0.06521865212852337,0.010451045104510448,0.13310193287870875,0.06726300332178714,0.5,0.652,0.03843435747222125
FairPCA_AA,100.0,21,0.8167361432762081,0.746,0.5780730897009967,0.14811341173075532,0.06521865212852337,0.010451045104510448,0.13380837489680697,0.07110921415177152,0.5,0.6449999999999999,0.03960883563234366
Raw,,22,0.9141357330333708,0.808,0.6862745098039216,0.3163913137580261,0.20829950121795615,0.12321232123212322,,,,,
AA,,22,0.8687222920664329,0.742,0.6055045871559633,0.30712069836231154,0.21369330704094655,0.19471947194719474,0.09614211730625366,0.23934429498212928,0.5760000000000001,0.654,0.08959969526356976
FairAA,0.0,22,0.8686561238668695,0.74,0.6036585365853658,0.3101147103383594,0.21798515253450876,0.19471947194719474,0.09603849673655585,0.23964823862018658,0.5760000000000001,0.6539999999999999,0.08965995932779301
FairAA,0.03,22,0.869229581596418,0.742,0.6102719033232629,0.31909674626650314,0.23332560027838997,0.14906490649064907,0.1282286321670234,0.23651935725134887,0.5670000000000001,0.627,0.09004428516026504
FairAA,0.1,22,0.8679723858047156,0.736,0.6,0.2980665175672751,0.21552024127131425,0.12926292629262925,0.1282320818838545,0.21387738852163152,0.569,0.6359999999999999,0.08510942160427243
FairAA,0.3,22,0.8618628553783718,0.724,0.5868263473053892,0.2288795902171561,0.1375420484862545,0.11936193619361934,0.1277143144960241,0.10995702871891033,0.55,0.6369999999999999,0.05784426718241936
FairAA,1.0,22,0.8447694038245219,0.712,0.5739644970414202,0.06951157925113632,0.08690869086908681,0.08690869086908681,0.12527080901441145,0.0177463823021885,0.5,0.65,0.01351673066217825
FairAA,3.0,22,0.8376673504047288,0.676,0.5597826086956522,0.033078421470312425,0.06945249971001044,0.027502750275027465,0.12442030954968819,0.013192389558468354,0.5,0.665,0.002909244409006793
FairAA,10.0,22,0.8036789518957189,0.744,0.6,0.29518072289156627,0.2304730473047304,0.2304730473047304,-0.9108845718499912,0.1815594272130967,0.5999999999999999,0.6140000000000001,0.0890035467909637
FairAA,30.0,22,0.8036789518957189,0.744,0.6,0.29518072289156627,0.2304730473047304,0.2304730473047304,-0.9108845718499912,0.1815594272130967,0.5999999999999999,0.6140000000000001,0.0890035467909637
FairAA,100.0,22,0.8036789518957189,0.744,0.6,0.29518072289156627,0.2304730473047304,0.2304730473047304,-0.9108845718499912,0.1815594272130967,0.5999999999999999,0.6140000000000001,0.0890035467909637
FairAA_3Moment,0.0,22,0.8686561238668695,0.74,0.6036585365853658,0.3101147103383594,0.21798515253450876,0.19471947194719474,0.09603849895721861,0.2396482186278598,0.5760000000000001,0.6539999999999999,0.08965996342817052
FairAA_3Moment,0.03,22,0.854143232095988,0.73,0.5921450151057401,0.1657889041194719,0.08047210300429186,0.011551155115511635,0.12741108938669066,0.06139127584344228,0.529,0.62,0.04183719113307706
FairAA_3Moment,0.1,22,0.8445929552923531,0.71,0.5722713864306784,0.0725055912271842,0.08690869086908681,0.08690869086908681,0.12627946097700904,0.025660435959646066,0.5,0.642,0.02182286983624824
FairAA_3Moment,0.3,22,0.8389245461964313,0.704,0.5647058823529412,0.03942716975687177,0.09680968096809672,0.09680968096809672,0.12524632754941445,0.009894365902074154,0.5,0.676,0.009656686590532159
FairAA_3Moment,1.0,22,0.8375570700721234,0.696,0.5581395348837209,0.02434889257629319,0.09680968096809672,0.09680968096809672,0.12471284795008264,0.0059458838554562465,0.5,0.631,0.00432389595311228
FairAA_3Moment,3.0,22,0.8396523963916276,0.718,0.5661538461538461,0.021571315200923424,0.13641364136413636,0.13641364136413636,0.12429106341324792,0.005013732150010108,0.5,0.585,0.0024792752588995762
FairAA_3Moment,10.0,22,0.8393105273605505,0.774,0.6143344709897611,0.22336050789986292,0.1395429764528477,0.04015401540154018,-1.1439301998961802,0.11014107908438531,0.545,0.5810000000000001,0.06863678488339328
FairAA_3Moment,30.0,22,0.8393105273605505,0.774,0.6143344709897611,0.22336050789986292,0.1395429764528477,0.04015401540154018,-1.1439301998961802,0.11014107908438531,0.545,0.5810000000000001,0.06863678488339328
FairAA_3Moment,100.0,22,0.8393105273605505,0.774,0.6143344709897611,0.22336050789986292,0.1395429764528477,0.04015401540154018,-1.1439301998961802,0.11014107908438531,0.545,0.5810000000000001,0.06863678488339328
FairAA_Adv,0.0,22,0.8686561238668695,0.74,0.6036585365853658,0.3101147103383594,0.21798515253450876,0.19471947194719474,0.09603849673655585,0.23964823862018658,0.5760000000000001,0.6539999999999999,0.08965995932779301
FairAA_Adv,0.03,22,0.8692295815964182,0.744,0.6121212121212121,0.31610273429045527,0.22903375478482776,0.14906490649064907,0.12819400378271095,0.23458631821380826,0.5670000000000001,0.6200000000000001,0.0896802353630403
FairAA_Adv,0.1,22,0.8689207966651228,0.744,0.6121212121212121,0.31610273429045527,0.22903375478482776,0.14906490649064907,0.12820095199260306,0.2251599814659343,0.5650000000000001,0.632,0.0877360001274248
FairAA_Adv,0.3,22,0.8678179933390678,0.74,0.6060606060606061,0.3070846259288651,0.22227699802807102,0.13916391639163916,0.1281730340405588,0.20097610323152593,0.5589999999999999,0.624,0.08257346834275717
FairAA_Adv,1.0,22,0.864619863693509,0.734,0.5981873111782477,0.2649880960969627,0.1756176777636005,0.12926292629262925,0.12794622485888085,0.1416002377841148,0.547,0.643,0.06826998218445732
FairAA_Adv,3.0,22,0.8574957542071947,0.734,0.5907692307692308,0.1838972657095448,0.09645052778099986,0.034103410341034146,0.12713092102641255,0.06923581484623742,0.507,0.597,0.044889800496919305
FairAA_Adv,10.0,22,0.8476366924722645,0.81,0.6153846153846154,0.06759974027847915,0.09845984598459845,0.09845984598459845,0.12571054852738706,0.02513471645702492,0.5,0.797,0.019380691006990296
FairAA_Adv,30.0,22,0.5963519265974105,0.616,0.13513513513513514,0.09743164273861912,0.08635889107992112,0.04785478547854785,0.12476048202262813,0.014951906166141171,0.5,0.8949999999999999,0.007050672206541646
FairAA_Adv,100.0,22,0.46443459273473175,0.73,0.0425531914893617,0.006276603419666696,0.0297029702970297,0.0297029702970297,0.12424224945827467,0.01291335297274343,0.5,0.9269999999999999,0.0021854977915112023
FairPCA_AA,0.0,22,0.8287125873971637,0.738,0.5787781350482315,0.02034485246374723,0.12571047442292074,0.0907590759075908,0.12671357159275565,0.020970702396255647,0.5,0.583,0.010406439925343656
FairPCA_AA,0.03,22,0.8286905313306425,0.74,0.5806451612903226,0.023338864439795104,0.13000231991648298,0.0907590759075908,0.12506198686083025,0.020977534115233065,0.5,0.581,0.010411713143275448
FairPCA_AA,0.1,22,0.8287566995302058,0.738,0.5787781350482315,0.02034485246374723,0.12571047442292074,0.0907590759075908,0.12398628582975246,0.02095868833472181,0.5,0.58,0.0103974613614018
FairPCA_AA,0.3,22,0.8286905313306425,0.74,0.5806451612903226,0.023338864439795104,0.13000231991648298,0.0907590759075908,0.09969469310396295,0.020966257503494234,0.5,0.5820000000000001,0.01041660604816966
FairPCA_AA,1.0,22,0.8291316526610645,0.74,0.5806451612903226,0.023338864439795104,0.13000231991648298,0.0907590759075908,0.12465018190773502,0.02053622948443512,0.5,0.596,0.010791963352045676
FairPCA_AA,3.0,22,0.8344912768256908,0.704,0.5595238095238095,0.02745112185268017,0.06872752580907088,0.051155115511551164,0.10661032970798268,0.011717882429714721,0.5,0.607,0.01651066243005602
FairPCA_AA,10.0,22,0.8508127660513024,0.754,0.6070287539936102,0.09386047182742946,0.041254125412541254,0.041254125412541254,0.1174134654401936,0.035717372950750614,0.5,0.579,0.035418558108318884
FairPCA_AA,30.0,22,0.8558636052846336,0.756,0.6089743589743589,0.10890267657456171,0.041254125412541254,0.041254125412541254,0.12596917101948646,0.04336276364464198,0.5,0.5710000000000001,0.03963844693982038
FairPCA_AA,100.0,22,0.8588191181984605,0.76,0.6153846153846154,0.11792078493615182,0.031353135313531344,0.031353135313531344,0.12630198834647255,0.05178876678468547,0.5,0.584,0.04383119331394303
Raw,,23,0.8966452722821412,0.814,0.6736842105263158,0.28057138734579035,0.18994316204616632,0.034103410341034146,,,,,
AA,,23,0.8607931361520986,0.762,0.6148867313915858,0.21715604934708896,0.14255886788075628,0.041254125412541254,0.07900911663364896,0.11436424251697686,0.562,0.587,0.06932099912292003
FairAA,0.0,23,0.8607931361520986,0.762,0.6148867313915858,0.21715604934708896,0.14255886788075628,0.041254125412541254,0.07900911663365129,0.11436423778063931,0.562,0.587,0.06932099849280948
FairAA,0.03,23,0.8607269679525353,0.76,0.6129032258064516,0.2111319529615468,0.13580211112399954,0.041254125412541254,0.07901165770354879,0.11290229877032643,0.5599999999999999,0.579,0.06884548112843018
FairAA,0.1,23,0.8597785570921282,0.758,0.6134185303514377,0.17502344708174017,0.10019139310984804,0.09680968096809672,0.07902639552461843,0.10010206581823522,0.549,0.583,0.06468148533461242
FairAA,0.3,23,0.855632016586162,0.764,0.6193548387096774,0.10291465262246591,0.09680968096809672,0.09680968096809672,0.07867141319133553,0.05128912060126378,0.5,0.5770000000000001,0.04542415403324534
FairAA,1.0,23,0.842012395509385,0.736,0.5900621118012422,0.012589279272779752,0.10671067106710663,0.10671067106710663,0.07702612141036325,0.007133377595652246,0.5,0.5970000000000001,0.011917279405638356
FairAA,3.0,23,0.8378658550034188,0.696,0.5632183908045977,0.03581992641223575,0.1424642464246424,0.1424642464246424,0.0763558053915131,0.005497288039352566,0.5,0.584,0.0025221892119700884
FairAA,10.0,23,0.7994000749906262,0.724,0.5106382978723404,0.1272996176322055,0.1380638063806381,0.1380638063806381,-0.29008466093169605,0.0573473229213004,0.538,0.6,0.061254296497184946
FairAA,30.0,23,0.7994000749906262,0.724,0.5106382978723404,0.1272996176322055,0.1380638063806381,0.1380638063806381,-0.29008466093169605,0.0573473229213004,0.538,0.6,0.061254296497184946
FairAA,100.0,23,0.7994000749906262,0.724,0.5106382978723404,0.1272996176322055,0.1380638063806381,0.1380638063806381,-0.29008466093169605,0.0573473229213004,0.538,0.6,0.061254296497184946
FairAA_3Moment,0.0,23,0.8607931361520986,0.762,0.6148867313915858,0.21715604934708896,0.14255886788075628,0.041254125412541254,0.07900911830593194,0.11436422158906012,0.562,0.587,0.06932099854059957
FairAA_3Moment,0.03,23,0.8537351948653478,0.764,0.6193548387096774,0.09389654426087585,0.09680968096809672,0.09680968096809672,0.07843340866247672,0.03760601506954653,0.5,0.603,0.037749391515208036
FairAA_3Moment,0.1,23,0.8460707117492666,0.768,0.618421052631579,0.04887814731981821,0.11661166116611654,0.11661166116611654,0.07762319812304586,0.013029645469110118,0.5,0.607,0.019739813761296916
FairAA_3Moment,0.3,23,0.840887536116809,0.754,0.6045016077170418,0.006709472621023005,0.11661166116611654,0.11661166116611654,0.07699539963414137,0.005063319577857994,0.5,0.587,0.009074991311624946
FairAA_3Moment,1.0,23,0.8387480976642626,0.754,0.6070287539936102,0.005338720150061316,0.17216721672167212,0.17216721672167212,0.0766608351780016,0.0035292676317409954,0.5,0.5800000000000001,0.003964937047718738
FairAA_3Moment,3.0,23,0.8319989413088069,0.758,0.6084142394822006,0.008296659692662911,0.11831574063333722,0.11661166116611654,0.07633886232517995,0.0031643352783793377,0.5,0.642,0.0017742099886744998
FairAA_3Moment,10.0,23,0.8515957564128013,0.774,0.6116838487972509,0.10915518360868626,0.10066006600660071,0.10066006600660071,-0.29524783936370236,0.05937138575327927,0.5429999999999999,0.528,0.05120912611578854
FairAA_3Moment,30.0,23,0.8515957564128013,0.774,0.6116838487972509,0.10915518360868626,0.10066006600660071,0.10066006600660071,-0.29524783936370236,0.05937138575327927,0.5429999999999999,0.528,0.05120912611578854
FairAA_3Moment,100.0,23,0.8515957564128013,0.774,0.6116838487972509,0.10915518360868626,0.10066006600660071,0.10066006600660071,-0.29524783936370236,0.05937138575327927,0.5429999999999999,0.528,0.05120912611578854
FairAA_Adv,0.0,23,0.8607931361520986,0.762,0.6148867313915858,0.21715604934708896,0.14255886788075628,0.041254125412541254,0.07900911663365129,0.11436423778063931,0.562,0.587,0.06932099849280948
FairAA_Adv,0.03,23,0.8605284633538455,0.76,0.6129032258064516,0.2111319529615468,0.13580211112399954,0.041254125412541254,0.07900342147663675,0.11183790633345747,0.556,0.576,0.0685066928990807
FairAA_Adv,0.1,23,0.8601535102229868,0.758,0.6109324758842444,0.20510785657600464,0.12904535436724276,0.041254125412541254,0.0790059872155694,0.10685283841767901,0.5530000000000002,0.5850000000000001,0.06690974447952244
FairAA_Adv,0.3,23,0.8593374357617062,0.756,0.6114649681528662,0.16899935069619798,0.09680968096809672,0.09680968096809672,0.07897862415985968,0.09435156418536594,0.5450000000000002,0.5710000000000001,0.06271306528970519
FairAA_Adv,1.0,23,0.8567899600785196,0.75,0.6056782334384858,0.13289084481639135,0.09680968096809672,0.09680968096809672,0.0788174637846063,0.06533229006152075,0.505,0.588,0.051488242259046066
FairAA_Adv,3.0,23,0.850945102450429,0.762,0.6148867313915858,0.0728663155616478,0.10671067106710663,0.10671067106710663,0.07829931494213238,0.031461054957674595,0.5,0.605,0.03390062818455262
FairAA_Adv,10.0,23,0.8358587529499988,0.688,0.5517241379310345,0.03632494048048479,0.09680968096809672,0.09680968096809672,0.07731956496916781,0.010368151123213543,0.5,0.58,0.015032219666538954
FairAA_Adv,30.0,23,0.8324841747722711,0.744,0.5923566878980892,0.029399033258783625,0.19196919691969194,0.19196919691969194,0.07668267486263503,0.005155739831117723,0.5,0.569,0.005620787588206089
FairAA_Adv,100.0,23,0.7395619665188911,0.538,0.46403712296983757,0.7627876776567347,0.7662394153810463,0.5973597359735974,-0.25303111854423177,2.0613629563473013,0.944,0.974,0.17755947702529412
FairPCA_AA,0.0,23,0.8276097840711086,0.762,0.6098360655737705,0.002236490873674335,0.19196919691969194,0.19196919691969194,0.06961145894255805,0.02270242041209458,0.499,0.5730000000000001,0.011927115787631776
FairPCA_AA,0.03,23,0.8275656719380665,0.762,0.6098360655737705,0.002236490873674335,0.19196919691969194,0.19196919691969194,0.06677185203778191,0.02270724011475489,0.499,0.575,0.011928672878090227
FairPCA_AA,0.1,23,0.8276097840711086,0.762,0.6098360655737705,0.002236490873674335,0.19196919691969194,0.19196919691969194,0.06630517375651901,0.022706670659712547,0.499,0.575,0.011928262919730339
FairPCA_AA,0.3,23,0.8275656719380665,0.762,0.6098360655737705,0.002236490873674335,0.19196919691969194,0.19196919691969194,0.0541199692922002,0.022672481572631353,0.499,0.577,0.01192729325998525
FairPCA_AA,1.0,23,0.8290654844615011,0.762,0.6098360655737705,0.002236490873674335,0.19196919691969194,0.19196919691969194,0.05690690081615546,0.021480190508614383,0.499,0.557,0.012326368511344872
FairPCA_AA,3.0,23,0.8367409956108427,0.766,0.6213592233009708,0.0367938821152875,0.1622662266226622,0.1622662266226622,0.07246997414272249,0.021474475027269513,0.502,0.573,0.022285709590621077
FairPCA_AA,10.0,23,0.8446811795584376,0.77,0.6254071661237784,0.05786018324796194,0.09680968096809672,0.09680968096809672,0.07489257246046821,0.02903711151292343,0.502,0.5780000000000001,0.03233759730007641
FairPCA_AA,30.0,23,0.8463794966805619,0.752,0.6125,0.0877642305749946,0.0770077007700769,0.0770077007700769,0.07282819628475712,0.0313287510394038,0.502,0.569,0.035718054715291006
FairPCA_AA,100.0,23,0.8479234213370388,0.762,0.6198083067092651,0.09386047182742946,0.08690869086908681,0.08690869086908681,0.07500712008126087,0.035193429734401316,0.502,0.5589999999999999,0.03792483992647559
Raw,,24,0.9063058294183816,0.82,0.6830985915492958,0.3136498088161027,0.3712871287128713,0.3712871287128713,,,,,
AA,,24,0.8670239749443085,0.786,0.6397306397306397,0.20828223071928434,0.1551155115511551,0.1551155115511551,0.0544751780268482,0.1598175200029921,0.5,0.551,0.059538404336278584
FairAA,0.0,24,0.8670460310108294,0.786,0.6397306397306397,0.20828223071928434,0.1551155115511551,0.1551155115511551,0.054473832097761354,0.15980797860992568,0.5,0.55,0.05953677497408716
FairAA,0.03,24,0.8669136946117029,0.784,0.6375838926174496,0.20225813433374218,0.1551155115511551,0.1551155115511551,0.05453031424953969,0.15637497643143172,0.5,0.547,0.058771295627832135
FairAA,0.1,24,0.8660535080173801,0.782,0.632996632996633,0.19926412235769425,0.1452145214521453,0.1452145214521453,0.05455086792560393,0.1385235352924311,0.5,0.527,0.05462832253053061
FairAA,0.3,24,0.8579589316041377,0.772,0.6148648648648649,0.1331433518505158,0.05005500550055009,0.05005500550055009,0.05487115598325021,0.058106904121159486,0.5,0.5559999999999999,0.03224167827318688
FairAA,1.0,24,0.841593330245484,0.748,0.5855263157894737,0.030841930596638034,0.08516993388238023,0.030253025302530268,0.0544401771504498,0.010844111166794401,0.5,0.548,0.006255019473067817
FairAA,3.0,24,0.8404243587198659,0.77,0.5878136200716846,0.02813649808816099,0.0740343347639485,0.03905390539053899,0.05420404652514166,0.013477152515167012,0.5,0.654,0.0018291723134743205
FairAA,10.0,24,0.769006815324555,0.646,0.5449871465295629,0.12300699805208865,0.13311331133113313,0.13311331133113313,-0.692630899561457,0.04324727667856787,0.49800000000000005,0.5120000000000001,0.04305529532891962
FairAA,30.0,24,0.769006815324555,0.646,0.5449871465295629,0.12300699805208865,0.13311331133113313,0.13311331133113313,-0.692630899561457,0.04324727667856787,0.49800000000000005,0.5120000000000001,0.04305529532891962
FairAA,100.0,24,0.769006815324555,0.646,0.5449871465295629,0.12300699805208865,0.13311331133113313,0.13311331133113313,-0.692630899561457,0.04324727667856787,0.49800000000000005,0.5120000000000001,0.04305529532891962
FairAA_3Moment,0.0,24,0.8670460310108294,0.786,0.6397306397306397,0.20828223071928434,0.1551155115511551,0.1551155115511551,0.05447383333193867,0.15980805330736247,0.5,0.55,0.05953678747829179
FairAA_3Moment,0.03,24,0.8569553805774278,0.766,0.6086956521739131,0.10605295433229928,0.05005500550055009,0.05005500550055009,0.054481422228806475,0.04130500649590596,0.5,0.6050000000000001,0.024485085967320012
FairAA_3Moment,0.1,24,0.8448576280906063,0.744,0.5816993464052288,0.02781184618714383,0.08763484514557474,0.030253025302530268,0.05457062785187916,0.011976399449508901,0.5,0.571,0.008939504252598601
FairAA_3Moment,0.3,24,0.8415712741789629,0.744,0.5816993464052288,0.02781184618714383,0.08763484514557474,0.030253025302530268,0.05443534408862205,0.007977308928548532,0.5,0.584,0.0045571975472372935
FairAA_3Moment,1.0,24,0.8406669754515979,0.744,0.5789473684210527,0.021823822235047974,0.09192669063913697,0.020352035203520358,0.05435099655021158,0.0070584190146032455,0.5,0.5900000000000001,0.00256616165702916
FairAA_3Moment,3.0,24,0.8394759478594589,0.752,0.5724137931034483,0.002056128706442506,0.1084560955805591,0.02915291529152919,0.05429206086174765,0.006910292020106734,0.5,0.5980000000000001,0.0015865779006620135
FairAA_3Moment,10.0,24,0.787930920399656,0.628,0.535,0.09281437125748504,0.14301430143014304,0.14301430143014304,-0.6735823140781567,0.03737982953700647,0.5,0.538,0.03957376901634389
FairAA_3Moment,30.0,24,0.787930920399656,0.628,0.535,0.09281437125748504,0.14301430143014304,0.14301430143014304,-0.6735823140781567,0.03737982953700647,0.5,0.538,0.03957376901634389
FairAA_3Moment,100.0,24,0.787930920399656,0.628,0.535,0.09281437125748504,0.14301430143014304,0.14301430143014304,-0.6735823140781567,0.03737982953700647,0.5,0.538,0.03957376901634389
FairAA_Adv,0.0,24,0.8670460310108294,0.786,0.6397306397306397,0.20828223071928434,0.1551155115511551,0.1551155115511551,0.054473832097761354,0.15980797860992568,0.5,0.55,0.05953677497408716
FairAA_Adv,0.03,24,0.8665387414808443,0.784,0.6375838926174496,0.20225813433374218,0.1551155115511551,0.1551155115511551,0.05446885566381998,0.1571897284225845,0.5,0.564,0.05896237849525093
FairAA_Adv,0.1,24,0.866472573281281,0.784,0.6375838926174496,0.20225813433374218,0.1551155115511551,0.1551155115511551,0.054468195144620424,0.15134067003804508,0.5,0.553,0.05761635609491944
FairAA_Adv,0.3,24,0.86625201261607,0.782,0.6354515050167224,0.19623403794820002,0.1551155115511551,0.1551155115511551,0.054481934670088994,0.13633521845029628,0.5,0.525,0.05407304675333293
FairAA_Adv,1.0,24,0.863858929398531,0.776,0.6291390728476821,0.16914364042998342,0.08965896589658973,0.08965896589658973,0.05447946452108987,0.1000857133181362,0.5,0.5199999999999999,0.04453415390676531
FairAA_Adv,3.0,24,0.85961313659322,0.766,0.6188925081433225,0.13000505014068248,0.08965896589658973,0.08965896589658973,0.054487911530563204,0.055711473080238716,0.5,0.532,0.02920587944619512
FairAA_Adv,10.0,24,0.8517611769117096,0.75,0.5901639344262295,0.05187215929586614,0.06307272938174224,0.04015401540154018,0.05442217058085608,0.0264641215660949,0.5,0.6239999999999999,0.012606544543801852
FairAA_Adv,30.0,24,0.16550872317430912,0.196,0.24150943396226415,0.03199624846692162,0.044554455445544594,0.044554455445544594,0.054507111724283575,0.011700927057398114,0.5,0.7460000000000001,0.0035440657989210854
FairAA_Adv,100.0,24,0.16307152782372794,0.282,0.11358024691358025,0.054541519370896796,0.05704094652592506,0.03410341034103409,0.054554539750342856,0.010688598813571537,0.5,0.7550000000000001,0.0010955779455498484
FairPCA_AA,0.0,24,0.8098105383885839,0.736,0.5570469798657718,0.012877858740350634,0.09460946094609457,0.09460946094609457,0.04533776358577224,0.005870736992688141,0.5,0.623,0.0037430509038217383
FairPCA_AA,0.03,24,0.8097443701890206,0.736,0.5570469798657718,0.012877858740350634,0.09460946094609457,0.09460946094609457,0.03714283315948075,0.005871454425845912,0.5,0.616,0.003745570250210681
FairPCA_AA,0.1,24,0.8097443701890206,0.736,0.5570469798657718,0.012877858740350634,0.09460946094609457,0.09460946094609457,0.03648273801609958,0.005871625617892784,0.5,0.609,0.0037510792115990808
FairPCA_AA,0.3,24,0.8097664262555417,0.736,0.5570469798657718,0.012877858740350634,0.09460946094609457,0.09460946094609457,0.03631593500192021,0.00586876178426865,0.5,0.616,0.003743498779032504
FairPCA_AA,1.0,24,0.8109574538476808,0.738,0.5589225589225589,0.009883846764302706,0.09460946094609457,0.09460946094609457,0.03275732192755931,0.00576803246072366,0.5,0.616,0.0033458459767026854
FairPCA_AA,3.0,24,0.8152363307527736,0.736,0.5540540540540541,0.015907943149844894,0.10451045104510448,0.10451045104510448,0.04532144660358728,0.006092520065906992,0.5,0.549,0.0028314331419117163
FairPCA_AA,10.0,24,0.8257129623502945,0.748,0.5743243243243243,0.033944159873025015,0.07480748074807486,0.07480748074807486,0.046043103264644114,0.009505586775482744,0.5,0.524,0.008447084308560195
FairPCA_AA,30.0,24,0.8337854826970158,0.756,0.5850340136054422,0.04599235264410939,0.06490649064906495,0.06490649064906495,0.034088149326510275,0.011598651855369235,0.5,0.541,0.010203595641118588
FairPCA_AA,100.0,24,0.8358587529499988,0.756,0.5850340136054422,0.04599235264410939,0.06490649064906495,0.06490649064906495,0.03353876049819393,0.013307809691680994,0.5,0.522,0.011640187982263166
